[
{
  "model": "home.headersettings",
  "pk": 1,
  "fields": {
    "header_text": "",
    "prp_icon": null
  }
},
{
  "model": "home.footersettings",
  "pk": 1,
  "fields": {
    "footer_text": "",
    "github_url": "",
    "github_icon": null
  }
},
{
  "model": "home.apisettings",
  "pk": 1,
  "fields": {
    "elab_base_url": "",
    "jenkins_base_url": ""
  }
},
{
  "model": "wagtailsearch.indexentry",
  "pk": 2,
  "fields": {
    "content_type": [
      "home",
      "homepage"
    ],
    "object_id": "3",
    "title_norm": 1.25,
    "autocomplete": "'easydmp':1 'home':2",
    "title": "'easydmp':1B 'home':2B",
    "body": ""
  }
},
{
  "model": "wagtailsearch.indexentry",
  "pk": 9,
  "fields": {
    "content_type": [
      "home",
      "switchlabpage"
    ],
    "object_id": "4",
    "title_norm": 1.25,
    "autocomplete": "'laboratory':2 'select':1",
    "title": "'laboratori':2B 'select':1B",
    "body": ""
  }
},
{
  "model": "wagtailsearch.indexentry",
  "pk": 14,
  "fields": {
    "content_type": [
      "home",
      "userdatapage"
    ],
    "object_id": "5",
    "title_norm": 1.25,
    "autocomplete": "'information':2 'user':1",
    "title": "'inform':2B 'user':1B",
    "body": ""
  }
},
{
  "model": "wagtailsearch.indexentry",
  "pk": 23,
  "fields": {
    "content_type": [
      "home",
      "dmppage"
    ],
    "object_id": "6",
    "title_norm": 0.6,
    "autocomplete": "'core':1 'data':2 'management':3 'plan':4",
    "title": "'core':1B 'data':2B 'manag':3B 'plan':4B",
    "body": ""
  }
},
{
  "model": "wagtailsearch.indexentry",
  "pk": 26,
  "fields": {
    "content_type": [
      "home",
      "samplepage"
    ],
    "object_id": "7",
    "title_norm": 1.2,
    "autocomplete": "'add':1 'sample':2",
    "title": "'add':1B 'sampl':2B",
    "body": ""
  }
},
{
  "model": "wagtailsearch.indexentry",
  "pk": 33,
  "fields": {
    "content_type": [
      "home",
      "samplelistpage"
    ],
    "object_id": "8",
    "title_norm": 1.1666666666666667,
    "autocomplete": "'list':2 'sample':1",
    "title": "'list':2B 'sampl':1B",
    "body": ""
  }
},
{
  "model": "wagtailcore.locale",
  "pk": 1,
  "fields": {
    "language_code": "en"
  }
},
{
  "model": "wagtailcore.site",
  "fields": {
    "hostname": "easydmp.localhost",
    "port": 8080,
    "site_name": "easydmp",
    "root_page": 3,
    "is_default_site": true
  }
},
{
  "model": "wagtailcore.collection",
  "pk": 1,
  "fields": {
    "path": "0001",
    "depth": 1,
    "numchild": 0,
    "name": "Root"
  }
},
{
  "model": "wagtailcore.workflowpage",
  "pk": 1,
  "fields": {
    "workflow": 1
  }
},
{
  "model": "wagtailcore.workflowtask",
  "pk": 1,
  "fields": {
    "sort_order": 0,
    "workflow": 1,
    "task": 1
  }
},
{
  "model": "wagtailcore.task",
  "pk": 1,
  "fields": {
    "name": "Moderators approval",
    "content_type": [
      "wagtailcore",
      "groupapprovaltask"
    ],
    "active": true
  }
},
{
  "model": "wagtailcore.workflow",
  "pk": 1,
  "fields": {
    "name": "Moderators approval",
    "active": true
  }
},
{
  "model": "auth.group",
  "fields": {
    "name": "Moderators",
    "laboratory": false,
    "permissions": [
      [
        "access_admin",
        "wagtailadmin",
        "admin"
      ],
      [
        "add_document",
        "wagtaildocs",
        "document"
      ],
      [
        "change_document",
        "wagtaildocs",
        "document"
      ],
      [
        "choose_document",
        "wagtaildocs",
        "document"
      ],
      [
        "delete_document",
        "wagtaildocs",
        "document"
      ],
      [
        "add_image",
        "wagtailimages",
        "image"
      ],
      [
        "change_image",
        "wagtailimages",
        "image"
      ],
      [
        "delete_image",
        "wagtailimages",
        "image"
      ]
    ]
  }
},
{
  "model": "auth.group",
  "fields": {
    "name": "Editors",
    "laboratory": false,
    "permissions": [
      [
        "access_admin",
        "wagtailadmin",
        "admin"
      ],
      [
        "add_document",
        "wagtaildocs",
        "document"
      ],
      [
        "change_document",
        "wagtaildocs",
        "document"
      ],
      [
        "choose_document",
        "wagtaildocs",
        "document"
      ],
      [
        "delete_document",
        "wagtaildocs",
        "document"
      ],
      [
        "add_image",
        "wagtailimages",
        "image"
      ],
      [
        "change_image",
        "wagtailimages",
        "image"
      ],
      [
        "delete_image",
        "wagtailimages",
        "image"
      ]
    ]
  }
},
{
  "model": "auth.group",
  "fields": {
    "name": "LAGE",
    "laboratory": true,
    "permissions": []
  }
},
{
  "model": "auth.group",
  "fields": {
    "name": "LAME",
    "laboratory": true,
    "permissions": []
  }
},
{
  "model": "auth.user",
  "fields": {
    "password": "pbkdf2_sha256$870000$owYE1NygG4O7Rfn0QKi9lY$zmcdWzE/8/WyqnHxKDnEZKccGVy2kSaQZ6na+XrLrJ8=",
    "last_login": "2025-01-17T11:42:09.896Z",
    "is_superuser": true,
    "username": "admin",
    "first_name": "Marco",
    "last_name": "Prenassi",
    "email": "m.prenassi@gmail.com",
    "is_staff": true,
    "is_active": true,
    "date_joined": "2025-01-17T11:36:57.226Z",
    "groups": [
      [
        "LAGE"
      ],
      [
        "LAME"
      ]
    ],
    "user_permissions": []
  }
},
{
  "model": "sessions.session",
  "pk": "0u3587628le04pmp7bhy7na1vu23hrcm",
  "fields": {
    "session_data": ".eJxVjs0OgjAQhN-lZ4NQ2qV608R40WdotrvLj5JiKJyM7y4kHPQ638yXeSuP89T6OcnoO1ZHpdXuNwtIT4kr4AfGZshoiNPYhWytZBtN2X1g6c9b90_QYmqXNdVgDWhXss01c-lAA2htoSZXG4bqEEjIGIfWVZgDVQ4KkyOjLri2YZGOMs1j9C9sZBHul6TH4JP0QpOsD2-n60V9vnu4RBY:1tYklT:BAiTbYm-49CXQK_gs14JXncn7LZgbSPpxkLn_cqAk7Y",
    "expire_date": "2025-01-31T11:43:51.446Z"
  }
},
{
  "model": "sessions.session",
  "pk": "attra3yfm68iczqknb3hlyrnttr8xg3n",
  "fields": {
    "session_data": ".eJxVjEEOwiAQRe_C2hBKYYpduvcMZJgBixowpU00xrtrExe6_e_99xQe12Xya4uzzyxGocXudwtIl1g2wGcspyqplmXOQW6K_NImj5Xj9fB1_wITtunzpgTWgHY9W6WZewcaQGsLiVwyDMM-UCRjHFo3oAIaHHRGIaPuONmwRVtsLdfi4_2W54cY1esNaW0-vA:1tYkeu:t4yuTaOSS2l2rAQQgCuzVkjgZ14oK8wAJ45g49o15xM",
    "expire_date": "2025-01-31T11:37:04.517Z"
  }
},
{
  "model": "wagtailcore.pagesubscription",
  "pk": 1,
  "fields": {
    "user": [
      "admin"
    ],
    "page": 3,
    "comment_notifications": true
  }
},
{
  "model": "wagtailcore.pagesubscription",
  "pk": 2,
  "fields": {
    "user": [
      "admin"
    ],
    "page": 4,
    "comment_notifications": true
  }
},
{
  "model": "wagtailcore.pagesubscription",
  "pk": 3,
  "fields": {
    "user": [
      "admin"
    ],
    "page": 5,
    "comment_notifications": true
  }
},
{
  "model": "wagtailcore.pagesubscription",
  "pk": 4,
  "fields": {
    "user": [
      "admin"
    ],
    "page": 6,
    "comment_notifications": true
  }
},
{
  "model": "wagtailcore.pagesubscription",
  "pk": 5,
  "fields": {
    "user": [
      "admin"
    ],
    "page": 7,
    "comment_notifications": true
  }
},
{
  "model": "wagtailcore.pagesubscription",
  "pk": 6,
  "fields": {
    "user": [
      "admin"
    ],
    "page": 8,
    "comment_notifications": true
  }
},
{
  "model": "wagtailcore.pagelogentry",
  "pk": 1,
  "fields": {
    "content_type": [
      "home",
      "homepage"
    ],
    "label": "easydmp home",
    "action": "wagtail.create",
    "data": {},
    "timestamp": "2025-01-17T11:38:27.277Z",
    "uuid": "6eede804-777f-4339-926a-f932bac9a57a",
    "user": [
      "admin"
    ],
    "revision": null,
    "content_changed": true,
    "deleted": false,
    "page": 3
  }
},
{
  "model": "wagtailcore.pagelogentry",
  "pk": 2,
  "fields": {
    "content_type": [
      "home",
      "homepage"
    ],
    "label": "easydmp home",
    "action": "wagtail.edit",
    "data": {},
    "timestamp": "2025-01-17T11:38:27.291Z",
    "uuid": "6eede804-777f-4339-926a-f932bac9a57a",
    "user": [
      "admin"
    ],
    "revision": 1,
    "content_changed": true,
    "deleted": false,
    "page": 3
  }
},
{
  "model": "wagtailcore.pagelogentry",
  "pk": 3,
  "fields": {
    "content_type": [
      "home",
      "homepage"
    ],
    "label": "easydmp home",
    "action": "wagtail.publish",
    "data": {},
    "timestamp": "2025-01-17T11:38:27.314Z",
    "uuid": "6eede804-777f-4339-926a-f932bac9a57a",
    "user": [
      "admin"
    ],
    "revision": 1,
    "content_changed": true,
    "deleted": false,
    "page": 3
  }
},
{
  "model": "wagtailcore.pagelogentry",
  "pk": 4,
  "fields": {
    "content_type": [
      "home",
      "homepage"
    ],
    "label": "easydmp home",
    "action": "wagtail.view_restriction.create",
    "data": {
      "restriction": {
        "type": "login",
        "title": "Private, accessible to any logged-in users"
      }
    },
    "timestamp": "2025-01-17T11:38:32.723Z",
    "uuid": "1e7f8e6a-8001-44be-b110-50e0785d55b8",
    "user": [
      "admin"
    ],
    "revision": null,
    "content_changed": false,
    "deleted": false,
    "page": 3
  }
},
{
  "model": "wagtailcore.pagelogentry",
  "pk": 5,
  "fields": {
    "content_type": [
      "home",
      "homepage"
    ],
    "label": "easydmp home",
    "action": "wagtail.edit",
    "data": {},
    "timestamp": "2025-01-17T11:38:34.806Z",
    "uuid": "94bb0e86-317f-448f-9280-e94bf50d9a71",
    "user": [
      "admin"
    ],
    "revision": 2,
    "content_changed": true,
    "deleted": false,
    "page": 3
  }
},
{
  "model": "wagtailcore.pagelogentry",
  "pk": 6,
  "fields": {
    "content_type": [
      "home",
      "homepage"
    ],
    "label": "easydmp home",
    "action": "wagtail.publish",
    "data": {},
    "timestamp": "2025-01-17T11:38:34.822Z",
    "uuid": "94bb0e86-317f-448f-9280-e94bf50d9a71",
    "user": [
      "admin"
    ],
    "revision": 2,
    "content_changed": false,
    "deleted": false,
    "page": 3
  }
},
{
  "model": "wagtailcore.pagelogentry",
  "pk": 7,
  "fields": {
    "content_type": [
      "home",
      "homepage"
    ],
    "label": "easydmp home",
    "action": "wagtail.view_restriction.delete",
    "data": {
      "restriction": {
        "type": "none",
        "title": "Private, accessible to any logged-in users"
      }
    },
    "timestamp": "2025-01-17T11:38:43.971Z",
    "uuid": "705ba517-9e2d-46d2-a090-6c52e702dd75",
    "user": [
      "admin"
    ],
    "revision": null,
    "content_changed": false,
    "deleted": false,
    "page": 3
  }
},
{
  "model": "wagtailcore.pagelogentry",
  "pk": 8,
  "fields": {
    "content_type": [
      "home",
      "homepage"
    ],
    "label": "easydmp home",
    "action": "wagtail.edit",
    "data": {},
    "timestamp": "2025-01-17T11:38:45.959Z",
    "uuid": "3d1f794e-ab57-4625-8512-d4578b312e00",
    "user": [
      "admin"
    ],
    "revision": 3,
    "content_changed": true,
    "deleted": false,
    "page": 3
  }
},
{
  "model": "wagtailcore.pagelogentry",
  "pk": 9,
  "fields": {
    "content_type": [
      "home",
      "homepage"
    ],
    "label": "easydmp home",
    "action": "wagtail.publish",
    "data": {},
    "timestamp": "2025-01-17T11:38:45.976Z",
    "uuid": "3d1f794e-ab57-4625-8512-d4578b312e00",
    "user": [
      "admin"
    ],
    "revision": 3,
    "content_changed": false,
    "deleted": false,
    "page": 3
  }
},
{
  "model": "wagtailcore.pagelogentry",
  "pk": 10,
  "fields": {
    "content_type": [
      "home",
      "switchlabpage"
    ],
    "label": "Select Laboratory",
    "action": "wagtail.create",
    "data": {},
    "timestamp": "2025-01-17T11:39:48.773Z",
    "uuid": "24b1318d-1e80-45d8-9bfc-6965ab9c8813",
    "user": [
      "admin"
    ],
    "revision": null,
    "content_changed": true,
    "deleted": false,
    "page": 4
  }
},
{
  "model": "wagtailcore.pagelogentry",
  "pk": 11,
  "fields": {
    "content_type": [
      "home",
      "switchlabpage"
    ],
    "label": "Select Laboratory",
    "action": "wagtail.edit",
    "data": {},
    "timestamp": "2025-01-17T11:39:48.785Z",
    "uuid": "24b1318d-1e80-45d8-9bfc-6965ab9c8813",
    "user": [
      "admin"
    ],
    "revision": 4,
    "content_changed": true,
    "deleted": false,
    "page": 4
  }
},
{
  "model": "wagtailcore.pagelogentry",
  "pk": 12,
  "fields": {
    "content_type": [
      "home",
      "switchlabpage"
    ],
    "label": "Select Laboratory",
    "action": "wagtail.publish",
    "data": {},
    "timestamp": "2025-01-17T11:39:48.899Z",
    "uuid": "24b1318d-1e80-45d8-9bfc-6965ab9c8813",
    "user": [
      "admin"
    ],
    "revision": 4,
    "content_changed": true,
    "deleted": false,
    "page": 4
  }
},
{
  "model": "wagtailcore.pagelogentry",
  "pk": 13,
  "fields": {
    "content_type": [
      "home",
      "switchlabpage"
    ],
    "label": "Select Laboratory",
    "action": "wagtail.view_restriction.create",
    "data": {
      "restriction": {
        "type": "login",
        "title": "Private, accessible to any logged-in users"
      }
    },
    "timestamp": "2025-01-17T11:39:57.411Z",
    "uuid": "03c6efd9-9569-48a2-87e6-1cee60ee12d5",
    "user": [
      "admin"
    ],
    "revision": null,
    "content_changed": false,
    "deleted": false,
    "page": 4
  }
},
{
  "model": "wagtailcore.pagelogentry",
  "pk": 14,
  "fields": {
    "content_type": [
      "home",
      "switchlabpage"
    ],
    "label": "Select Laboratory",
    "action": "wagtail.edit",
    "data": {},
    "timestamp": "2025-01-17T11:39:59.968Z",
    "uuid": "056c404a-4484-45dd-9bc1-ce044d1e9c3d",
    "user": [
      "admin"
    ],
    "revision": 5,
    "content_changed": true,
    "deleted": false,
    "page": 4
  }
},
{
  "model": "wagtailcore.pagelogentry",
  "pk": 15,
  "fields": {
    "content_type": [
      "home",
      "switchlabpage"
    ],
    "label": "Select Laboratory",
    "action": "wagtail.publish",
    "data": {},
    "timestamp": "2025-01-17T11:39:59.989Z",
    "uuid": "056c404a-4484-45dd-9bc1-ce044d1e9c3d",
    "user": [
      "admin"
    ],
    "revision": 5,
    "content_changed": false,
    "deleted": false,
    "page": 4
  }
},
{
  "model": "wagtailcore.pagelogentry",
  "pk": 16,
  "fields": {
    "content_type": [
      "home",
      "userdatapage"
    ],
    "label": "User Information",
    "action": "wagtail.create",
    "data": {},
    "timestamp": "2025-01-17T11:40:47.073Z",
    "uuid": "2f4a7f3a-01d9-48f2-8e63-613f700d7c3b",
    "user": [
      "admin"
    ],
    "revision": null,
    "content_changed": true,
    "deleted": false,
    "page": 5
  }
},
{
  "model": "wagtailcore.pagelogentry",
  "pk": 17,
  "fields": {
    "content_type": [
      "home",
      "userdatapage"
    ],
    "label": "User Information",
    "action": "wagtail.edit",
    "data": {},
    "timestamp": "2025-01-17T11:40:47.087Z",
    "uuid": "2f4a7f3a-01d9-48f2-8e63-613f700d7c3b",
    "user": [
      "admin"
    ],
    "revision": 6,
    "content_changed": true,
    "deleted": false,
    "page": 5
  }
},
{
  "model": "wagtailcore.pagelogentry",
  "pk": 18,
  "fields": {
    "content_type": [
      "home",
      "userdatapage"
    ],
    "label": "User Information",
    "action": "wagtail.publish",
    "data": {},
    "timestamp": "2025-01-17T11:40:47.104Z",
    "uuid": "2f4a7f3a-01d9-48f2-8e63-613f700d7c3b",
    "user": [
      "admin"
    ],
    "revision": 6,
    "content_changed": true,
    "deleted": false,
    "page": 5
  }
},
{
  "model": "wagtailcore.pagelogentry",
  "pk": 19,
  "fields": {
    "content_type": [
      "home",
      "userdatapage"
    ],
    "label": "User Information",
    "action": "wagtail.view_restriction.create",
    "data": {
      "restriction": {
        "type": "login",
        "title": "Private, accessible to any logged-in users"
      }
    },
    "timestamp": "2025-01-17T11:40:53.379Z",
    "uuid": "430077f3-5679-4f6b-a1c7-be786ce4679c",
    "user": [
      "admin"
    ],
    "revision": null,
    "content_changed": false,
    "deleted": false,
    "page": 5
  }
},
{
  "model": "wagtailcore.pagelogentry",
  "pk": 20,
  "fields": {
    "content_type": [
      "home",
      "userdatapage"
    ],
    "label": "User Information",
    "action": "wagtail.edit",
    "data": {},
    "timestamp": "2025-01-17T11:40:55.703Z",
    "uuid": "5b92e0d7-b261-4cea-8fd0-4e858adb6617",
    "user": [
      "admin"
    ],
    "revision": 7,
    "content_changed": true,
    "deleted": false,
    "page": 5
  }
},
{
  "model": "wagtailcore.pagelogentry",
  "pk": 21,
  "fields": {
    "content_type": [
      "home",
      "userdatapage"
    ],
    "label": "User Information",
    "action": "wagtail.publish",
    "data": {},
    "timestamp": "2025-01-17T11:40:55.719Z",
    "uuid": "5b92e0d7-b261-4cea-8fd0-4e858adb6617",
    "user": [
      "admin"
    ],
    "revision": 7,
    "content_changed": false,
    "deleted": false,
    "page": 5
  }
},
{
  "model": "wagtailcore.pagelogentry",
  "pk": 22,
  "fields": {
    "content_type": [
      "home",
      "userdatapage"
    ],
    "label": "User Information",
    "action": "wagtail.edit",
    "data": {},
    "timestamp": "2025-01-17T11:42:49.983Z",
    "uuid": "91153ebd-f7f9-4b1a-956b-8effcbfaccb2",
    "user": [
      "admin"
    ],
    "revision": 8,
    "content_changed": true,
    "deleted": false,
    "page": 5
  }
},
{
  "model": "wagtailcore.pagelogentry",
  "pk": 23,
  "fields": {
    "content_type": [
      "home",
      "userdatapage"
    ],
    "label": "User Information",
    "action": "wagtail.publish",
    "data": {},
    "timestamp": "2025-01-17T11:42:50.012Z",
    "uuid": "91153ebd-f7f9-4b1a-956b-8effcbfaccb2",
    "user": [
      "admin"
    ],
    "revision": 8,
    "content_changed": true,
    "deleted": false,
    "page": 5
  }
},
{
  "model": "wagtailcore.pagelogentry",
  "pk": 24,
  "fields": {
    "content_type": [
      "home",
      "switchlabpage"
    ],
    "label": "Select Laboratory",
    "action": "wagtail.edit",
    "data": {},
    "timestamp": "2025-01-17T11:43:09.696Z",
    "uuid": "3e2637a5-4b81-4def-a874-c1fef72dca6a",
    "user": [
      "admin"
    ],
    "revision": 9,
    "content_changed": true,
    "deleted": false,
    "page": 4
  }
},
{
  "model": "wagtailcore.pagelogentry",
  "pk": 25,
  "fields": {
    "content_type": [
      "home",
      "switchlabpage"
    ],
    "label": "Select Laboratory",
    "action": "wagtail.publish",
    "data": {},
    "timestamp": "2025-01-17T11:43:09.722Z",
    "uuid": "3e2637a5-4b81-4def-a874-c1fef72dca6a",
    "user": [
      "admin"
    ],
    "revision": 9,
    "content_changed": true,
    "deleted": false,
    "page": 4
  }
},
{
  "model": "wagtailcore.pagelogentry",
  "pk": 26,
  "fields": {
    "content_type": [
      "home",
      "dmppage"
    ],
    "label": "Core Data Management Plan",
    "action": "wagtail.create",
    "data": {},
    "timestamp": "2025-01-17T11:45:10.252Z",
    "uuid": "3a95c2c6-9d2a-451a-af4e-c3bbd3ed81d4",
    "user": [
      "admin"
    ],
    "revision": null,
    "content_changed": true,
    "deleted": false,
    "page": 6
  }
},
{
  "model": "wagtailcore.pagelogentry",
  "pk": 27,
  "fields": {
    "content_type": [
      "home",
      "dmppage"
    ],
    "label": "Core Data Management Plan",
    "action": "wagtail.edit",
    "data": {},
    "timestamp": "2025-01-17T11:45:10.265Z",
    "uuid": "3a95c2c6-9d2a-451a-af4e-c3bbd3ed81d4",
    "user": [
      "admin"
    ],
    "revision": 10,
    "content_changed": true,
    "deleted": false,
    "page": 6
  }
},
{
  "model": "wagtailcore.pagelogentry",
  "pk": 28,
  "fields": {
    "content_type": [
      "home",
      "dmppage"
    ],
    "label": "Core Data Management Plan",
    "action": "wagtail.publish",
    "data": {},
    "timestamp": "2025-01-17T11:45:10.279Z",
    "uuid": "3a95c2c6-9d2a-451a-af4e-c3bbd3ed81d4",
    "user": [
      "admin"
    ],
    "revision": 10,
    "content_changed": true,
    "deleted": false,
    "page": 6
  }
},
{
  "model": "wagtailcore.pagelogentry",
  "pk": 29,
  "fields": {
    "content_type": [
      "home",
      "samplepage"
    ],
    "label": "Add sample",
    "action": "wagtail.create",
    "data": {},
    "timestamp": "2025-01-17T11:46:10.549Z",
    "uuid": "1f180397-56c0-475c-b768-205b11d22656",
    "user": [
      "admin"
    ],
    "revision": null,
    "content_changed": true,
    "deleted": false,
    "page": 7
  }
},
{
  "model": "wagtailcore.pagelogentry",
  "pk": 30,
  "fields": {
    "content_type": [
      "home",
      "samplepage"
    ],
    "label": "Add sample",
    "action": "wagtail.edit",
    "data": {},
    "timestamp": "2025-01-17T11:46:10.565Z",
    "uuid": "1f180397-56c0-475c-b768-205b11d22656",
    "user": [
      "admin"
    ],
    "revision": 11,
    "content_changed": true,
    "deleted": false,
    "page": 7
  }
},
{
  "model": "wagtailcore.pagelogentry",
  "pk": 31,
  "fields": {
    "content_type": [
      "home",
      "samplepage"
    ],
    "label": "Add sample",
    "action": "wagtail.publish",
    "data": {},
    "timestamp": "2025-01-17T11:46:10.581Z",
    "uuid": "1f180397-56c0-475c-b768-205b11d22656",
    "user": [
      "admin"
    ],
    "revision": 11,
    "content_changed": true,
    "deleted": false,
    "page": 7
  }
},
{
  "model": "wagtailcore.pagelogentry",
  "pk": 32,
  "fields": {
    "content_type": [
      "home",
      "dmppage"
    ],
    "label": "Core Data Management Plan",
    "action": "wagtail.view_restriction.create",
    "data": {
      "restriction": {
        "type": "login",
        "title": "Private, accessible to any logged-in users"
      }
    },
    "timestamp": "2025-01-17T11:46:16.163Z",
    "uuid": "9032eac6-2972-4237-882e-92d35981728a",
    "user": [
      "admin"
    ],
    "revision": null,
    "content_changed": false,
    "deleted": false,
    "page": 6
  }
},
{
  "model": "wagtailcore.pagelogentry",
  "pk": 33,
  "fields": {
    "content_type": [
      "home",
      "dmppage"
    ],
    "label": "Core Data Management Plan",
    "action": "wagtail.edit",
    "data": {},
    "timestamp": "2025-01-17T11:46:18.269Z",
    "uuid": "c1dc4cef-b149-4dce-aaa0-c6c6af16a90b",
    "user": [
      "admin"
    ],
    "revision": 12,
    "content_changed": true,
    "deleted": false,
    "page": 6
  }
},
{
  "model": "wagtailcore.pagelogentry",
  "pk": 34,
  "fields": {
    "content_type": [
      "home",
      "dmppage"
    ],
    "label": "Core Data Management Plan",
    "action": "wagtail.publish",
    "data": {},
    "timestamp": "2025-01-17T11:46:18.284Z",
    "uuid": "c1dc4cef-b149-4dce-aaa0-c6c6af16a90b",
    "user": [
      "admin"
    ],
    "revision": 12,
    "content_changed": false,
    "deleted": false,
    "page": 6
  }
},
{
  "model": "wagtailcore.pagelogentry",
  "pk": 35,
  "fields": {
    "content_type": [
      "home",
      "samplepage"
    ],
    "label": "Add sample",
    "action": "wagtail.view_restriction.create",
    "data": {
      "restriction": {
        "type": "login",
        "title": "Private, accessible to any logged-in users"
      }
    },
    "timestamp": "2025-01-17T11:46:23.867Z",
    "uuid": "c1266073-2ae8-4e76-9bd1-b72fe7df4425",
    "user": [
      "admin"
    ],
    "revision": null,
    "content_changed": false,
    "deleted": false,
    "page": 7
  }
},
{
  "model": "wagtailcore.pagelogentry",
  "pk": 36,
  "fields": {
    "content_type": [
      "home",
      "samplepage"
    ],
    "label": "Add sample",
    "action": "wagtail.edit",
    "data": {},
    "timestamp": "2025-01-17T11:46:25.466Z",
    "uuid": "9e1e6294-3e4f-4a63-8260-29c51d493e0b",
    "user": [
      "admin"
    ],
    "revision": 13,
    "content_changed": true,
    "deleted": false,
    "page": 7
  }
},
{
  "model": "wagtailcore.pagelogentry",
  "pk": 37,
  "fields": {
    "content_type": [
      "home",
      "samplepage"
    ],
    "label": "Add sample",
    "action": "wagtail.publish",
    "data": {},
    "timestamp": "2025-01-17T11:46:25.481Z",
    "uuid": "9e1e6294-3e4f-4a63-8260-29c51d493e0b",
    "user": [
      "admin"
    ],
    "revision": 13,
    "content_changed": false,
    "deleted": false,
    "page": 7
  }
},
{
  "model": "wagtailcore.pagelogentry",
  "pk": 38,
  "fields": {
    "content_type": [
      "home",
      "samplelistpage"
    ],
    "label": "Sample list",
    "action": "wagtail.create",
    "data": {},
    "timestamp": "2025-01-17T11:47:35.949Z",
    "uuid": "7f422389-40ef-4826-a392-a7037b35bf0b",
    "user": [
      "admin"
    ],
    "revision": null,
    "content_changed": true,
    "deleted": false,
    "page": 8
  }
},
{
  "model": "wagtailcore.pagelogentry",
  "pk": 39,
  "fields": {
    "content_type": [
      "home",
      "samplelistpage"
    ],
    "label": "Sample list",
    "action": "wagtail.edit",
    "data": {},
    "timestamp": "2025-01-17T11:47:35.960Z",
    "uuid": "7f422389-40ef-4826-a392-a7037b35bf0b",
    "user": [
      "admin"
    ],
    "revision": 14,
    "content_changed": true,
    "deleted": false,
    "page": 8
  }
},
{
  "model": "wagtailcore.pagelogentry",
  "pk": 40,
  "fields": {
    "content_type": [
      "home",
      "samplelistpage"
    ],
    "label": "Sample list",
    "action": "wagtail.view_restriction.create",
    "data": {
      "restriction": {
        "type": "login",
        "title": "Private, accessible to any logged-in users"
      }
    },
    "timestamp": "2025-01-17T11:47:39.390Z",
    "uuid": "0a74d09b-4cf0-4f9c-a8ca-bc0d38e322e2",
    "user": [
      "admin"
    ],
    "revision": null,
    "content_changed": false,
    "deleted": false,
    "page": 8
  }
},
{
  "model": "wagtailcore.pagelogentry",
  "pk": 41,
  "fields": {
    "content_type": [
      "home",
      "samplelistpage"
    ],
    "label": "Sample list",
    "action": "wagtail.edit",
    "data": {},
    "timestamp": "2025-01-17T11:47:41.928Z",
    "uuid": "5eb2d303-7970-4a0f-aab3-59ee2ad0797c",
    "user": [
      "admin"
    ],
    "revision": 15,
    "content_changed": true,
    "deleted": false,
    "page": 8
  }
},
{
  "model": "wagtailcore.pagelogentry",
  "pk": 42,
  "fields": {
    "content_type": [
      "home",
      "samplelistpage"
    ],
    "label": "Sample list",
    "action": "wagtail.publish",
    "data": {},
    "timestamp": "2025-01-17T11:47:41.947Z",
    "uuid": "5eb2d303-7970-4a0f-aab3-59ee2ad0797c",
    "user": [
      "admin"
    ],
    "revision": 15,
    "content_changed": false,
    "deleted": false,
    "page": 8
  }
},
{
  "model": "wagtailcore.groupapprovaltask",
  "pk": 1,
  "fields": {
    "task_ptr": 1,
    "groups": [
      [
        "Moderators"
      ]
    ]
  }
},
{
  "model": "wagtailcore.pageviewrestriction",
  "pk": 2,
  "fields": {
    "restriction_type": "login",
    "password": "",
    "page": 4,
    "groups": []
  }
},
{
  "model": "wagtailcore.pageviewrestriction",
  "pk": 3,
  "fields": {
    "restriction_type": "login",
    "password": "",
    "page": 5,
    "groups": []
  }
},
{
  "model": "wagtailcore.pageviewrestriction",
  "pk": 4,
  "fields": {
    "restriction_type": "login",
    "password": "",
    "page": 6,
    "groups": []
  }
},
{
  "model": "wagtailcore.pageviewrestriction",
  "pk": 5,
  "fields": {
    "restriction_type": "login",
    "password": "",
    "page": 7,
    "groups": []
  }
},
{
  "model": "wagtailcore.pageviewrestriction",
  "pk": 6,
  "fields": {
    "restriction_type": "login",
    "password": "",
    "page": 8,
    "groups": []
  }
},
{
  "model": "wagtailcore.grouppagepermission",
  "pk": 1,
  "fields": {
    "group": [
      "Moderators"
    ],
    "page": 1,
    "permission": [
      "add_page",
      "wagtailcore",
      "page"
    ]
  }
},
{
  "model": "wagtailcore.grouppagepermission",
  "pk": 2,
  "fields": {
    "group": [
      "Moderators"
    ],
    "page": 1,
    "permission": [
      "change_page",
      "wagtailcore",
      "page"
    ]
  }
},
{
  "model": "wagtailcore.grouppagepermission",
  "pk": 3,
  "fields": {
    "group": [
      "Moderators"
    ],
    "page": 1,
    "permission": [
      "publish_page",
      "wagtailcore",
      "page"
    ]
  }
},
{
  "model": "wagtailcore.grouppagepermission",
  "pk": 4,
  "fields": {
    "group": [
      "Editors"
    ],
    "page": 1,
    "permission": [
      "add_page",
      "wagtailcore",
      "page"
    ]
  }
},
{
  "model": "wagtailcore.grouppagepermission",
  "pk": 5,
  "fields": {
    "group": [
      "Editors"
    ],
    "page": 1,
    "permission": [
      "change_page",
      "wagtailcore",
      "page"
    ]
  }
},
{
  "model": "wagtailcore.grouppagepermission",
  "pk": 6,
  "fields": {
    "group": [
      "Moderators"
    ],
    "page": 1,
    "permission": [
      "lock_page",
      "wagtailcore",
      "page"
    ]
  }
},
{
  "model": "wagtailcore.grouppagepermission",
  "pk": 7,
  "fields": {
    "group": [
      "Moderators"
    ],
    "page": 1,
    "permission": [
      "unlock_page",
      "wagtailcore",
      "page"
    ]
  }
},
{
  "model": "wagtailcore.revision",
  "pk": 1,
  "fields": {
    "content_type": [
      "home",
      "homepage"
    ],
    "base_content_type": [
      "wagtailcore",
      "page"
    ],
    "object_id": "3",
    "created_at": "2025-01-17T11:38:27.285Z",
    "user": [
      "admin"
    ],
    "object_str": "easydmp home",
    "content": {
      "pk": 3,
      "body": "",
      "live": true,
      "path": "00010001",
      "slug": "easydmp-home",
      "depth": 2,
      "intro": "This is the home page of easyDMP",
      "owner": 2,
      "title": "easydmp home",
      "locale": 1,
      "locked": false,
      "expired": false,
      "alias_of": null,
      "numchild": 0,
      "url_path": "/easydmp-home/",
      "expire_at": null,
      "locked_at": null,
      "locked_by": null,
      "seo_title": "",
      "go_live_at": null,
      "draft_title": "easydmp home",
      "content_type": 28,
      "live_revision": null,
      "show_in_menus": false,
      "latest_revision": null,
      "translation_key": "7b91540b-305b-442b-96b2-b92e2c3f48a9",
      "last_published_at": null,
      "first_published_at": null,
      "search_description": "",
      "wagtail_admin_comments": [],
      "has_unpublished_changes": false,
      "latest_revision_created_at": null
    },
    "approved_go_live_at": null
  }
},
{
  "model": "wagtailcore.revision",
  "pk": 2,
  "fields": {
    "content_type": [
      "home",
      "homepage"
    ],
    "base_content_type": [
      "wagtailcore",
      "page"
    ],
    "object_id": "3",
    "created_at": "2025-01-17T11:38:34.792Z",
    "user": [
      "admin"
    ],
    "object_str": "easydmp home",
    "content": {
      "pk": 3,
      "body": "",
      "live": true,
      "path": "00010001",
      "slug": "easydmp-home",
      "depth": 2,
      "intro": "This is the home page of easyDMP",
      "owner": 2,
      "title": "easydmp home",
      "locale": 1,
      "locked": false,
      "expired": false,
      "alias_of": null,
      "numchild": 0,
      "url_path": "/easydmp-home/",
      "expire_at": null,
      "locked_at": null,
      "locked_by": null,
      "seo_title": "",
      "go_live_at": null,
      "draft_title": "easydmp home",
      "content_type": 28,
      "live_revision": 1,
      "show_in_menus": false,
      "latest_revision": 1,
      "translation_key": "7b91540b-305b-442b-96b2-b92e2c3f48a9",
      "last_published_at": "2025-01-17T11:38:27.296Z",
      "first_published_at": "2025-01-17T11:38:27.296Z",
      "search_description": "",
      "wagtail_admin_comments": [],
      "has_unpublished_changes": false,
      "latest_revision_created_at": "2025-01-17T11:38:27.285Z"
    },
    "approved_go_live_at": null
  }
},
{
  "model": "wagtailcore.revision",
  "pk": 3,
  "fields": {
    "content_type": [
      "home",
      "homepage"
    ],
    "base_content_type": [
      "wagtailcore",
      "page"
    ],
    "object_id": "3",
    "created_at": "2025-01-17T11:38:45.946Z",
    "user": [
      "admin"
    ],
    "object_str": "easydmp home",
    "content": {
      "pk": 3,
      "body": "",
      "live": true,
      "path": "00010001",
      "slug": "easydmp-home",
      "depth": 2,
      "intro": "This is the home page of easyDMP",
      "owner": 2,
      "title": "easydmp home",
      "locale": 1,
      "locked": false,
      "expired": false,
      "alias_of": null,
      "numchild": 0,
      "url_path": "/easydmp-home/",
      "expire_at": null,
      "locked_at": null,
      "locked_by": null,
      "seo_title": "",
      "go_live_at": null,
      "draft_title": "easydmp home",
      "content_type": 28,
      "live_revision": 2,
      "show_in_menus": false,
      "latest_revision": 2,
      "translation_key": "7b91540b-305b-442b-96b2-b92e2c3f48a9",
      "last_published_at": "2025-01-17T11:38:34.812Z",
      "first_published_at": "2025-01-17T11:38:27.296Z",
      "search_description": "",
      "wagtail_admin_comments": [],
      "has_unpublished_changes": false,
      "latest_revision_created_at": "2025-01-17T11:38:34.792Z"
    },
    "approved_go_live_at": null
  }
},
{
  "model": "wagtailcore.revision",
  "pk": 4,
  "fields": {
    "content_type": [
      "home",
      "switchlabpage"
    ],
    "base_content_type": [
      "wagtailcore",
      "page"
    ],
    "object_id": "4",
    "created_at": "2025-01-17T11:39:48.780Z",
    "user": [
      "admin"
    ],
    "object_str": "Select Laboratory",
    "content": {
      "pk": 4,
      "live": true,
      "path": "000100010001",
      "slug": "select-laboratory",
      "depth": 3,
      "intro": "<p data-block-key=\"8ziiz\">Select here your laboratory for the session.</p>",
      "owner": 2,
      "title": "Select Laboratory",
      "locale": 1,
      "locked": false,
      "expired": false,
      "alias_of": null,
      "numchild": 0,
      "url_path": "/easydmp-home/select-laboratory/",
      "expire_at": null,
      "locked_at": null,
      "locked_by": null,
      "seo_title": "",
      "go_live_at": null,
      "draft_title": "Select Laboratory",
      "content_type": 37,
      "live_revision": null,
      "show_in_menus": false,
      "latest_revision": null,
      "translation_key": "bdf19d1e-c800-44c7-8174-3dbcf8f36678",
      "last_published_at": null,
      "first_published_at": null,
      "search_description": "",
      "wagtail_admin_comments": [],
      "has_unpublished_changes": false,
      "latest_revision_created_at": null
    },
    "approved_go_live_at": null
  }
},
{
  "model": "wagtailcore.revision",
  "pk": 5,
  "fields": {
    "content_type": [
      "home",
      "switchlabpage"
    ],
    "base_content_type": [
      "wagtailcore",
      "page"
    ],
    "object_id": "4",
    "created_at": "2025-01-17T11:39:59.954Z",
    "user": [
      "admin"
    ],
    "object_str": "Select Laboratory",
    "content": {
      "pk": 4,
      "live": true,
      "path": "000100010001",
      "slug": "select-laboratory",
      "depth": 3,
      "intro": "<p data-block-key=\"8ziiz\">Select here your laboratory for the session.</p>",
      "owner": 2,
      "title": "Select Laboratory",
      "locale": 1,
      "locked": false,
      "expired": false,
      "alias_of": null,
      "numchild": 0,
      "url_path": "/easydmp-home/select-laboratory/",
      "expire_at": null,
      "locked_at": null,
      "locked_by": null,
      "seo_title": "",
      "go_live_at": null,
      "draft_title": "Select Laboratory",
      "content_type": 37,
      "live_revision": 4,
      "show_in_menus": false,
      "latest_revision": 4,
      "translation_key": "bdf19d1e-c800-44c7-8174-3dbcf8f36678",
      "last_published_at": "2025-01-17T11:39:48.791Z",
      "first_published_at": "2025-01-17T11:39:48.791Z",
      "search_description": "",
      "wagtail_admin_comments": [],
      "has_unpublished_changes": false,
      "latest_revision_created_at": "2025-01-17T11:39:48.780Z"
    },
    "approved_go_live_at": null
  }
},
{
  "model": "wagtailcore.revision",
  "pk": 6,
  "fields": {
    "content_type": [
      "home",
      "userdatapage"
    ],
    "base_content_type": [
      "wagtailcore",
      "page"
    ],
    "object_id": "5",
    "created_at": "2025-01-17T11:40:47.080Z",
    "user": [
      "admin"
    ],
    "object_str": "User Information",
    "content": {
      "pk": 5,
      "live": true,
      "path": "000100010002",
      "slug": "user-information",
      "depth": 3,
      "intro": "<p data-block-key=\"0jfv1\">Edit the user information here and add api tokens</p>",
      "owner": 2,
      "title": "User Information",
      "locale": 1,
      "locked": false,
      "expired": false,
      "alias_of": null,
      "numchild": 0,
      "url_path": "/easydmp-home/user-information/",
      "expire_at": null,
      "locked_at": null,
      "locked_by": null,
      "seo_title": "",
      "go_live_at": null,
      "draft_title": "User Information",
      "content_type": 38,
      "live_revision": null,
      "show_in_menus": false,
      "latest_revision": null,
      "translation_key": "2a01456b-5467-421c-927e-66724e6b6887",
      "last_published_at": null,
      "first_published_at": null,
      "search_description": "",
      "thankyou_page_title": "Thank you!",
      "wagtail_admin_comments": [],
      "has_unpublished_changes": false,
      "latest_revision_created_at": null
    },
    "approved_go_live_at": null
  }
},
{
  "model": "wagtailcore.revision",
  "pk": 7,
  "fields": {
    "content_type": [
      "home",
      "userdatapage"
    ],
    "base_content_type": [
      "wagtailcore",
      "page"
    ],
    "object_id": "5",
    "created_at": "2025-01-17T11:40:55.688Z",
    "user": [
      "admin"
    ],
    "object_str": "User Information",
    "content": {
      "pk": 5,
      "live": true,
      "path": "000100010002",
      "slug": "user-information",
      "depth": 3,
      "intro": "<p data-block-key=\"0jfv1\">Edit the user information here and add api tokens</p>",
      "owner": 2,
      "title": "User Information",
      "locale": 1,
      "locked": false,
      "expired": false,
      "alias_of": null,
      "numchild": 0,
      "url_path": "/easydmp-home/user-information/",
      "expire_at": null,
      "locked_at": null,
      "locked_by": null,
      "seo_title": "",
      "go_live_at": null,
      "draft_title": "User Information",
      "content_type": 38,
      "live_revision": 6,
      "show_in_menus": false,
      "latest_revision": 6,
      "translation_key": "2a01456b-5467-421c-927e-66724e6b6887",
      "last_published_at": "2025-01-17T11:40:47.092Z",
      "first_published_at": "2025-01-17T11:40:47.092Z",
      "search_description": "",
      "thankyou_page_title": "Thank you!",
      "wagtail_admin_comments": [],
      "has_unpublished_changes": false,
      "latest_revision_created_at": "2025-01-17T11:40:47.080Z"
    },
    "approved_go_live_at": null
  }
},
{
  "model": "wagtailcore.revision",
  "pk": 8,
  "fields": {
    "content_type": [
      "home",
      "userdatapage"
    ],
    "base_content_type": [
      "wagtailcore",
      "page"
    ],
    "object_id": "5",
    "created_at": "2025-01-17T11:42:49.968Z",
    "user": [
      "admin"
    ],
    "object_str": "User Information",
    "content": {
      "pk": 5,
      "live": true,
      "path": "000100010002",
      "slug": "user-data",
      "depth": 3,
      "intro": "<p data-block-key=\"0jfv1\">Edit the user information here and add api tokens</p>",
      "owner": 2,
      "title": "User Information",
      "locale": 1,
      "locked": false,
      "expired": false,
      "alias_of": null,
      "numchild": 0,
      "url_path": "/easydmp-home/user-information/",
      "expire_at": null,
      "locked_at": null,
      "locked_by": null,
      "seo_title": "",
      "go_live_at": null,
      "draft_title": "User Information",
      "content_type": 38,
      "live_revision": 7,
      "show_in_menus": false,
      "latest_revision": 7,
      "translation_key": "2a01456b-5467-421c-927e-66724e6b6887",
      "last_published_at": "2025-01-17T11:40:55.708Z",
      "first_published_at": "2025-01-17T11:40:47.092Z",
      "search_description": "",
      "thankyou_page_title": "Thank you!",
      "wagtail_admin_comments": [],
      "has_unpublished_changes": false,
      "latest_revision_created_at": "2025-01-17T11:40:55.688Z"
    },
    "approved_go_live_at": null
  }
},
{
  "model": "wagtailcore.revision",
  "pk": 9,
  "fields": {
    "content_type": [
      "home",
      "switchlabpage"
    ],
    "base_content_type": [
      "wagtailcore",
      "page"
    ],
    "object_id": "4",
    "created_at": "2025-01-17T11:43:09.685Z",
    "user": [
      "admin"
    ],
    "object_str": "Select Laboratory",
    "content": {
      "pk": 4,
      "live": true,
      "path": "000100010001",
      "slug": "switch-laboratory",
      "depth": 3,
      "intro": "<p data-block-key=\"8ziiz\">Select here your laboratory for the session.</p>",
      "owner": 2,
      "title": "Select Laboratory",
      "locale": 1,
      "locked": false,
      "expired": false,
      "alias_of": null,
      "numchild": 0,
      "url_path": "/easydmp-home/select-laboratory/",
      "expire_at": null,
      "locked_at": null,
      "locked_by": null,
      "seo_title": "",
      "go_live_at": null,
      "draft_title": "Select Laboratory",
      "content_type": 37,
      "live_revision": 5,
      "show_in_menus": false,
      "latest_revision": 5,
      "translation_key": "bdf19d1e-c800-44c7-8174-3dbcf8f36678",
      "last_published_at": "2025-01-17T11:39:59.978Z",
      "first_published_at": "2025-01-17T11:39:48.791Z",
      "search_description": "",
      "wagtail_admin_comments": [],
      "has_unpublished_changes": false,
      "latest_revision_created_at": "2025-01-17T11:39:59.954Z"
    },
    "approved_go_live_at": null
  }
},
{
  "model": "wagtailcore.revision",
  "pk": 10,
  "fields": {
    "content_type": [
      "home",
      "dmppage"
    ],
    "base_content_type": [
      "wagtailcore",
      "page"
    ],
    "object_id": "6",
    "created_at": "2025-01-17T11:45:10.259Z",
    "user": [
      "admin"
    ],
    "object_str": "Core Data Management Plan",
    "content": {
      "pk": 6,
      "live": true,
      "path": "000100010003",
      "slug": "core-data-management-plan",
      "depth": 3,
      "intro": "<p data-block-key=\"510rm\">This is the page to edit your core data management plan</p>",
      "owner": 2,
      "title": "Core Data Management Plan",
      "locale": 1,
      "locked": false,
      "expired": false,
      "alias_of": null,
      "numchild": 0,
      "url_path": "/easydmp-home/core-data-management-plan/",
      "expire_at": null,
      "locked_at": null,
      "locked_by": null,
      "seo_title": "",
      "go_live_at": null,
      "draft_title": "Core Data Management Plan",
      "content_type": 29,
      "live_revision": null,
      "show_in_menus": true,
      "latest_revision": null,
      "translation_key": "78e13932-7f41-476a-ae1b-3d3c3416063a",
      "last_published_at": null,
      "first_published_at": null,
      "search_description": "",
      "thankyou_page_title": "Thank you!",
      "wagtail_admin_comments": [],
      "has_unpublished_changes": false,
      "latest_revision_created_at": null
    },
    "approved_go_live_at": null
  }
},
{
  "model": "wagtailcore.revision",
  "pk": 11,
  "fields": {
    "content_type": [
      "home",
      "samplepage"
    ],
    "base_content_type": [
      "wagtailcore",
      "page"
    ],
    "object_id": "7",
    "created_at": "2025-01-17T11:46:10.560Z",
    "user": [
      "admin"
    ],
    "object_str": "Add sample",
    "content": {
      "pk": 7,
      "live": true,
      "path": "000100010004",
      "slug": "add-sample",
      "depth": 3,
      "intro": "<p data-block-key=\"i81sz\">Add a new sample here</p>",
      "owner": 2,
      "title": "Add sample",
      "locale": 1,
      "locked": false,
      "expired": false,
      "alias_of": null,
      "numchild": 0,
      "url_path": "/easydmp-home/add-sample/",
      "expire_at": null,
      "locked_at": null,
      "locked_by": null,
      "seo_title": "",
      "go_live_at": null,
      "draft_title": "Add sample",
      "content_type": 35,
      "live_revision": null,
      "show_in_menus": true,
      "latest_revision": null,
      "translation_key": "823ee5f5-d259-4a22-9313-47764a46aa2e",
      "last_published_at": null,
      "first_published_at": null,
      "search_description": "",
      "thankyou_page_title": "Thank you!",
      "wagtail_admin_comments": [],
      "has_unpublished_changes": false,
      "latest_revision_created_at": null
    },
    "approved_go_live_at": null
  }
},
{
  "model": "wagtailcore.revision",
  "pk": 12,
  "fields": {
    "content_type": [
      "home",
      "dmppage"
    ],
    "base_content_type": [
      "wagtailcore",
      "page"
    ],
    "object_id": "6",
    "created_at": "2025-01-17T11:46:18.253Z",
    "user": [
      "admin"
    ],
    "object_str": "Core Data Management Plan",
    "content": {
      "pk": 6,
      "live": true,
      "path": "000100010003",
      "slug": "core-data-management-plan",
      "depth": 3,
      "intro": "<p data-block-key=\"510rm\">This is the page to edit your core data management plan</p>",
      "owner": 2,
      "title": "Core Data Management Plan",
      "locale": 1,
      "locked": false,
      "expired": false,
      "alias_of": null,
      "numchild": 0,
      "url_path": "/easydmp-home/core-data-management-plan/",
      "expire_at": null,
      "locked_at": null,
      "locked_by": null,
      "seo_title": "",
      "go_live_at": null,
      "draft_title": "Core Data Management Plan",
      "content_type": 29,
      "live_revision": 10,
      "show_in_menus": true,
      "latest_revision": 10,
      "translation_key": "78e13932-7f41-476a-ae1b-3d3c3416063a",
      "last_published_at": "2025-01-17T11:45:10.269Z",
      "first_published_at": "2025-01-17T11:45:10.269Z",
      "search_description": "",
      "thankyou_page_title": "Thank you!",
      "wagtail_admin_comments": [],
      "has_unpublished_changes": false,
      "latest_revision_created_at": "2025-01-17T11:45:10.259Z"
    },
    "approved_go_live_at": null
  }
},
{
  "model": "wagtailcore.revision",
  "pk": 13,
  "fields": {
    "content_type": [
      "home",
      "samplepage"
    ],
    "base_content_type": [
      "wagtailcore",
      "page"
    ],
    "object_id": "7",
    "created_at": "2025-01-17T11:46:25.453Z",
    "user": [
      "admin"
    ],
    "object_str": "Add sample",
    "content": {
      "pk": 7,
      "live": true,
      "path": "000100010004",
      "slug": "add-sample",
      "depth": 3,
      "intro": "<p data-block-key=\"i81sz\">Add a new sample here</p>",
      "owner": 2,
      "title": "Add sample",
      "locale": 1,
      "locked": false,
      "expired": false,
      "alias_of": null,
      "numchild": 0,
      "url_path": "/easydmp-home/add-sample/",
      "expire_at": null,
      "locked_at": null,
      "locked_by": null,
      "seo_title": "",
      "go_live_at": null,
      "draft_title": "Add sample",
      "content_type": 35,
      "live_revision": 11,
      "show_in_menus": true,
      "latest_revision": 11,
      "translation_key": "823ee5f5-d259-4a22-9313-47764a46aa2e",
      "last_published_at": "2025-01-17T11:46:10.570Z",
      "first_published_at": "2025-01-17T11:46:10.570Z",
      "search_description": "",
      "thankyou_page_title": "Thank you!",
      "wagtail_admin_comments": [],
      "has_unpublished_changes": false,
      "latest_revision_created_at": "2025-01-17T11:46:10.560Z"
    },
    "approved_go_live_at": null
  }
},
{
  "model": "wagtailcore.revision",
  "pk": 14,
  "fields": {
    "content_type": [
      "home",
      "samplelistpage"
    ],
    "base_content_type": [
      "wagtailcore",
      "page"
    ],
    "object_id": "8",
    "created_at": "2025-01-17T11:47:35.954Z",
    "user": [
      "admin"
    ],
    "object_str": "Sample list",
    "content": {
      "pk": 8,
      "live": false,
      "path": "000100010005",
      "slug": "sample-list",
      "depth": 3,
      "intro": "<p data-block-key=\"kvdus\">Check your samples here</p>",
      "owner": 2,
      "title": "Sample list",
      "locale": 1,
      "locked": false,
      "expired": false,
      "alias_of": null,
      "numchild": 0,
      "url_path": "/easydmp-home/sample-list/",
      "expire_at": null,
      "locked_at": null,
      "locked_by": null,
      "seo_title": "",
      "go_live_at": null,
      "draft_title": "Sample list",
      "content_type": 34,
      "live_revision": null,
      "show_in_menus": true,
      "latest_revision": null,
      "translation_key": "0aede413-6bc3-42b0-81f6-db41597847be",
      "last_published_at": null,
      "first_published_at": null,
      "search_description": "",
      "wagtail_admin_comments": [],
      "has_unpublished_changes": false,
      "latest_revision_created_at": null
    },
    "approved_go_live_at": null
  }
},
{
  "model": "wagtailcore.revision",
  "pk": 15,
  "fields": {
    "content_type": [
      "home",
      "samplelistpage"
    ],
    "base_content_type": [
      "wagtailcore",
      "page"
    ],
    "object_id": "8",
    "created_at": "2025-01-17T11:47:41.924Z",
    "user": [
      "admin"
    ],
    "object_str": "Sample list",
    "content": {
      "pk": 8,
      "live": false,
      "path": "000100010005",
      "slug": "sample-list",
      "depth": 3,
      "intro": "<p data-block-key=\"kvdus\">Check your samples here</p>",
      "owner": 2,
      "title": "Sample list",
      "locale": 1,
      "locked": false,
      "expired": false,
      "alias_of": null,
      "numchild": 0,
      "url_path": "/easydmp-home/sample-list/",
      "expire_at": null,
      "locked_at": null,
      "locked_by": null,
      "seo_title": "",
      "go_live_at": null,
      "draft_title": "Sample list",
      "content_type": 34,
      "live_revision": null,
      "show_in_menus": true,
      "latest_revision": 14,
      "translation_key": "0aede413-6bc3-42b0-81f6-db41597847be",
      "last_published_at": null,
      "first_published_at": null,
      "search_description": "",
      "wagtail_admin_comments": [],
      "has_unpublished_changes": true,
      "latest_revision_created_at": "2025-01-17T11:47:35.954Z"
    },
    "approved_go_live_at": null
  }
},
{
  "model": "wagtailcore.page",
  "pk": 1,
  "fields": {
    "path": "0001",
    "depth": 1,
    "numchild": 1,
    "translation_key": "e3198d26-cfea-43b6-99ac-49a42389fcc7",
    "locale": 1,
    "latest_revision": null,
    "live": true,
    "has_unpublished_changes": false,
    "first_published_at": null,
    "last_published_at": null,
    "live_revision": null,
    "go_live_at": null,
    "expire_at": null,
    "expired": false,
    "locked": false,
    "locked_at": null,
    "locked_by": null,
    "title": "Root",
    "draft_title": "Root",
    "slug": "root",
    "content_type": [
      "wagtailcore",
      "page"
    ],
    "url_path": "/",
    "owner": null,
    "seo_title": "",
    "show_in_menus": false,
    "search_description": "",
    "latest_revision_created_at": null,
    "alias_of": null
  }
},
{
  "model": "wagtailcore.page",
  "pk": 3,
  "fields": {
    "path": "00010001",
    "depth": 2,
    "numchild": 5,
    "translation_key": "7b91540b-305b-442b-96b2-b92e2c3f48a9",
    "locale": 1,
    "latest_revision": 3,
    "live": true,
    "has_unpublished_changes": false,
    "first_published_at": "2025-01-17T11:38:27.296Z",
    "last_published_at": "2025-01-17T11:38:45.965Z",
    "live_revision": 3,
    "go_live_at": null,
    "expire_at": null,
    "expired": false,
    "locked": false,
    "locked_at": null,
    "locked_by": null,
    "title": "easydmp home",
    "draft_title": "easydmp home",
    "slug": "easydmp-home",
    "content_type": [
      "home",
      "homepage"
    ],
    "url_path": "/easydmp-home/",
    "owner": [
      "admin"
    ],
    "seo_title": "",
    "show_in_menus": false,
    "search_description": "",
    "latest_revision_created_at": "2025-01-17T11:38:45.946Z",
    "alias_of": null
  }
},
{
  "model": "wagtailcore.page",
  "pk": 4,
  "fields": {
    "path": "000100010001",
    "depth": 3,
    "numchild": 0,
    "translation_key": "bdf19d1e-c800-44c7-8174-3dbcf8f36678",
    "locale": 1,
    "latest_revision": 9,
    "live": true,
    "has_unpublished_changes": false,
    "first_published_at": "2025-01-17T11:39:48.791Z",
    "last_published_at": "2025-01-17T11:43:09.701Z",
    "live_revision": 9,
    "go_live_at": null,
    "expire_at": null,
    "expired": false,
    "locked": false,
    "locked_at": null,
    "locked_by": null,
    "title": "Select Laboratory",
    "draft_title": "Select Laboratory",
    "slug": "switch-laboratory",
    "content_type": [
      "home",
      "switchlabpage"
    ],
    "url_path": "/easydmp-home/switch-laboratory/",
    "owner": [
      "admin"
    ],
    "seo_title": "",
    "show_in_menus": false,
    "search_description": "",
    "latest_revision_created_at": "2025-01-17T11:43:09.685Z",
    "alias_of": null
  }
},
{
  "model": "wagtailcore.page",
  "pk": 5,
  "fields": {
    "path": "000100010002",
    "depth": 3,
    "numchild": 0,
    "translation_key": "2a01456b-5467-421c-927e-66724e6b6887",
    "locale": 1,
    "latest_revision": 8,
    "live": true,
    "has_unpublished_changes": false,
    "first_published_at": "2025-01-17T11:40:47.092Z",
    "last_published_at": "2025-01-17T11:42:49.990Z",
    "live_revision": 8,
    "go_live_at": null,
    "expire_at": null,
    "expired": false,
    "locked": false,
    "locked_at": null,
    "locked_by": null,
    "title": "User Information",
    "draft_title": "User Information",
    "slug": "user-data",
    "content_type": [
      "home",
      "userdatapage"
    ],
    "url_path": "/easydmp-home/user-data/",
    "owner": [
      "admin"
    ],
    "seo_title": "",
    "show_in_menus": false,
    "search_description": "",
    "latest_revision_created_at": "2025-01-17T11:42:49.968Z",
    "alias_of": null
  }
},
{
  "model": "wagtailcore.page",
  "pk": 6,
  "fields": {
    "path": "000100010003",
    "depth": 3,
    "numchild": 0,
    "translation_key": "78e13932-7f41-476a-ae1b-3d3c3416063a",
    "locale": 1,
    "latest_revision": 12,
    "live": true,
    "has_unpublished_changes": false,
    "first_published_at": "2025-01-17T11:45:10.269Z",
    "last_published_at": "2025-01-17T11:46:18.274Z",
    "live_revision": 12,
    "go_live_at": null,
    "expire_at": null,
    "expired": false,
    "locked": false,
    "locked_at": null,
    "locked_by": null,
    "title": "Core Data Management Plan",
    "draft_title": "Core Data Management Plan",
    "slug": "core-data-management-plan",
    "content_type": [
      "home",
      "dmppage"
    ],
    "url_path": "/easydmp-home/core-data-management-plan/",
    "owner": [
      "admin"
    ],
    "seo_title": "",
    "show_in_menus": true,
    "search_description": "",
    "latest_revision_created_at": "2025-01-17T11:46:18.253Z",
    "alias_of": null
  }
},
{
  "model": "wagtailcore.page",
  "pk": 7,
  "fields": {
    "path": "000100010004",
    "depth": 3,
    "numchild": 0,
    "translation_key": "823ee5f5-d259-4a22-9313-47764a46aa2e",
    "locale": 1,
    "latest_revision": 13,
    "live": true,
    "has_unpublished_changes": false,
    "first_published_at": "2025-01-17T11:46:10.570Z",
    "last_published_at": "2025-01-17T11:46:25.471Z",
    "live_revision": 13,
    "go_live_at": null,
    "expire_at": null,
    "expired": false,
    "locked": false,
    "locked_at": null,
    "locked_by": null,
    "title": "Add sample",
    "draft_title": "Add sample",
    "slug": "add-sample",
    "content_type": [
      "home",
      "samplepage"
    ],
    "url_path": "/easydmp-home/add-sample/",
    "owner": [
      "admin"
    ],
    "seo_title": "",
    "show_in_menus": true,
    "search_description": "",
    "latest_revision_created_at": "2025-01-17T11:46:25.453Z",
    "alias_of": null
  }
},
{
  "model": "wagtailcore.page",
  "pk": 8,
  "fields": {
    "path": "000100010005",
    "depth": 3,
    "numchild": 0,
    "translation_key": "0aede413-6bc3-42b0-81f6-db41597847be",
    "locale": 1,
    "latest_revision": 15,
    "live": true,
    "has_unpublished_changes": false,
    "first_published_at": "2025-01-17T11:47:41.933Z",
    "last_published_at": "2025-01-17T11:47:41.933Z",
    "live_revision": 15,
    "go_live_at": null,
    "expire_at": null,
    "expired": false,
    "locked": false,
    "locked_at": null,
    "locked_by": null,
    "title": "Sample list",
    "draft_title": "Sample list",
    "slug": "sample-list",
    "content_type": [
      "home",
      "samplelistpage"
    ],
    "url_path": "/easydmp-home/sample-list/",
    "owner": [
      "admin"
    ],
    "seo_title": "",
    "show_in_menus": true,
    "search_description": "",
    "latest_revision_created_at": "2025-01-17T11:47:41.924Z",
    "alias_of": null
  }
},
{
  "model": "wagtailcore.groupcollectionpermission",
  "fields": {
    "group": [
      "Moderators"
    ],
    "collection": 1,
    "permission": [
      "add_image",
      "wagtailimages",
      "image"
    ]
  }
},
{
  "model": "wagtailcore.groupcollectionpermission",
  "fields": {
    "group": [
      "Editors"
    ],
    "collection": 1,
    "permission": [
      "add_image",
      "wagtailimages",
      "image"
    ]
  }
},
{
  "model": "wagtailcore.groupcollectionpermission",
  "fields": {
    "group": [
      "Moderators"
    ],
    "collection": 1,
    "permission": [
      "change_image",
      "wagtailimages",
      "image"
    ]
  }
},
{
  "model": "wagtailcore.groupcollectionpermission",
  "fields": {
    "group": [
      "Editors"
    ],
    "collection": 1,
    "permission": [
      "change_image",
      "wagtailimages",
      "image"
    ]
  }
},
{
  "model": "wagtailcore.groupcollectionpermission",
  "fields": {
    "group": [
      "Moderators"
    ],
    "collection": 1,
    "permission": [
      "add_document",
      "wagtaildocs",
      "document"
    ]
  }
},
{
  "model": "wagtailcore.groupcollectionpermission",
  "fields": {
    "group": [
      "Editors"
    ],
    "collection": 1,
    "permission": [
      "add_document",
      "wagtaildocs",
      "document"
    ]
  }
},
{
  "model": "wagtailcore.groupcollectionpermission",
  "fields": {
    "group": [
      "Moderators"
    ],
    "collection": 1,
    "permission": [
      "change_document",
      "wagtaildocs",
      "document"
    ]
  }
},
{
  "model": "wagtailcore.groupcollectionpermission",
  "fields": {
    "group": [
      "Editors"
    ],
    "collection": 1,
    "permission": [
      "change_document",
      "wagtaildocs",
      "document"
    ]
  }
},
{
  "model": "wagtailcore.groupcollectionpermission",
  "fields": {
    "group": [
      "Moderators"
    ],
    "collection": 1,
    "permission": [
      "choose_document",
      "wagtaildocs",
      "document"
    ]
  }
},
{
  "model": "wagtailcore.groupcollectionpermission",
  "fields": {
    "group": [
      "Editors"
    ],
    "collection": 1,
    "permission": [
      "choose_document",
      "wagtaildocs",
      "document"
    ]
  }
},
{
  "model": "wagtailcore.modellogentry",
  "pk": 1,
  "fields": {
    "content_type": [
      "wagtailcore",
      "site"
    ],
    "label": "easydmp [default]",
    "action": "wagtail.create",
    "data": {},
    "timestamp": "2025-01-17T11:41:24.045Z",
    "uuid": "2c24b74a-2afb-42b2-be44-eca7f46d46b6",
    "user": [
      "admin"
    ],
    "revision": null,
    "content_changed": true,
    "deleted": false,
    "object_id": "3"
  }
},
{
  "model": "wagtailcore.modellogentry",
  "pk": 2,
  "fields": {
    "content_type": [
      "auth",
      "user"
    ],
    "label": "admin",
    "action": "wagtail.edit",
    "data": {},
    "timestamp": "2025-01-17T11:43:45.876Z",
    "uuid": "6f970cf3-e257-441b-b510-d5308a6aa60b",
    "user": [
      "admin"
    ],
    "revision": null,
    "content_changed": true,
    "deleted": false,
    "object_id": "2"
  }
},
{
  "model": "wagtailredirects.redirect",
  "pk": 1,
  "fields": {
    "old_path": "/user-information",
    "site": [
      "easydmp.localhost",
      8080
    ],
    "is_permanent": true,
    "redirect_page": 5,
    "redirect_page_route_path": "",
    "redirect_link": "",
    "automatically_created": true,
    "created_at": "2025-01-17T11:42:50.006Z"
  }
},
{
  "model": "wagtailredirects.redirect",
  "pk": 2,
  "fields": {
    "old_path": "/select-laboratory",
    "site": [
      "easydmp.localhost",
      8080
    ],
    "is_permanent": true,
    "redirect_page": 4,
    "redirect_page_route_path": "",
    "redirect_link": "",
    "automatically_created": true,
    "created_at": "2025-01-17T11:43:09.716Z"
  }
},
{
  "model": "home.dmppage",
  "pk": 6,
  "fields": {
    "page_ptr": 6,
    "intro": "<p data-block-key=\"510rm\">This is the page to edit your core data management plan</p>",
    "thankyou_page_title": "Thank you!"
  }
},
{
  "model": "home.samplelistpage",
  "pk": 8,
  "fields": {
    "page_ptr": 8,
    "intro": "<p data-block-key=\"kvdus\">Check your samples here</p>"
  }
},
{
  "model": "home.samplepage",
  "pk": 7,
  "fields": {
    "page_ptr": 7,
    "intro": "<p data-block-key=\"i81sz\">Add a new sample here</p>",
    "thankyou_page_title": "Thank you!"
  }
},
{
  "model": "home.userdatapage",
  "pk": 5,
  "fields": {
    "page_ptr": 5,
    "intro": "<p data-block-key=\"0jfv1\">Edit the user information here and add api tokens</p>",
    "thankyou_page_title": "Thank you!"
  }
},
{
  "model": "home.switchlabpage",
  "pk": 4,
  "fields": {
    "page_ptr": 4,
    "intro": "<p data-block-key=\"8ziiz\">Select here your laboratory for the session.</p>"
  }
},
{
  "model": "home.homepage",
  "pk": 3,
  "fields": {
    "page_ptr": 3,
    "intro": "This is the home page of easyDMP",
    "body": ""
  }
}
]
