[
{
  "model": "home.headersettings",
  "pk": 1,
  "fields": {
    "header_text": "",
    "prp_icon": null
  }
},
{
  "model": "home.footersettings",
  "pk": 1,
  "fields": {
    "footer_text": "",
    "github_url": "",
    "github_icon": null
  }
},
{
  "model": "home.addnewlab",
  "pk": 1,
  "fields": {}
},
{
  "model": "wagtailsearch.indexentry",
  "pk": 1,
  "fields": {
    "content_type": [
      "wagtailcore",
      "page"
    ],
    "object_id": "1",
    "title_norm": 1.5,
    "autocomplete": "'root':1",
    "title": "'root':1B",
    "body": ""
  }
},
{
  "model": "wagtailsearch.indexentry",
  "pk": 2,
  "fields": {
    "content_type": [
      "home",
      "homepage"
    ],
    "object_id": "3",
    "title_norm": 0.75,
    "autocomplete": "'easydmp':1 'homepage':2",
    "title": "'easydmp':1B 'homepag':2B",
    "body": ""
  }
},
{
  "model": "wagtailsearch.indexentry",
  "pk": 5,
  "fields": {
    "content_type": [
      "home",
      "switchlabpage"
    ],
    "object_id": "4",
    "title_norm": 1.1428571428571428,
    "autocomplete": "'laboratory':2 'switch':1",
    "title": "'laboratori':2B 'switch':1B",
    "body": ""
  }
},
{
  "model": "wagtailsearch.indexentry",
  "pk": 8,
  "fields": {
    "content_type": [
      "home",
      "samplepage"
    ],
    "object_id": "5",
    "title_norm": 0.6666666666666666,
    "autocomplete": "'page':3 'sample':1 'submission':2",
    "title": "'page':3B 'sampl':1B 'submiss':2B",
    "body": ""
  }
},
{
  "model": "wagtailsearch.indexentry",
  "pk": 17,
  "fields": {
    "content_type": [
      "home",
      "homepage"
    ],
    "object_id": "6",
    "title_norm": 1.125,
    "autocomplete": "'dimmt':1 'homepage':2",
    "title": "'dimmt':1B 'homepag':2B",
    "body": ""
  }
},
{
  "model": "wagtailsearch.indexentry",
  "pk": 20,
  "fields": {
    "content_type": [
      "home",
      "samplelistpage"
    ],
    "object_id": "7",
    "title_norm": 1.1428571428571428,
    "autocomplete": "'list':2 'sample':1",
    "title": "'list':2B 'sampl':1B",
    "body": ""
  }
},
{
  "model": "wagtailsearch.indexentry",
  "pk": 27,
  "fields": {
    "content_type": [
      "home",
      "dmppage"
    ],
    "object_id": "8",
    "title_norm": 0.5714285714285714,
    "autocomplete": "'core':1 'data':2 'management':3 'plan':4",
    "title": "'core':1B 'data':2B 'manag':3B 'plan':4B",
    "body": ""
  }
},
{
  "model": "wagtailsearch.indexentry",
  "pk": 34,
  "fields": {
    "content_type": [
      "home",
      "userdatapage"
    ],
    "object_id": "9",
    "title_norm": 1.125,
    "autocomplete": "'information':2 'user':1",
    "title": "'inform':2B 'user':1B",
    "body": ""
  }
},
{
  "model": "wagtailsearch.indexentry",
  "pk": 41,
  "fields": {
    "content_type": [
      "home",
      "proposalsubmissionpage"
    ],
    "object_id": "10",
    "title_norm": 1.1111111111111112,
    "autocomplete": "'proposal':1 'submission':2",
    "title": "'propos':1B 'submiss':2B",
    "body": ""
  }
},
{
  "model": "wagtailsearch.indexentry",
  "pk": 46,
  "fields": {
    "content_type": [
      "home",
      "proposallistpage"
    ],
    "object_id": "11",
    "title_norm": 1.1,
    "autocomplete": "'list':2 'proposal':1",
    "title": "'list':2B 'propos':1B",
    "body": ""
  }
},
{
  "model": "wagtailsearch.indexentry",
  "pk": 53,
  "fields": {
    "content_type": [
      "home",
      "servicerequestsubmissionpage"
    ],
    "object_id": "12",
    "title_norm": 1.0909090909090908,
    "autocomplete": "'request':2 'service':1",
    "title": "'request':2B 'servic':1B",
    "body": ""
  }
},
{
  "model": "wagtailcore.locale",
  "pk": 1,
  "fields": {
    "language_code": "en"
  }
},
{
  "model": "wagtailcore.site",
  "fields": {
    "hostname": "easydmp.localhost",
    "port": 8080,
    "site_name": "easydmp",
    "root_page": 3,
    "is_default_site": true
  }
},
{
  "model": "wagtailcore.site",
  "fields": {
    "hostname": "dimmt.localhost",
    "port": 8080,
    "site_name": "DIMMT",
    "root_page": 6,
    "is_default_site": false
  }
},
{
  "model": "wagtailcore.collection",
  "pk": 1,
  "fields": {
    "path": "0001",
    "depth": 1,
    "numchild": 0,
    "name": "Root"
  }
},
{
  "model": "wagtailcore.workflowpage",
  "pk": 1,
  "fields": {
    "workflow": 1
  }
},
{
  "model": "wagtailcore.workflowtask",
  "pk": 1,
  "fields": {
    "sort_order": 0,
    "workflow": 1,
    "task": 1
  }
},
{
  "model": "wagtailcore.task",
  "pk": 1,
  "fields": {
    "name": "Moderators approval",
    "content_type": [
      "wagtailcore",
      "groupapprovaltask"
    ],
    "active": true
  }
},
{
  "model": "wagtailcore.workflow",
  "pk": 1,
  "fields": {
    "name": "Moderators approval",
    "active": true
  }
},
{
  "model": "auth.group",
  "fields": {
    "name": "Moderators",
    "laboratory": false,
    "permissions": [
      [
        "access_admin",
        "wagtailadmin",
        "admin"
      ],
      [
        "add_document",
        "wagtaildocs",
        "document"
      ],
      [
        "change_document",
        "wagtaildocs",
        "document"
      ],
      [
        "choose_document",
        "wagtaildocs",
        "document"
      ],
      [
        "delete_document",
        "wagtaildocs",
        "document"
      ],
      [
        "add_image",
        "wagtailimages",
        "image"
      ],
      [
        "change_image",
        "wagtailimages",
        "image"
      ],
      [
        "delete_image",
        "wagtailimages",
        "image"
      ]
    ]
  }
},
{
  "model": "auth.group",
  "fields": {
    "name": "Editors",
    "laboratory": false,
    "permissions": [
      [
        "access_admin",
        "wagtailadmin",
        "admin"
      ],
      [
        "add_document",
        "wagtaildocs",
        "document"
      ],
      [
        "change_document",
        "wagtaildocs",
        "document"
      ],
      [
        "choose_document",
        "wagtaildocs",
        "document"
      ],
      [
        "delete_document",
        "wagtaildocs",
        "document"
      ],
      [
        "add_image",
        "wagtailimages",
        "image"
      ],
      [
        "change_image",
        "wagtailimages",
        "image"
      ],
      [
        "delete_image",
        "wagtailimages",
        "image"
      ]
    ]
  }
},
{
  "model": "auth.group",
  "fields": {
    "name": "LAGE",
    "laboratory": true,
    "permissions": []
  }
},
{
  "model": "auth.group",
  "fields": {
    "name": "LAME",
    "laboratory": true,
    "permissions": []
  }
},
{
  "model": "auth.user",
  "fields": {
    "password": "pbkdf2_sha256$870000$8awOwNgIsYvGGdRx7WJMaj$WvsDA87kEkNCD3113+ZKUgui85RslVvsoRoJ/q6KWTQ=",
    "last_login": "2024-09-09T15:24:24.736Z",
    "is_superuser": true,
    "username": "admin",
    "first_name": "Marco",
    "last_name": "Prenassi",
    "email": "marco.prenassi@areasciencepark.it",
    "is_staff": true,
    "is_active": true,
    "date_joined": "2024-09-05T13:51:44.896Z",
    "groups": [
      [
        "LAGE"
      ],
      [
        "LAME"
      ]
    ],
    "user_permissions": []
  }
},
{
  "model": "sessions.session",
  "pk": "56lp0hdsxj71h2e09wj3kao6lg9la9tg",
  "fields": {
    "session_data": ".eJxVj0FuwyAQRe8yawuBjTF42X1OUFUWM9CatobIYCVVlLsX2mwyq6_5T0_6N7BE6YhlsUdZfSyBbAkpLpsva3IZ5tcb_GeY4WxzvqTdQQe2wCymftRmlEqymhRXHRzZ79FuvsLWbSHC_a2DP_fSqiU0jYCnH1r68rEV7tPGj8QoxbIHZA1hjzazU3L---XBPglWm9em7aUwpEbHRT0u3TBKjRq9Uu9CKdRiQjR8oAEN9oRGa6qoHDh3ZGhq0uxzbvP99Rz2nzqx50Zxfv8F86RgGg:1sngFc:Qrtp2q-xOnri7cMBq3dAPIBQvnxIuj2mB6YrX2gsCe4",
    "expire_date": "2024-09-23T15:24:24.757Z"
  }
},
{
  "model": "sessions.session",
  "pk": "wkohv3alepw8griscai0j3gosbwixphj",
  "fields": {
    "session_data": ".eJxVj91KxDAQhd9lrkub_qVp7xTEG30CkTKZjNtqm5QmRZdl391E92bP1TDn8MF3ASRyhw0jHmFiG2bCMDs7rhwmZzwMbxf4v2GADb3_druBDDDAUHZV2zYxXa462XZNncHhebe4clyjWWcL1_cM_uBjqsY5cUq4-2mkL7apMJ9oTy4nZ8M-6zxN8lvr81dneHm8be8AE_opYaum7Em2RpQxojF12yitNEv5UUqpVdlp3Yuaat3rinSvFMVpUwthqKcuQT17n_z5Z5v3c3SsRC-FyGDncOx23PCU3KYQtqEoGP3ZrFu-OMJlcj4MSihRRNCCOrIWpsBJ7OXh-Qmuv2rGdzM:1snfup:-ZKBK9EQz4xUrgrlDLRVplQV4t-t1wu33GOKQtoEidc",
    "expire_date": "2024-09-23T15:02:55.983Z"
  }
},
{
  "model": "sessions.session",
  "pk": "xbjah1wh1csfm7ar3lu6v3thda50eu3v",
  "fields": {
    "session_data": ".eJxVjEEOwiAUBe_C2hAolEKX7j0D4X9QUAMG2kRjvLsl6ULf8s1k3sS6dYl2baHa5MlMODn8fuDwFnIH_urypVAseakJaFfoThs9FR_ux939C0TXYs8OkhtUo2d8G5NejFKDhqDUmSsFmk8AhgkUYGBAMFrjpkrBmEeDU4-20Foq2YbnI9UXmdnnC0CPPgg:1smCtx:ACTF0stGr7dp9ie0fZkOVeZnSxB20_wNcVrVuHkfts4",
    "expire_date": "2024-09-19T13:51:57.133Z"
  }
},
{
  "model": "wagtailcore.pagesubscription",
  "pk": 1,
  "fields": {
    "user": [
      "admin"
    ],
    "page": 3,
    "comment_notifications": true
  }
},
{
  "model": "wagtailcore.pagesubscription",
  "pk": 2,
  "fields": {
    "user": [
      "admin"
    ],
    "page": 4,
    "comment_notifications": true
  }
},
{
  "model": "wagtailcore.pagesubscription",
  "pk": 3,
  "fields": {
    "user": [
      "admin"
    ],
    "page": 5,
    "comment_notifications": true
  }
},
{
  "model": "wagtailcore.pagesubscription",
  "pk": 4,
  "fields": {
    "user": [
      "admin"
    ],
    "page": 6,
    "comment_notifications": true
  }
},
{
  "model": "wagtailcore.pagesubscription",
  "pk": 5,
  "fields": {
    "user": [
      "admin"
    ],
    "page": 7,
    "comment_notifications": true
  }
},
{
  "model": "wagtailcore.pagesubscription",
  "pk": 6,
  "fields": {
    "user": [
      "admin"
    ],
    "page": 8,
    "comment_notifications": true
  }
},
{
  "model": "wagtailcore.pagesubscription",
  "pk": 7,
  "fields": {
    "user": [
      "admin"
    ],
    "page": 9,
    "comment_notifications": true
  }
},
{
  "model": "wagtailcore.pagesubscription",
  "pk": 8,
  "fields": {
    "user": [
      "admin"
    ],
    "page": 10,
    "comment_notifications": true
  }
},
{
  "model": "wagtailcore.pagesubscription",
  "pk": 9,
  "fields": {
    "user": [
      "admin"
    ],
    "page": 11,
    "comment_notifications": true
  }
},
{
  "model": "wagtailcore.pagesubscription",
  "pk": 10,
  "fields": {
    "user": [
      "admin"
    ],
    "page": 12,
    "comment_notifications": true
  }
},
{
  "model": "wagtailcore.pagelogentry",
  "pk": 1,
  "fields": {
    "content_type": [
      "wagtailcore",
      "page"
    ],
    "label": "Welcome to your new Wagtail site!",
    "action": "wagtail.delete",
    "data": {},
    "timestamp": "2024-09-05T13:52:14.398Z",
    "uuid": "5f001524-29c4-4e65-866d-1ea9d863139d",
    "user": [
      "admin"
    ],
    "revision": null,
    "content_changed": false,
    "deleted": true,
    "page": 2
  }
},
{
  "model": "wagtailcore.pagelogentry",
  "pk": 2,
  "fields": {
    "content_type": [
      "home",
      "homepage"
    ],
    "label": "easyDMP - Homepage",
    "action": "wagtail.create",
    "data": {},
    "timestamp": "2024-09-05T13:52:51.231Z",
    "uuid": "df3ec6f7-c497-4426-a367-e0135b00c886",
    "user": [
      "admin"
    ],
    "revision": null,
    "content_changed": true,
    "deleted": false,
    "page": 3
  }
},
{
  "model": "wagtailcore.pagelogentry",
  "pk": 3,
  "fields": {
    "content_type": [
      "home",
      "homepage"
    ],
    "label": "easyDMP - Homepage",
    "action": "wagtail.edit",
    "data": {},
    "timestamp": "2024-09-05T13:52:51.263Z",
    "uuid": "df3ec6f7-c497-4426-a367-e0135b00c886",
    "user": [
      "admin"
    ],
    "revision": 1,
    "content_changed": true,
    "deleted": false,
    "page": 3
  }
},
{
  "model": "wagtailcore.pagelogentry",
  "pk": 4,
  "fields": {
    "content_type": [
      "home",
      "homepage"
    ],
    "label": "easyDMP - Homepage",
    "action": "wagtail.publish",
    "data": {},
    "timestamp": "2024-09-05T13:52:51.305Z",
    "uuid": "df3ec6f7-c497-4426-a367-e0135b00c886",
    "user": [
      "admin"
    ],
    "revision": 1,
    "content_changed": true,
    "deleted": false,
    "page": 3
  }
},
{
  "model": "wagtailcore.pagelogentry",
  "pk": 5,
  "fields": {
    "content_type": [
      "home",
      "switchlabpage"
    ],
    "label": "Switch laboratory",
    "action": "wagtail.create",
    "data": {},
    "timestamp": "2024-09-05T13:53:55.843Z",
    "uuid": "711a10fc-1a90-4bfb-be96-d218ec3e238a",
    "user": [
      "admin"
    ],
    "revision": null,
    "content_changed": true,
    "deleted": false,
    "page": 4
  }
},
{
  "model": "wagtailcore.pagelogentry",
  "pk": 6,
  "fields": {
    "content_type": [
      "home",
      "switchlabpage"
    ],
    "label": "Switch laboratory",
    "action": "wagtail.edit",
    "data": {},
    "timestamp": "2024-09-05T13:53:55.871Z",
    "uuid": "711a10fc-1a90-4bfb-be96-d218ec3e238a",
    "user": [
      "admin"
    ],
    "revision": 2,
    "content_changed": true,
    "deleted": false,
    "page": 4
  }
},
{
  "model": "wagtailcore.pagelogentry",
  "pk": 7,
  "fields": {
    "content_type": [
      "home",
      "switchlabpage"
    ],
    "label": "Switch laboratory",
    "action": "wagtail.publish",
    "data": {},
    "timestamp": "2024-09-05T13:53:55.908Z",
    "uuid": "711a10fc-1a90-4bfb-be96-d218ec3e238a",
    "user": [
      "admin"
    ],
    "revision": 2,
    "content_changed": true,
    "deleted": false,
    "page": 4
  }
},
{
  "model": "wagtailcore.pagelogentry",
  "pk": 8,
  "fields": {
    "content_type": [
      "home",
      "samplepage"
    ],
    "label": "Sample Submission Page",
    "action": "wagtail.create",
    "data": {},
    "timestamp": "2024-09-05T13:55:54.700Z",
    "uuid": "fe679fb6-3d12-45d1-ae4e-3aa158c467f3",
    "user": [
      "admin"
    ],
    "revision": null,
    "content_changed": true,
    "deleted": false,
    "page": 5
  }
},
{
  "model": "wagtailcore.pagelogentry",
  "pk": 9,
  "fields": {
    "content_type": [
      "home",
      "samplepage"
    ],
    "label": "Sample Submission Page",
    "action": "wagtail.edit",
    "data": {},
    "timestamp": "2024-09-05T13:55:54.724Z",
    "uuid": "fe679fb6-3d12-45d1-ae4e-3aa158c467f3",
    "user": [
      "admin"
    ],
    "revision": 3,
    "content_changed": true,
    "deleted": false,
    "page": 5
  }
},
{
  "model": "wagtailcore.pagelogentry",
  "pk": 10,
  "fields": {
    "content_type": [
      "home",
      "samplepage"
    ],
    "label": "Sample Submission Page",
    "action": "wagtail.view_restriction.create",
    "data": {
      "restriction": {
        "type": "login",
        "title": "Private, accessible to any logged-in users"
      }
    },
    "timestamp": "2024-09-05T13:56:00.717Z",
    "uuid": "bd395cef-3250-41c9-b401-87eb42080870",
    "user": [
      "admin"
    ],
    "revision": null,
    "content_changed": false,
    "deleted": false,
    "page": 5
  }
},
{
  "model": "wagtailcore.pagelogentry",
  "pk": 11,
  "fields": {
    "content_type": [
      "home",
      "samplepage"
    ],
    "label": "Sample Submission Page",
    "action": "wagtail.edit",
    "data": {},
    "timestamp": "2024-09-05T13:56:03.449Z",
    "uuid": "46c74c6e-16fd-423d-af98-1ac2eb3fd8f0",
    "user": [
      "admin"
    ],
    "revision": 4,
    "content_changed": true,
    "deleted": false,
    "page": 5
  }
},
{
  "model": "wagtailcore.pagelogentry",
  "pk": 12,
  "fields": {
    "content_type": [
      "home",
      "samplepage"
    ],
    "label": "Sample Submission Page",
    "action": "wagtail.publish",
    "data": {},
    "timestamp": "2024-09-05T13:56:03.489Z",
    "uuid": "46c74c6e-16fd-423d-af98-1ac2eb3fd8f0",
    "user": [
      "admin"
    ],
    "revision": 4,
    "content_changed": false,
    "deleted": false,
    "page": 5
  }
},
{
  "model": "wagtailcore.pagelogentry",
  "pk": 13,
  "fields": {
    "content_type": [
      "home",
      "samplepage"
    ],
    "label": "Sample Submission Page",
    "action": "wagtail.view_restriction.edit",
    "data": {
      "restriction": {
        "type": "groups",
        "title": "Private, accessible to users in specific groups"
      }
    },
    "timestamp": "2024-09-09T13:12:09.414Z",
    "uuid": "023367b0-66e3-49ea-a379-5b54591dc06f",
    "user": [
      "admin"
    ],
    "revision": null,
    "content_changed": false,
    "deleted": false,
    "page": 5
  }
},
{
  "model": "wagtailcore.pagelogentry",
  "pk": 14,
  "fields": {
    "content_type": [
      "home",
      "samplepage"
    ],
    "label": "Sample Submission Page",
    "action": "wagtail.edit",
    "data": {},
    "timestamp": "2024-09-09T13:12:13.394Z",
    "uuid": "1c053678-ce01-4afe-aa3b-3cf8a5bd7e7f",
    "user": [
      "admin"
    ],
    "revision": 5,
    "content_changed": true,
    "deleted": false,
    "page": 5
  }
},
{
  "model": "wagtailcore.pagelogentry",
  "pk": 15,
  "fields": {
    "content_type": [
      "home",
      "samplepage"
    ],
    "label": "Sample Submission Page",
    "action": "wagtail.publish",
    "data": {},
    "timestamp": "2024-09-09T13:12:13.455Z",
    "uuid": "1c053678-ce01-4afe-aa3b-3cf8a5bd7e7f",
    "user": [
      "admin"
    ],
    "revision": 5,
    "content_changed": false,
    "deleted": false,
    "page": 5
  }
},
{
  "model": "wagtailcore.pagelogentry",
  "pk": 16,
  "fields": {
    "content_type": [
      "home",
      "switchlabpage"
    ],
    "label": "Switch laboratory",
    "action": "wagtail.edit",
    "data": {},
    "timestamp": "2024-09-09T13:19:03.498Z",
    "uuid": "076c1390-8e43-4752-aa30-c25f384c31ca",
    "user": [
      "admin"
    ],
    "revision": 6,
    "content_changed": true,
    "deleted": false,
    "page": 4
  }
},
{
  "model": "wagtailcore.pagelogentry",
  "pk": 17,
  "fields": {
    "content_type": [
      "home",
      "switchlabpage"
    ],
    "label": "Switch laboratory",
    "action": "wagtail.publish",
    "data": {},
    "timestamp": "2024-09-09T13:19:03.570Z",
    "uuid": "076c1390-8e43-4752-aa30-c25f384c31ca",
    "user": [
      "admin"
    ],
    "revision": 6,
    "content_changed": true,
    "deleted": false,
    "page": 4
  }
},
{
  "model": "wagtailcore.pagelogentry",
  "pk": 18,
  "fields": {
    "content_type": [
      "home",
      "homepage"
    ],
    "label": "DIMMT Homepage",
    "action": "wagtail.create",
    "data": {},
    "timestamp": "2024-09-09T13:27:42.755Z",
    "uuid": "033a0ff4-80ce-4736-b2f6-13eb58a83e7f",
    "user": [
      "admin"
    ],
    "revision": null,
    "content_changed": true,
    "deleted": false,
    "page": 6
  }
},
{
  "model": "wagtailcore.pagelogentry",
  "pk": 19,
  "fields": {
    "content_type": [
      "home",
      "homepage"
    ],
    "label": "DIMMT Homepage",
    "action": "wagtail.edit",
    "data": {},
    "timestamp": "2024-09-09T13:27:42.794Z",
    "uuid": "033a0ff4-80ce-4736-b2f6-13eb58a83e7f",
    "user": [
      "admin"
    ],
    "revision": 7,
    "content_changed": true,
    "deleted": false,
    "page": 6
  }
},
{
  "model": "wagtailcore.pagelogentry",
  "pk": 20,
  "fields": {
    "content_type": [
      "home",
      "homepage"
    ],
    "label": "DIMMT Homepage",
    "action": "wagtail.publish",
    "data": {},
    "timestamp": "2024-09-09T13:27:42.832Z",
    "uuid": "033a0ff4-80ce-4736-b2f6-13eb58a83e7f",
    "user": [
      "admin"
    ],
    "revision": 7,
    "content_changed": true,
    "deleted": false,
    "page": 6
  }
},
{
  "model": "wagtailcore.pagelogentry",
  "pk": 21,
  "fields": {
    "content_type": [
      "home",
      "samplelistpage"
    ],
    "label": "Sample List",
    "action": "wagtail.create",
    "data": {},
    "timestamp": "2024-09-09T13:30:07.687Z",
    "uuid": "8b775b34-ed88-42bd-bbf7-6f351a8add00",
    "user": [
      "admin"
    ],
    "revision": null,
    "content_changed": true,
    "deleted": false,
    "page": 7
  }
},
{
  "model": "wagtailcore.pagelogentry",
  "pk": 22,
  "fields": {
    "content_type": [
      "home",
      "samplelistpage"
    ],
    "label": "Sample List",
    "action": "wagtail.edit",
    "data": {},
    "timestamp": "2024-09-09T13:30:07.721Z",
    "uuid": "8b775b34-ed88-42bd-bbf7-6f351a8add00",
    "user": [
      "admin"
    ],
    "revision": 8,
    "content_changed": true,
    "deleted": false,
    "page": 7
  }
},
{
  "model": "wagtailcore.pagelogentry",
  "pk": 23,
  "fields": {
    "content_type": [
      "home",
      "samplelistpage"
    ],
    "label": "Sample List",
    "action": "wagtail.publish",
    "data": {},
    "timestamp": "2024-09-09T13:30:07.761Z",
    "uuid": "8b775b34-ed88-42bd-bbf7-6f351a8add00",
    "user": [
      "admin"
    ],
    "revision": 8,
    "content_changed": true,
    "deleted": false,
    "page": 7
  }
},
{
  "model": "wagtailcore.pagelogentry",
  "pk": 24,
  "fields": {
    "content_type": [
      "home",
      "samplelistpage"
    ],
    "label": "Sample List",
    "action": "wagtail.view_restriction.create",
    "data": {
      "restriction": {
        "type": "login",
        "title": "Private, accessible to any logged-in users"
      }
    },
    "timestamp": "2024-09-09T13:30:30.959Z",
    "uuid": "c9f3682b-a4a7-4ac8-8f4a-a3d3e1e51327",
    "user": [
      "admin"
    ],
    "revision": null,
    "content_changed": false,
    "deleted": false,
    "page": 7
  }
},
{
  "model": "wagtailcore.pagelogentry",
  "pk": 25,
  "fields": {
    "content_type": [
      "home",
      "samplelistpage"
    ],
    "label": "Sample List",
    "action": "wagtail.edit",
    "data": {},
    "timestamp": "2024-09-09T13:30:33.139Z",
    "uuid": "ade0a438-7704-4491-8a6d-36a6ff43d035",
    "user": [
      "admin"
    ],
    "revision": 9,
    "content_changed": true,
    "deleted": false,
    "page": 7
  }
},
{
  "model": "wagtailcore.pagelogentry",
  "pk": 26,
  "fields": {
    "content_type": [
      "home",
      "samplelistpage"
    ],
    "label": "Sample List",
    "action": "wagtail.publish",
    "data": {},
    "timestamp": "2024-09-09T13:30:33.187Z",
    "uuid": "ade0a438-7704-4491-8a6d-36a6ff43d035",
    "user": [
      "admin"
    ],
    "revision": 9,
    "content_changed": true,
    "deleted": false,
    "page": 7
  }
},
{
  "model": "wagtailcore.pagelogentry",
  "pk": 27,
  "fields": {
    "content_type": [
      "home",
      "switchlabpage"
    ],
    "label": "Switch laboratory",
    "action": "wagtail.view_restriction.create",
    "data": {
      "restriction": {
        "type": "login",
        "title": "Private, accessible to any logged-in users"
      }
    },
    "timestamp": "2024-09-09T14:10:37.663Z",
    "uuid": "e5c7a816-d9a5-487b-8e57-176dc0f70afe",
    "user": [
      "admin"
    ],
    "revision": null,
    "content_changed": false,
    "deleted": false,
    "page": 4
  }
},
{
  "model": "wagtailcore.pagelogentry",
  "pk": 28,
  "fields": {
    "content_type": [
      "home",
      "switchlabpage"
    ],
    "label": "Switch laboratory",
    "action": "wagtail.edit",
    "data": {},
    "timestamp": "2024-09-09T14:10:40.228Z",
    "uuid": "b59f051d-0156-43eb-8a54-c25e506e7028",
    "user": [
      "admin"
    ],
    "revision": 10,
    "content_changed": true,
    "deleted": false,
    "page": 4
  }
},
{
  "model": "wagtailcore.pagelogentry",
  "pk": 29,
  "fields": {
    "content_type": [
      "home",
      "switchlabpage"
    ],
    "label": "Switch laboratory",
    "action": "wagtail.publish",
    "data": {},
    "timestamp": "2024-09-09T14:10:40.270Z",
    "uuid": "b59f051d-0156-43eb-8a54-c25e506e7028",
    "user": [
      "admin"
    ],
    "revision": 10,
    "content_changed": false,
    "deleted": false,
    "page": 4
  }
},
{
  "model": "wagtailcore.pagelogentry",
  "pk": 30,
  "fields": {
    "content_type": [
      "home",
      "dmppage"
    ],
    "label": "Core Data Management Plan",
    "action": "wagtail.create",
    "data": {},
    "timestamp": "2024-09-09T14:41:38.294Z",
    "uuid": "d3e8b6e7-f390-4ac8-9dff-01fddd15a619",
    "user": [
      "admin"
    ],
    "revision": null,
    "content_changed": true,
    "deleted": false,
    "page": 8
  }
},
{
  "model": "wagtailcore.pagelogentry",
  "pk": 31,
  "fields": {
    "content_type": [
      "home",
      "dmppage"
    ],
    "label": "Core Data Management Plan",
    "action": "wagtail.edit",
    "data": {},
    "timestamp": "2024-09-09T14:41:38.322Z",
    "uuid": "d3e8b6e7-f390-4ac8-9dff-01fddd15a619",
    "user": [
      "admin"
    ],
    "revision": 11,
    "content_changed": true,
    "deleted": false,
    "page": 8
  }
},
{
  "model": "wagtailcore.pagelogentry",
  "pk": 32,
  "fields": {
    "content_type": [
      "home",
      "dmppage"
    ],
    "label": "Core Data Management Plan",
    "action": "wagtail.publish",
    "data": {},
    "timestamp": "2024-09-09T14:41:38.359Z",
    "uuid": "d3e8b6e7-f390-4ac8-9dff-01fddd15a619",
    "user": [
      "admin"
    ],
    "revision": 11,
    "content_changed": true,
    "deleted": false,
    "page": 8
  }
},
{
  "model": "wagtailcore.pagelogentry",
  "pk": 33,
  "fields": {
    "content_type": [
      "home",
      "dmppage"
    ],
    "label": "Core Data Management Plan",
    "action": "wagtail.view_restriction.create",
    "data": {
      "restriction": {
        "type": "login",
        "title": "Private, accessible to any logged-in users"
      }
    },
    "timestamp": "2024-09-09T14:41:45.418Z",
    "uuid": "fd01012e-92ca-4f81-aedd-76fe83d52468",
    "user": [
      "admin"
    ],
    "revision": null,
    "content_changed": false,
    "deleted": false,
    "page": 8
  }
},
{
  "model": "wagtailcore.pagelogentry",
  "pk": 34,
  "fields": {
    "content_type": [
      "home",
      "dmppage"
    ],
    "label": "Core Data Management Plan",
    "action": "wagtail.edit",
    "data": {},
    "timestamp": "2024-09-09T14:41:51.774Z",
    "uuid": "3d5345ae-cced-4912-a9ac-b46b03b2b07d",
    "user": [
      "admin"
    ],
    "revision": 12,
    "content_changed": true,
    "deleted": false,
    "page": 8
  }
},
{
  "model": "wagtailcore.pagelogentry",
  "pk": 35,
  "fields": {
    "content_type": [
      "home",
      "dmppage"
    ],
    "label": "Core Data Management Plan",
    "action": "wagtail.publish",
    "data": {},
    "timestamp": "2024-09-09T14:41:51.831Z",
    "uuid": "3d5345ae-cced-4912-a9ac-b46b03b2b07d",
    "user": [
      "admin"
    ],
    "revision": 12,
    "content_changed": false,
    "deleted": false,
    "page": 8
  }
},
{
  "model": "wagtailcore.pagelogentry",
  "pk": 36,
  "fields": {
    "content_type": [
      "home",
      "dmppage"
    ],
    "label": "Core Data Management Plan",
    "action": "wagtail.edit",
    "data": {},
    "timestamp": "2024-09-09T14:42:18.728Z",
    "uuid": "b10603fe-7785-4758-a76f-fb6b250f255f",
    "user": [
      "admin"
    ],
    "revision": 13,
    "content_changed": true,
    "deleted": false,
    "page": 8
  }
},
{
  "model": "wagtailcore.pagelogentry",
  "pk": 37,
  "fields": {
    "content_type": [
      "home",
      "dmppage"
    ],
    "label": "Core Data Management Plan",
    "action": "wagtail.publish",
    "data": {},
    "timestamp": "2024-09-09T14:42:18.769Z",
    "uuid": "b10603fe-7785-4758-a76f-fb6b250f255f",
    "user": [
      "admin"
    ],
    "revision": 13,
    "content_changed": true,
    "deleted": false,
    "page": 8
  }
},
{
  "model": "wagtailcore.pagelogentry",
  "pk": 38,
  "fields": {
    "content_type": [
      "home",
      "userdatapage"
    ],
    "label": "User information",
    "action": "wagtail.create",
    "data": {},
    "timestamp": "2024-09-09T14:52:16.308Z",
    "uuid": "8edb930d-bde3-489d-bbbc-5f6fcc11e8b7",
    "user": [
      "admin"
    ],
    "revision": null,
    "content_changed": true,
    "deleted": false,
    "page": 9
  }
},
{
  "model": "wagtailcore.pagelogentry",
  "pk": 39,
  "fields": {
    "content_type": [
      "home",
      "userdatapage"
    ],
    "label": "User information",
    "action": "wagtail.edit",
    "data": {},
    "timestamp": "2024-09-09T14:52:16.340Z",
    "uuid": "8edb930d-bde3-489d-bbbc-5f6fcc11e8b7",
    "user": [
      "admin"
    ],
    "revision": 14,
    "content_changed": true,
    "deleted": false,
    "page": 9
  }
},
{
  "model": "wagtailcore.pagelogentry",
  "pk": 40,
  "fields": {
    "content_type": [
      "home",
      "userdatapage"
    ],
    "label": "User information",
    "action": "wagtail.publish",
    "data": {},
    "timestamp": "2024-09-09T14:52:16.380Z",
    "uuid": "8edb930d-bde3-489d-bbbc-5f6fcc11e8b7",
    "user": [
      "admin"
    ],
    "revision": 14,
    "content_changed": true,
    "deleted": false,
    "page": 9
  }
},
{
  "model": "wagtailcore.pagelogentry",
  "pk": 41,
  "fields": {
    "content_type": [
      "home",
      "userdatapage"
    ],
    "label": "User information",
    "action": "wagtail.view_restriction.create",
    "data": {
      "restriction": {
        "type": "login",
        "title": "Private, accessible to any logged-in users"
      }
    },
    "timestamp": "2024-09-09T14:52:23.055Z",
    "uuid": "015703f0-9444-439d-98f4-35adcd347685",
    "user": [
      "admin"
    ],
    "revision": null,
    "content_changed": false,
    "deleted": false,
    "page": 9
  }
},
{
  "model": "wagtailcore.pagelogentry",
  "pk": 42,
  "fields": {
    "content_type": [
      "home",
      "userdatapage"
    ],
    "label": "User information",
    "action": "wagtail.edit",
    "data": {},
    "timestamp": "2024-09-09T14:52:24.916Z",
    "uuid": "6ba46a46-badc-4cfb-b8dd-3c6386abbf83",
    "user": [
      "admin"
    ],
    "revision": 15,
    "content_changed": true,
    "deleted": false,
    "page": 9
  }
},
{
  "model": "wagtailcore.pagelogentry",
  "pk": 43,
  "fields": {
    "content_type": [
      "home",
      "userdatapage"
    ],
    "label": "User information",
    "action": "wagtail.publish",
    "data": {},
    "timestamp": "2024-09-09T14:52:24.959Z",
    "uuid": "6ba46a46-badc-4cfb-b8dd-3c6386abbf83",
    "user": [
      "admin"
    ],
    "revision": 15,
    "content_changed": false,
    "deleted": false,
    "page": 9
  }
},
{
  "model": "wagtailcore.pagelogentry",
  "pk": 44,
  "fields": {
    "content_type": [
      "home",
      "homepage"
    ],
    "label": "DIMMT Homepage",
    "action": "wagtail.edit",
    "data": {},
    "timestamp": "2024-09-09T14:53:22.930Z",
    "uuid": "fc34a9f0-2ece-46a4-86c2-adb575970c37",
    "user": [
      "admin"
    ],
    "revision": 16,
    "content_changed": true,
    "deleted": false,
    "page": 6
  }
},
{
  "model": "wagtailcore.pagelogentry",
  "pk": 45,
  "fields": {
    "content_type": [
      "home",
      "homepage"
    ],
    "label": "DIMMT - Homepage",
    "action": "wagtail.rename",
    "data": {
      "title": {
        "new": "DIMMT - Homepage",
        "old": "DIMMT Homepage"
      }
    },
    "timestamp": "2024-09-09T14:53:22.977Z",
    "uuid": "fc34a9f0-2ece-46a4-86c2-adb575970c37",
    "user": [
      "admin"
    ],
    "revision": 16,
    "content_changed": false,
    "deleted": false,
    "page": 6
  }
},
{
  "model": "wagtailcore.pagelogentry",
  "pk": 46,
  "fields": {
    "content_type": [
      "home",
      "homepage"
    ],
    "label": "DIMMT - Homepage",
    "action": "wagtail.publish",
    "data": {
      "title": {
        "new": "DIMMT - Homepage",
        "old": "DIMMT Homepage"
      }
    },
    "timestamp": "2024-09-09T14:53:22.981Z",
    "uuid": "fc34a9f0-2ece-46a4-86c2-adb575970c37",
    "user": [
      "admin"
    ],
    "revision": 16,
    "content_changed": true,
    "deleted": false,
    "page": 6
  }
},
{
  "model": "wagtailcore.pagelogentry",
  "pk": 47,
  "fields": {
    "content_type": [
      "home",
      "proposalsubmissionpage"
    ],
    "label": "Proposal Submission",
    "action": "wagtail.create",
    "data": {},
    "timestamp": "2024-09-09T14:53:50.229Z",
    "uuid": "d75c2d87-d340-4517-8153-3bfc004a0c9d",
    "user": [
      "admin"
    ],
    "revision": null,
    "content_changed": true,
    "deleted": false,
    "page": 10
  }
},
{
  "model": "wagtailcore.pagelogentry",
  "pk": 48,
  "fields": {
    "content_type": [
      "home",
      "proposalsubmissionpage"
    ],
    "label": "Proposal Submission",
    "action": "wagtail.edit",
    "data": {},
    "timestamp": "2024-09-09T14:53:50.260Z",
    "uuid": "d75c2d87-d340-4517-8153-3bfc004a0c9d",
    "user": [
      "admin"
    ],
    "revision": 17,
    "content_changed": true,
    "deleted": false,
    "page": 10
  }
},
{
  "model": "wagtailcore.pagelogentry",
  "pk": 49,
  "fields": {
    "content_type": [
      "home",
      "proposalsubmissionpage"
    ],
    "label": "Proposal Submission",
    "action": "wagtail.publish",
    "data": {},
    "timestamp": "2024-09-09T14:53:50.303Z",
    "uuid": "d75c2d87-d340-4517-8153-3bfc004a0c9d",
    "user": [
      "admin"
    ],
    "revision": 17,
    "content_changed": true,
    "deleted": false,
    "page": 10
  }
},
{
  "model": "wagtailcore.pagelogentry",
  "pk": 50,
  "fields": {
    "content_type": [
      "home",
      "proposalsubmissionpage"
    ],
    "label": "Proposal Submission",
    "action": "wagtail.view_restriction.create",
    "data": {
      "restriction": {
        "type": "login",
        "title": "Private, accessible to any logged-in users"
      }
    },
    "timestamp": "2024-09-09T14:54:00.607Z",
    "uuid": "3e9a651a-d61f-4a41-86e4-6ced3e8eda56",
    "user": [
      "admin"
    ],
    "revision": null,
    "content_changed": false,
    "deleted": false,
    "page": 10
  }
},
{
  "model": "wagtailcore.pagelogentry",
  "pk": 51,
  "fields": {
    "content_type": [
      "home",
      "proposalsubmissionpage"
    ],
    "label": "Proposal Submission",
    "action": "wagtail.edit",
    "data": {},
    "timestamp": "2024-09-09T14:54:02.474Z",
    "uuid": "17552d55-2334-4139-acb0-55c896b4e86f",
    "user": [
      "admin"
    ],
    "revision": 18,
    "content_changed": true,
    "deleted": false,
    "page": 10
  }
},
{
  "model": "wagtailcore.pagelogentry",
  "pk": 52,
  "fields": {
    "content_type": [
      "home",
      "proposalsubmissionpage"
    ],
    "label": "Proposal Submission",
    "action": "wagtail.publish",
    "data": {},
    "timestamp": "2024-09-09T14:54:02.526Z",
    "uuid": "17552d55-2334-4139-acb0-55c896b4e86f",
    "user": [
      "admin"
    ],
    "revision": 18,
    "content_changed": true,
    "deleted": false,
    "page": 10
  }
},
{
  "model": "wagtailcore.pagelogentry",
  "pk": 53,
  "fields": {
    "content_type": [
      "home",
      "proposallistpage"
    ],
    "label": "Proposal List",
    "action": "wagtail.create",
    "data": {},
    "timestamp": "2024-09-09T14:54:25.810Z",
    "uuid": "4c2b7d3b-c4e6-46eb-a395-da34df15be7a",
    "user": [
      "admin"
    ],
    "revision": null,
    "content_changed": true,
    "deleted": false,
    "page": 11
  }
},
{
  "model": "wagtailcore.pagelogentry",
  "pk": 54,
  "fields": {
    "content_type": [
      "home",
      "proposallistpage"
    ],
    "label": "Proposal List",
    "action": "wagtail.edit",
    "data": {},
    "timestamp": "2024-09-09T14:54:25.849Z",
    "uuid": "4c2b7d3b-c4e6-46eb-a395-da34df15be7a",
    "user": [
      "admin"
    ],
    "revision": 19,
    "content_changed": true,
    "deleted": false,
    "page": 11
  }
},
{
  "model": "wagtailcore.pagelogentry",
  "pk": 55,
  "fields": {
    "content_type": [
      "home",
      "proposallistpage"
    ],
    "label": "Proposal List",
    "action": "wagtail.publish",
    "data": {},
    "timestamp": "2024-09-09T14:54:25.893Z",
    "uuid": "4c2b7d3b-c4e6-46eb-a395-da34df15be7a",
    "user": [
      "admin"
    ],
    "revision": 19,
    "content_changed": true,
    "deleted": false,
    "page": 11
  }
},
{
  "model": "wagtailcore.pagelogentry",
  "pk": 56,
  "fields": {
    "content_type": [
      "home",
      "proposallistpage"
    ],
    "label": "Proposal List",
    "action": "wagtail.view_restriction.create",
    "data": {
      "restriction": {
        "type": "login",
        "title": "Private, accessible to any logged-in users"
      }
    },
    "timestamp": "2024-09-09T14:54:32.566Z",
    "uuid": "b4899b7d-2102-4584-934a-72b1e1a0b470",
    "user": [
      "admin"
    ],
    "revision": null,
    "content_changed": false,
    "deleted": false,
    "page": 11
  }
},
{
  "model": "wagtailcore.pagelogentry",
  "pk": 57,
  "fields": {
    "content_type": [
      "home",
      "proposallistpage"
    ],
    "label": "Proposal List",
    "action": "wagtail.edit",
    "data": {},
    "timestamp": "2024-09-09T14:54:34.298Z",
    "uuid": "5f39c292-5f53-4736-b466-7b2615627e89",
    "user": [
      "admin"
    ],
    "revision": 20,
    "content_changed": true,
    "deleted": false,
    "page": 11
  }
},
{
  "model": "wagtailcore.pagelogentry",
  "pk": 58,
  "fields": {
    "content_type": [
      "home",
      "proposallistpage"
    ],
    "label": "Proposal List",
    "action": "wagtail.publish",
    "data": {},
    "timestamp": "2024-09-09T14:54:34.346Z",
    "uuid": "5f39c292-5f53-4736-b466-7b2615627e89",
    "user": [
      "admin"
    ],
    "revision": 20,
    "content_changed": false,
    "deleted": false,
    "page": 11
  }
},
{
  "model": "wagtailcore.pagelogentry",
  "pk": 59,
  "fields": {
    "content_type": [
      "home",
      "proposallistpage"
    ],
    "label": "Proposal List",
    "action": "wagtail.edit",
    "data": {},
    "timestamp": "2024-09-09T14:55:58.209Z",
    "uuid": "b1ab1768-5c27-48f3-8f1e-513c98f8c0dd",
    "user": [
      "admin"
    ],
    "revision": 21,
    "content_changed": true,
    "deleted": false,
    "page": 11
  }
},
{
  "model": "wagtailcore.pagelogentry",
  "pk": 60,
  "fields": {
    "content_type": [
      "home",
      "proposallistpage"
    ],
    "label": "Proposal List",
    "action": "wagtail.publish",
    "data": {},
    "timestamp": "2024-09-09T14:55:58.261Z",
    "uuid": "b1ab1768-5c27-48f3-8f1e-513c98f8c0dd",
    "user": [
      "admin"
    ],
    "revision": 21,
    "content_changed": true,
    "deleted": false,
    "page": 11
  }
},
{
  "model": "wagtailcore.pagelogentry",
  "pk": 61,
  "fields": {
    "content_type": [
      "home",
      "servicerequestsubmissionpage"
    ],
    "label": "Service Request",
    "action": "wagtail.create",
    "data": {},
    "timestamp": "2024-09-09T14:59:38.242Z",
    "uuid": "88c401b6-ffce-4435-9b93-0aae1ed22f6e",
    "user": [
      "admin"
    ],
    "revision": null,
    "content_changed": true,
    "deleted": false,
    "page": 12
  }
},
{
  "model": "wagtailcore.pagelogentry",
  "pk": 62,
  "fields": {
    "content_type": [
      "home",
      "servicerequestsubmissionpage"
    ],
    "label": "Service Request",
    "action": "wagtail.edit",
    "data": {},
    "timestamp": "2024-09-09T14:59:38.266Z",
    "uuid": "88c401b6-ffce-4435-9b93-0aae1ed22f6e",
    "user": [
      "admin"
    ],
    "revision": 22,
    "content_changed": true,
    "deleted": false,
    "page": 12
  }
},
{
  "model": "wagtailcore.pagelogentry",
  "pk": 63,
  "fields": {
    "content_type": [
      "home",
      "servicerequestsubmissionpage"
    ],
    "label": "Service Request",
    "action": "wagtail.publish",
    "data": {},
    "timestamp": "2024-09-09T14:59:38.310Z",
    "uuid": "88c401b6-ffce-4435-9b93-0aae1ed22f6e",
    "user": [
      "admin"
    ],
    "revision": 22,
    "content_changed": true,
    "deleted": false,
    "page": 12
  }
},
{
  "model": "wagtailcore.pagelogentry",
  "pk": 64,
  "fields": {
    "content_type": [
      "home",
      "servicerequestsubmissionpage"
    ],
    "label": "Service Request",
    "action": "wagtail.view_restriction.create",
    "data": {
      "restriction": {
        "type": "login",
        "title": "Private, accessible to any logged-in users"
      }
    },
    "timestamp": "2024-09-09T14:59:44.343Z",
    "uuid": "55c298d1-5701-44bd-a12c-05f3af913eb1",
    "user": [
      "admin"
    ],
    "revision": null,
    "content_changed": false,
    "deleted": false,
    "page": 12
  }
},
{
  "model": "wagtailcore.pagelogentry",
  "pk": 65,
  "fields": {
    "content_type": [
      "home",
      "servicerequestsubmissionpage"
    ],
    "label": "Service Request",
    "action": "wagtail.edit",
    "data": {},
    "timestamp": "2024-09-09T14:59:46.203Z",
    "uuid": "fef78da6-32f3-4d0e-8d43-f59656f51fe5",
    "user": [
      "admin"
    ],
    "revision": 23,
    "content_changed": true,
    "deleted": false,
    "page": 12
  }
},
{
  "model": "wagtailcore.pagelogentry",
  "pk": 66,
  "fields": {
    "content_type": [
      "home",
      "servicerequestsubmissionpage"
    ],
    "label": "Service Request",
    "action": "wagtail.publish",
    "data": {},
    "timestamp": "2024-09-09T14:59:46.251Z",
    "uuid": "fef78da6-32f3-4d0e-8d43-f59656f51fe5",
    "user": [
      "admin"
    ],
    "revision": 23,
    "content_changed": false,
    "deleted": false,
    "page": 12
  }
},
{
  "model": "wagtailcore.groupapprovaltask",
  "pk": 1,
  "fields": {
    "task_ptr": 1,
    "groups": [
      [
        "Moderators"
      ]
    ]
  }
},
{
  "model": "wagtailcore.pageviewrestriction",
  "pk": 1,
  "fields": {
    "restriction_type": "groups",
    "password": "",
    "page": 5,
    "groups": []
  }
},
{
  "model": "wagtailcore.pageviewrestriction",
  "pk": 2,
  "fields": {
    "restriction_type": "login",
    "password": "",
    "page": 7,
    "groups": []
  }
},
{
  "model": "wagtailcore.pageviewrestriction",
  "pk": 3,
  "fields": {
    "restriction_type": "login",
    "password": "",
    "page": 4,
    "groups": []
  }
},
{
  "model": "wagtailcore.pageviewrestriction",
  "pk": 4,
  "fields": {
    "restriction_type": "login",
    "password": "",
    "page": 8,
    "groups": []
  }
},
{
  "model": "wagtailcore.pageviewrestriction",
  "pk": 5,
  "fields": {
    "restriction_type": "login",
    "password": "",
    "page": 9,
    "groups": []
  }
},
{
  "model": "wagtailcore.pageviewrestriction",
  "pk": 6,
  "fields": {
    "restriction_type": "login",
    "password": "",
    "page": 10,
    "groups": []
  }
},
{
  "model": "wagtailcore.pageviewrestriction",
  "pk": 7,
  "fields": {
    "restriction_type": "login",
    "password": "",
    "page": 11,
    "groups": []
  }
},
{
  "model": "wagtailcore.pageviewrestriction",
  "pk": 8,
  "fields": {
    "restriction_type": "login",
    "password": "",
    "page": 12,
    "groups": []
  }
},
{
  "model": "wagtailcore.grouppagepermission",
  "pk": 1,
  "fields": {
    "group": [
      "Moderators"
    ],
    "page": 1,
    "permission": [
      "add_page",
      "wagtailcore",
      "page"
    ]
  }
},
{
  "model": "wagtailcore.grouppagepermission",
  "pk": 2,
  "fields": {
    "group": [
      "Moderators"
    ],
    "page": 1,
    "permission": [
      "change_page",
      "wagtailcore",
      "page"
    ]
  }
},
{
  "model": "wagtailcore.grouppagepermission",
  "pk": 3,
  "fields": {
    "group": [
      "Moderators"
    ],
    "page": 1,
    "permission": [
      "publish_page",
      "wagtailcore",
      "page"
    ]
  }
},
{
  "model": "wagtailcore.grouppagepermission",
  "pk": 4,
  "fields": {
    "group": [
      "Editors"
    ],
    "page": 1,
    "permission": [
      "add_page",
      "wagtailcore",
      "page"
    ]
  }
},
{
  "model": "wagtailcore.grouppagepermission",
  "pk": 5,
  "fields": {
    "group": [
      "Editors"
    ],
    "page": 1,
    "permission": [
      "change_page",
      "wagtailcore",
      "page"
    ]
  }
},
{
  "model": "wagtailcore.grouppagepermission",
  "pk": 6,
  "fields": {
    "group": [
      "Moderators"
    ],
    "page": 1,
    "permission": [
      "lock_page",
      "wagtailcore",
      "page"
    ]
  }
},
{
  "model": "wagtailcore.grouppagepermission",
  "pk": 7,
  "fields": {
    "group": [
      "Moderators"
    ],
    "page": 1,
    "permission": [
      "unlock_page",
      "wagtailcore",
      "page"
    ]
  }
},
{
  "model": "wagtailcore.revision",
  "pk": 1,
  "fields": {
    "content_type": [
      "home",
      "homepage"
    ],
    "base_content_type": [
      "wagtailcore",
      "page"
    ],
    "object_id": "3",
    "created_at": "2024-09-05T13:52:51.248Z",
    "user": [
      "admin"
    ],
    "object_str": "easyDMP - Homepage",
    "content": {
      "pk": 3,
      "body": "",
      "live": true,
      "path": "00010001",
      "slug": "easydmp-home",
      "depth": 2,
      "intro": "This is the homepage of easydmp",
      "owner": 1,
      "title": "easyDMP - Homepage",
      "locale": 1,
      "locked": false,
      "expired": false,
      "alias_of": null,
      "numchild": 0,
      "url_path": "/easydmp-home/",
      "expire_at": null,
      "locked_at": null,
      "locked_by": null,
      "seo_title": "",
      "go_live_at": null,
      "draft_title": "easyDMP - Homepage",
      "content_type": 28,
      "live_revision": null,
      "show_in_menus": false,
      "latest_revision": null,
      "translation_key": "1608fe09-8c4e-4f5e-ab80-289c638dfd5e",
      "last_published_at": null,
      "first_published_at": null,
      "search_description": "",
      "wagtail_admin_comments": [],
      "has_unpublished_changes": false,
      "latest_revision_created_at": null
    },
    "approved_go_live_at": null
  }
},
{
  "model": "wagtailcore.revision",
  "pk": 2,
  "fields": {
    "content_type": [
      "home",
      "switchlabpage"
    ],
    "base_content_type": [
      "wagtailcore",
      "page"
    ],
    "object_id": "4",
    "created_at": "2024-09-05T13:53:55.858Z",
    "user": [
      "admin"
    ],
    "object_str": "Switch laboratory",
    "content": {
      "pk": 4,
      "live": true,
      "path": "000100010001",
      "slug": "switch-lab",
      "depth": 3,
      "intro": "<p data-block-key=\"uu1e7\">Select the working laboratory</p>",
      "owner": 1,
      "title": "Switch laboratory",
      "locale": 1,
      "locked": false,
      "expired": false,
      "alias_of": null,
      "numchild": 0,
      "url_path": "/easydmp-home/switch-lab/",
      "expire_at": null,
      "locked_at": null,
      "locked_by": null,
      "seo_title": "",
      "go_live_at": null,
      "draft_title": "Switch laboratory",
      "content_type": 40,
      "live_revision": null,
      "show_in_menus": false,
      "latest_revision": null,
      "translation_key": "6866906e-422c-498d-8655-95db1c9fc8c7",
      "last_published_at": null,
      "first_published_at": null,
      "search_description": "",
      "wagtail_admin_comments": [],
      "has_unpublished_changes": false,
      "latest_revision_created_at": null
    },
    "approved_go_live_at": null
  }
},
{
  "model": "wagtailcore.revision",
  "pk": 3,
  "fields": {
    "content_type": [
      "home",
      "samplepage"
    ],
    "base_content_type": [
      "wagtailcore",
      "page"
    ],
    "object_id": "5",
    "created_at": "2024-09-05T13:55:54.712Z",
    "user": [
      "admin"
    ],
    "object_str": "Sample Submission Page",
    "content": {
      "pk": 5,
      "live": false,
      "path": "000100010002",
      "slug": "sample-submission-page",
      "depth": 3,
      "intro": "<p data-block-key=\"3lsk9\">Enter the new sample information here</p>",
      "owner": 1,
      "title": "Sample Submission Page",
      "locale": 1,
      "locked": false,
      "expired": false,
      "alias_of": null,
      "numchild": 0,
      "url_path": "/easydmp-home/sample-submission-page/",
      "expire_at": null,
      "locked_at": null,
      "locked_by": null,
      "seo_title": "",
      "go_live_at": null,
      "draft_title": "Sample Submission Page",
      "content_type": 37,
      "live_revision": null,
      "show_in_menus": true,
      "latest_revision": null,
      "translation_key": "1382d740-f808-4637-b26f-0ca6c1406aa1",
      "last_published_at": null,
      "first_published_at": null,
      "search_description": "",
      "thankyou_page_title": "Thank you!",
      "wagtail_admin_comments": [],
      "has_unpublished_changes": false,
      "latest_revision_created_at": null
    },
    "approved_go_live_at": null
  }
},
{
  "model": "wagtailcore.revision",
  "pk": 4,
  "fields": {
    "content_type": [
      "home",
      "samplepage"
    ],
    "base_content_type": [
      "wagtailcore",
      "page"
    ],
    "object_id": "5",
    "created_at": "2024-09-05T13:56:03.437Z",
    "user": [
      "admin"
    ],
    "object_str": "Sample Submission Page",
    "content": {
      "pk": 5,
      "live": false,
      "path": "000100010002",
      "slug": "sample-submission-page",
      "depth": 3,
      "intro": "<p data-block-key=\"3lsk9\">Enter the new sample information here</p>",
      "owner": 1,
      "title": "Sample Submission Page",
      "locale": 1,
      "locked": false,
      "expired": false,
      "alias_of": null,
      "numchild": 0,
      "url_path": "/easydmp-home/sample-submission-page/",
      "expire_at": null,
      "locked_at": null,
      "locked_by": null,
      "seo_title": "",
      "go_live_at": null,
      "draft_title": "Sample Submission Page",
      "content_type": 37,
      "live_revision": null,
      "show_in_menus": true,
      "latest_revision": 3,
      "translation_key": "1382d740-f808-4637-b26f-0ca6c1406aa1",
      "last_published_at": null,
      "first_published_at": null,
      "search_description": "",
      "thankyou_page_title": "Thank you!",
      "wagtail_admin_comments": [],
      "has_unpublished_changes": true,
      "latest_revision_created_at": "2024-09-05T13:55:54.712Z"
    },
    "approved_go_live_at": null
  }
},
{
  "model": "wagtailcore.revision",
  "pk": 5,
  "fields": {
    "content_type": [
      "home",
      "samplepage"
    ],
    "base_content_type": [
      "wagtailcore",
      "page"
    ],
    "object_id": "5",
    "created_at": "2024-09-09T13:12:13.329Z",
    "user": [
      "admin"
    ],
    "object_str": "Sample Submission Page",
    "content": {
      "pk": 5,
      "live": true,
      "path": "000100010002",
      "slug": "sample-submission-page",
      "depth": 3,
      "intro": "<p data-block-key=\"3lsk9\">Enter the new sample information here</p>",
      "owner": 1,
      "title": "Sample Submission Page",
      "locale": 1,
      "locked": false,
      "expired": false,
      "alias_of": null,
      "numchild": 0,
      "url_path": "/easydmp-home/sample-submission-page/",
      "expire_at": null,
      "locked_at": null,
      "locked_by": null,
      "seo_title": "",
      "go_live_at": null,
      "draft_title": "Sample Submission Page",
      "content_type": 37,
      "live_revision": 4,
      "show_in_menus": true,
      "latest_revision": 4,
      "translation_key": "1382d740-f808-4637-b26f-0ca6c1406aa1",
      "last_published_at": "2024-09-05T13:56:03.460Z",
      "first_published_at": "2024-09-05T13:56:03.460Z",
      "search_description": "",
      "thankyou_page_title": "Thank you!",
      "wagtail_admin_comments": [],
      "has_unpublished_changes": false,
      "latest_revision_created_at": "2024-09-05T13:56:03.437Z"
    },
    "approved_go_live_at": null
  }
},
{
  "model": "wagtailcore.revision",
  "pk": 6,
  "fields": {
    "content_type": [
      "home",
      "switchlabpage"
    ],
    "base_content_type": [
      "wagtailcore",
      "page"
    ],
    "object_id": "4",
    "created_at": "2024-09-09T13:19:03.447Z",
    "user": [
      "admin"
    ],
    "object_str": "Switch laboratory",
    "content": {
      "pk": 4,
      "live": true,
      "path": "000100010001",
      "slug": "switch-laboratory",
      "depth": 3,
      "intro": "<p data-block-key=\"uu1e7\">Select the working laboratory</p>",
      "owner": 1,
      "title": "Switch laboratory",
      "locale": 1,
      "locked": false,
      "expired": false,
      "alias_of": null,
      "numchild": 0,
      "url_path": "/easydmp-home/switch-lab/",
      "expire_at": null,
      "locked_at": null,
      "locked_by": null,
      "seo_title": "",
      "go_live_at": null,
      "draft_title": "Switch laboratory",
      "content_type": 40,
      "live_revision": 2,
      "show_in_menus": false,
      "latest_revision": 2,
      "translation_key": "6866906e-422c-498d-8655-95db1c9fc8c7",
      "last_published_at": "2024-09-05T13:53:55.881Z",
      "first_published_at": "2024-09-05T13:53:55.881Z",
      "search_description": "",
      "wagtail_admin_comments": [],
      "has_unpublished_changes": false,
      "latest_revision_created_at": "2024-09-05T13:53:55.858Z"
    },
    "approved_go_live_at": null
  }
},
{
  "model": "wagtailcore.revision",
  "pk": 7,
  "fields": {
    "content_type": [
      "home",
      "homepage"
    ],
    "base_content_type": [
      "wagtailcore",
      "page"
    ],
    "object_id": "6",
    "created_at": "2024-09-09T13:27:42.780Z",
    "user": [
      "admin"
    ],
    "object_str": "DIMMT Homepage",
    "content": {
      "pk": 6,
      "body": "",
      "live": true,
      "path": "00010002",
      "slug": "dimmt-home",
      "depth": 2,
      "intro": "This is the home page of DIMMT",
      "owner": 1,
      "title": "DIMMT Homepage",
      "locale": 1,
      "locked": false,
      "expired": false,
      "alias_of": null,
      "numchild": 0,
      "url_path": "/dimmt-home/",
      "expire_at": null,
      "locked_at": null,
      "locked_by": null,
      "seo_title": "",
      "go_live_at": null,
      "draft_title": "DIMMT Homepage",
      "content_type": 28,
      "live_revision": null,
      "show_in_menus": false,
      "latest_revision": null,
      "translation_key": "63d9b509-ab72-449b-ba49-3fc15b546f80",
      "last_published_at": null,
      "first_published_at": null,
      "search_description": "",
      "wagtail_admin_comments": [],
      "has_unpublished_changes": false,
      "latest_revision_created_at": null
    },
    "approved_go_live_at": null
  }
},
{
  "model": "wagtailcore.revision",
  "pk": 8,
  "fields": {
    "content_type": [
      "home",
      "samplelistpage"
    ],
    "base_content_type": [
      "wagtailcore",
      "page"
    ],
    "object_id": "7",
    "created_at": "2024-09-09T13:30:07.706Z",
    "user": [
      "admin"
    ],
    "object_str": "Sample List",
    "content": {
      "pk": 7,
      "live": true,
      "path": "000100010003",
      "slug": "sample-list",
      "depth": 3,
      "intro": "<p data-block-key=\"mve4n\">This is the list of all the samples of your lab</p>",
      "owner": 1,
      "title": "Sample List",
      "locale": 1,
      "locked": false,
      "expired": false,
      "alias_of": null,
      "numchild": 0,
      "url_path": "/easydmp-home/sample-list/",
      "expire_at": null,
      "locked_at": null,
      "locked_by": null,
      "seo_title": "",
      "go_live_at": null,
      "draft_title": "Sample List",
      "content_type": 36,
      "live_revision": null,
      "show_in_menus": false,
      "latest_revision": null,
      "translation_key": "5ebb79bf-a42e-4d3e-a9da-f68981036c23",
      "last_published_at": null,
      "first_published_at": null,
      "search_description": "",
      "wagtail_admin_comments": [],
      "has_unpublished_changes": false,
      "latest_revision_created_at": null
    },
    "approved_go_live_at": null
  }
},
{
  "model": "wagtailcore.revision",
  "pk": 9,
  "fields": {
    "content_type": [
      "home",
      "samplelistpage"
    ],
    "base_content_type": [
      "wagtailcore",
      "page"
    ],
    "object_id": "7",
    "created_at": "2024-09-09T13:30:33.117Z",
    "user": [
      "admin"
    ],
    "object_str": "Sample List",
    "content": {
      "pk": 7,
      "live": true,
      "path": "000100010003",
      "slug": "sample-list",
      "depth": 3,
      "intro": "<p data-block-key=\"mve4n\">This is the list of all the samples of your lab</p>",
      "owner": 1,
      "title": "Sample List",
      "locale": 1,
      "locked": false,
      "expired": false,
      "alias_of": null,
      "numchild": 0,
      "url_path": "/easydmp-home/sample-list/",
      "expire_at": null,
      "locked_at": null,
      "locked_by": null,
      "seo_title": "",
      "go_live_at": null,
      "draft_title": "Sample List",
      "content_type": 36,
      "live_revision": 8,
      "show_in_menus": true,
      "latest_revision": 8,
      "translation_key": "5ebb79bf-a42e-4d3e-a9da-f68981036c23",
      "last_published_at": "2024-09-09T13:30:07.734Z",
      "first_published_at": "2024-09-09T13:30:07.734Z",
      "search_description": "",
      "wagtail_admin_comments": [],
      "has_unpublished_changes": false,
      "latest_revision_created_at": "2024-09-09T13:30:07.706Z"
    },
    "approved_go_live_at": null
  }
},
{
  "model": "wagtailcore.revision",
  "pk": 10,
  "fields": {
    "content_type": [
      "home",
      "switchlabpage"
    ],
    "base_content_type": [
      "wagtailcore",
      "page"
    ],
    "object_id": "4",
    "created_at": "2024-09-09T14:10:40.185Z",
    "user": [
      "admin"
    ],
    "object_str": "Switch laboratory",
    "content": {
      "pk": 4,
      "live": true,
      "path": "000100010001",
      "slug": "switch-laboratory",
      "depth": 3,
      "intro": "<p data-block-key=\"uu1e7\">Select the working laboratory</p>",
      "owner": 1,
      "title": "Switch laboratory",
      "locale": 1,
      "locked": false,
      "expired": false,
      "alias_of": null,
      "numchild": 0,
      "url_path": "/easydmp-home/switch-laboratory/",
      "expire_at": null,
      "locked_at": null,
      "locked_by": null,
      "seo_title": "",
      "go_live_at": null,
      "draft_title": "Switch laboratory",
      "content_type": 40,
      "live_revision": 6,
      "show_in_menus": false,
      "latest_revision": 6,
      "translation_key": "6866906e-422c-498d-8655-95db1c9fc8c7",
      "last_published_at": "2024-09-09T13:19:03.521Z",
      "first_published_at": "2024-09-05T13:53:55.881Z",
      "search_description": "",
      "wagtail_admin_comments": [],
      "has_unpublished_changes": false,
      "latest_revision_created_at": "2024-09-09T13:19:03.447Z"
    },
    "approved_go_live_at": null
  }
},
{
  "model": "wagtailcore.revision",
  "pk": 11,
  "fields": {
    "content_type": [
      "home",
      "dmppage"
    ],
    "base_content_type": [
      "wagtailcore",
      "page"
    ],
    "object_id": "8",
    "created_at": "2024-09-09T14:41:38.308Z",
    "user": [
      "admin"
    ],
    "object_str": "Core Data Management Plan",
    "content": {
      "pk": 8,
      "live": true,
      "path": "000100010004",
      "slug": "core-data-management-plan",
      "depth": 3,
      "intro": "<p data-block-key=\"irnbl\">This is the laboratory management plan core page</p>",
      "owner": 1,
      "title": "Core Data Management Plan",
      "locale": 1,
      "locked": false,
      "expired": false,
      "alias_of": null,
      "numchild": 0,
      "url_path": "/easydmp-home/core-data-management-plan/",
      "expire_at": null,
      "locked_at": null,
      "locked_by": null,
      "seo_title": "",
      "go_live_at": null,
      "draft_title": "Core Data Management Plan",
      "content_type": 30,
      "live_revision": null,
      "show_in_menus": false,
      "latest_revision": null,
      "translation_key": "2048f21d-3019-4349-8a8d-dbd13a63f86a",
      "last_published_at": null,
      "first_published_at": null,
      "search_description": "",
      "thankyou_page_title": "Thank you",
      "wagtail_admin_comments": [],
      "has_unpublished_changes": false,
      "latest_revision_created_at": null
    },
    "approved_go_live_at": null
  }
},
{
  "model": "wagtailcore.revision",
  "pk": 12,
  "fields": {
    "content_type": [
      "home",
      "dmppage"
    ],
    "base_content_type": [
      "wagtailcore",
      "page"
    ],
    "object_id": "8",
    "created_at": "2024-09-09T14:41:51.747Z",
    "user": [
      "admin"
    ],
    "object_str": "Core Data Management Plan",
    "content": {
      "pk": 8,
      "live": true,
      "path": "000100010004",
      "slug": "core-data-management-plan",
      "depth": 3,
      "intro": "<p data-block-key=\"irnbl\">This is the laboratory management plan core page</p>",
      "owner": 1,
      "title": "Core Data Management Plan",
      "locale": 1,
      "locked": false,
      "expired": false,
      "alias_of": null,
      "numchild": 0,
      "url_path": "/easydmp-home/core-data-management-plan/",
      "expire_at": null,
      "locked_at": null,
      "locked_by": null,
      "seo_title": "",
      "go_live_at": null,
      "draft_title": "Core Data Management Plan",
      "content_type": 30,
      "live_revision": 11,
      "show_in_menus": false,
      "latest_revision": 11,
      "translation_key": "2048f21d-3019-4349-8a8d-dbd13a63f86a",
      "last_published_at": "2024-09-09T14:41:38.332Z",
      "first_published_at": "2024-09-09T14:41:38.332Z",
      "search_description": "",
      "thankyou_page_title": "Thank you",
      "wagtail_admin_comments": [],
      "has_unpublished_changes": false,
      "latest_revision_created_at": "2024-09-09T14:41:38.308Z"
    },
    "approved_go_live_at": null
  }
},
{
  "model": "wagtailcore.revision",
  "pk": 13,
  "fields": {
    "content_type": [
      "home",
      "dmppage"
    ],
    "base_content_type": [
      "wagtailcore",
      "page"
    ],
    "object_id": "8",
    "created_at": "2024-09-09T14:42:18.707Z",
    "user": [
      "admin"
    ],
    "object_str": "Core Data Management Plan",
    "content": {
      "pk": 8,
      "live": true,
      "path": "000100010004",
      "slug": "core-data-management-plan",
      "depth": 3,
      "intro": "<p data-block-key=\"irnbl\">This is the laboratory management plan core page</p>",
      "owner": 1,
      "title": "Core Data Management Plan",
      "locale": 1,
      "locked": false,
      "expired": false,
      "alias_of": null,
      "numchild": 0,
      "url_path": "/easydmp-home/core-data-management-plan/",
      "expire_at": null,
      "locked_at": null,
      "locked_by": null,
      "seo_title": "",
      "go_live_at": null,
      "draft_title": "Core Data Management Plan",
      "content_type": 30,
      "live_revision": 12,
      "show_in_menus": true,
      "latest_revision": 12,
      "translation_key": "2048f21d-3019-4349-8a8d-dbd13a63f86a",
      "last_published_at": "2024-09-09T14:41:51.790Z",
      "first_published_at": "2024-09-09T14:41:38.332Z",
      "search_description": "",
      "thankyou_page_title": "Thank you",
      "wagtail_admin_comments": [],
      "has_unpublished_changes": false,
      "latest_revision_created_at": "2024-09-09T14:41:51.747Z"
    },
    "approved_go_live_at": null
  }
},
{
  "model": "wagtailcore.revision",
  "pk": 14,
  "fields": {
    "content_type": [
      "home",
      "userdatapage"
    ],
    "base_content_type": [
      "wagtailcore",
      "page"
    ],
    "object_id": "9",
    "created_at": "2024-09-09T14:52:16.326Z",
    "user": [
      "admin"
    ],
    "object_str": "User information",
    "content": {
      "pk": 9,
      "live": true,
      "path": "000100010005",
      "slug": "user-data",
      "depth": 3,
      "intro": "<p data-block-key=\"9p3j1\">Fill the form with your information</p>",
      "owner": 1,
      "title": "User information",
      "locale": 1,
      "locked": false,
      "expired": false,
      "alias_of": null,
      "numchild": 0,
      "url_path": "/easydmp-home/user-data/",
      "expire_at": null,
      "locked_at": null,
      "locked_by": null,
      "seo_title": "",
      "go_live_at": null,
      "draft_title": "User information",
      "content_type": 41,
      "live_revision": null,
      "show_in_menus": false,
      "latest_revision": null,
      "translation_key": "c6280600-0edc-484b-992c-f831fca2b0d0",
      "last_published_at": null,
      "first_published_at": null,
      "search_description": "",
      "thankyou_page_title": "Thank you!",
      "wagtail_admin_comments": [],
      "has_unpublished_changes": false,
      "latest_revision_created_at": null
    },
    "approved_go_live_at": null
  }
},
{
  "model": "wagtailcore.revision",
  "pk": 15,
  "fields": {
    "content_type": [
      "home",
      "userdatapage"
    ],
    "base_content_type": [
      "wagtailcore",
      "page"
    ],
    "object_id": "9",
    "created_at": "2024-09-09T14:52:24.896Z",
    "user": [
      "admin"
    ],
    "object_str": "User information",
    "content": {
      "pk": 9,
      "live": true,
      "path": "000100010005",
      "slug": "user-data",
      "depth": 3,
      "intro": "<p data-block-key=\"9p3j1\">Fill the form with your information</p>",
      "owner": 1,
      "title": "User information",
      "locale": 1,
      "locked": false,
      "expired": false,
      "alias_of": null,
      "numchild": 0,
      "url_path": "/easydmp-home/user-data/",
      "expire_at": null,
      "locked_at": null,
      "locked_by": null,
      "seo_title": "",
      "go_live_at": null,
      "draft_title": "User information",
      "content_type": 41,
      "live_revision": 14,
      "show_in_menus": false,
      "latest_revision": 14,
      "translation_key": "c6280600-0edc-484b-992c-f831fca2b0d0",
      "last_published_at": "2024-09-09T14:52:16.352Z",
      "first_published_at": "2024-09-09T14:52:16.352Z",
      "search_description": "",
      "thankyou_page_title": "Thank you!",
      "wagtail_admin_comments": [],
      "has_unpublished_changes": false,
      "latest_revision_created_at": "2024-09-09T14:52:16.326Z"
    },
    "approved_go_live_at": null
  }
},
{
  "model": "wagtailcore.revision",
  "pk": 16,
  "fields": {
    "content_type": [
      "home",
      "homepage"
    ],
    "base_content_type": [
      "wagtailcore",
      "page"
    ],
    "object_id": "6",
    "created_at": "2024-09-09T14:53:22.895Z",
    "user": [
      "admin"
    ],
    "object_str": "DIMMT - Homepage",
    "content": {
      "pk": 6,
      "body": "",
      "live": true,
      "path": "00010002",
      "slug": "dimmt-home",
      "depth": 2,
      "intro": "This is the home page of DIMMT",
      "owner": 1,
      "title": "DIMMT - Homepage",
      "locale": 1,
      "locked": false,
      "expired": false,
      "alias_of": null,
      "numchild": 0,
      "url_path": "/dimmt-home/",
      "expire_at": null,
      "locked_at": null,
      "locked_by": null,
      "seo_title": "",
      "go_live_at": null,
      "draft_title": "DIMMT Homepage",
      "content_type": 28,
      "live_revision": 7,
      "show_in_menus": false,
      "latest_revision": 7,
      "translation_key": "63d9b509-ab72-449b-ba49-3fc15b546f80",
      "last_published_at": "2024-09-09T13:27:42.805Z",
      "first_published_at": "2024-09-09T13:27:42.805Z",
      "search_description": "",
      "wagtail_admin_comments": [],
      "has_unpublished_changes": false,
      "latest_revision_created_at": "2024-09-09T13:27:42.780Z"
    },
    "approved_go_live_at": null
  }
},
{
  "model": "wagtailcore.revision",
  "pk": 17,
  "fields": {
    "content_type": [
      "home",
      "proposalsubmissionpage"
    ],
    "base_content_type": [
      "wagtailcore",
      "page"
    ],
    "object_id": "10",
    "created_at": "2024-09-09T14:53:50.247Z",
    "user": [
      "admin"
    ],
    "object_str": "Proposal Submission",
    "content": {
      "pk": 10,
      "live": true,
      "path": "000100020001",
      "slug": "proposal-submission",
      "depth": 3,
      "intro": "<p data-block-key=\"fcq9v\">Enter your proposal</p>",
      "owner": 1,
      "title": "Proposal Submission",
      "locale": 1,
      "locked": false,
      "expired": false,
      "alias_of": null,
      "numchild": 0,
      "url_path": "/dimmt-home/proposal-submission/",
      "expire_at": null,
      "locked_at": null,
      "locked_by": null,
      "seo_title": "",
      "go_live_at": null,
      "draft_title": "Proposal Submission",
      "content_type": 34,
      "live_revision": null,
      "show_in_menus": false,
      "latest_revision": null,
      "translation_key": "7ca51a5c-fa1d-4193-b386-13f7d1bfa0cb",
      "last_published_at": null,
      "first_published_at": null,
      "search_description": "",
      "thankyou_page_title": "Thank you!",
      "wagtail_admin_comments": [],
      "has_unpublished_changes": false,
      "latest_revision_created_at": null
    },
    "approved_go_live_at": null
  }
},
{
  "model": "wagtailcore.revision",
  "pk": 18,
  "fields": {
    "content_type": [
      "home",
      "proposalsubmissionpage"
    ],
    "base_content_type": [
      "wagtailcore",
      "page"
    ],
    "object_id": "10",
    "created_at": "2024-09-09T14:54:02.445Z",
    "user": [
      "admin"
    ],
    "object_str": "Proposal Submission",
    "content": {
      "pk": 10,
      "live": true,
      "path": "000100020001",
      "slug": "proposal-submission",
      "depth": 3,
      "intro": "<p data-block-key=\"fcq9v\">Enter your proposal</p>",
      "owner": 1,
      "title": "Proposal Submission",
      "locale": 1,
      "locked": false,
      "expired": false,
      "alias_of": null,
      "numchild": 0,
      "url_path": "/dimmt-home/proposal-submission/",
      "expire_at": null,
      "locked_at": null,
      "locked_by": null,
      "seo_title": "",
      "go_live_at": null,
      "draft_title": "Proposal Submission",
      "content_type": 34,
      "live_revision": 17,
      "show_in_menus": true,
      "latest_revision": 17,
      "translation_key": "7ca51a5c-fa1d-4193-b386-13f7d1bfa0cb",
      "last_published_at": "2024-09-09T14:53:50.271Z",
      "first_published_at": "2024-09-09T14:53:50.271Z",
      "search_description": "",
      "thankyou_page_title": "Thank you!",
      "wagtail_admin_comments": [],
      "has_unpublished_changes": false,
      "latest_revision_created_at": "2024-09-09T14:53:50.247Z"
    },
    "approved_go_live_at": null
  }
},
{
  "model": "wagtailcore.revision",
  "pk": 19,
  "fields": {
    "content_type": [
      "home",
      "proposallistpage"
    ],
    "base_content_type": [
      "wagtailcore",
      "page"
    ],
    "object_id": "11",
    "created_at": "2024-09-09T14:54:25.836Z",
    "user": [
      "admin"
    ],
    "object_str": "Proposal List",
    "content": {
      "pk": 11,
      "live": true,
      "path": "000100020002",
      "slug": "proposal-list",
      "depth": 3,
      "intro": "<p data-block-key=\"s9i7w\">Search the proposals</p>",
      "owner": 1,
      "title": "Proposal List",
      "locale": 1,
      "locked": false,
      "expired": false,
      "alias_of": null,
      "numchild": 0,
      "url_path": "/dimmt-home/proposal-list/",
      "expire_at": null,
      "locked_at": null,
      "locked_by": null,
      "seo_title": "",
      "go_live_at": null,
      "draft_title": "Proposal List",
      "content_type": 33,
      "live_revision": null,
      "show_in_menus": false,
      "latest_revision": null,
      "translation_key": "bfe9941f-2fe7-4860-9543-493d12a1fc03",
      "last_published_at": null,
      "first_published_at": null,
      "search_description": "",
      "wagtail_admin_comments": [],
      "has_unpublished_changes": false,
      "latest_revision_created_at": null
    },
    "approved_go_live_at": null
  }
},
{
  "model": "wagtailcore.revision",
  "pk": 20,
  "fields": {
    "content_type": [
      "home",
      "proposallistpage"
    ],
    "base_content_type": [
      "wagtailcore",
      "page"
    ],
    "object_id": "11",
    "created_at": "2024-09-09T14:54:34.277Z",
    "user": [
      "admin"
    ],
    "object_str": "Proposal List",
    "content": {
      "pk": 11,
      "live": true,
      "path": "000100020002",
      "slug": "proposal-list",
      "depth": 3,
      "intro": "<p data-block-key=\"s9i7w\">Search the proposals</p>",
      "owner": 1,
      "title": "Proposal List",
      "locale": 1,
      "locked": false,
      "expired": false,
      "alias_of": null,
      "numchild": 0,
      "url_path": "/dimmt-home/proposal-list/",
      "expire_at": null,
      "locked_at": null,
      "locked_by": null,
      "seo_title": "",
      "go_live_at": null,
      "draft_title": "Proposal List",
      "content_type": 33,
      "live_revision": 19,
      "show_in_menus": false,
      "latest_revision": 19,
      "translation_key": "bfe9941f-2fe7-4860-9543-493d12a1fc03",
      "last_published_at": "2024-09-09T14:54:25.860Z",
      "first_published_at": "2024-09-09T14:54:25.860Z",
      "search_description": "",
      "wagtail_admin_comments": [],
      "has_unpublished_changes": false,
      "latest_revision_created_at": "2024-09-09T14:54:25.836Z"
    },
    "approved_go_live_at": null
  }
},
{
  "model": "wagtailcore.revision",
  "pk": 21,
  "fields": {
    "content_type": [
      "home",
      "proposallistpage"
    ],
    "base_content_type": [
      "wagtailcore",
      "page"
    ],
    "object_id": "11",
    "created_at": "2024-09-09T14:55:58.184Z",
    "user": [
      "admin"
    ],
    "object_str": "Proposal List",
    "content": {
      "pk": 11,
      "live": true,
      "path": "000100020002",
      "slug": "proposal-list",
      "depth": 3,
      "intro": "<p data-block-key=\"s9i7w\">Search the proposals</p>",
      "owner": 1,
      "title": "Proposal List",
      "locale": 1,
      "locked": false,
      "expired": false,
      "alias_of": null,
      "numchild": 0,
      "url_path": "/dimmt-home/proposal-list/",
      "expire_at": null,
      "locked_at": null,
      "locked_by": null,
      "seo_title": "",
      "go_live_at": null,
      "draft_title": "Proposal List",
      "content_type": 33,
      "live_revision": 20,
      "show_in_menus": true,
      "latest_revision": 20,
      "translation_key": "bfe9941f-2fe7-4860-9543-493d12a1fc03",
      "last_published_at": "2024-09-09T14:54:34.317Z",
      "first_published_at": "2024-09-09T14:54:25.860Z",
      "search_description": "",
      "wagtail_admin_comments": [],
      "has_unpublished_changes": false,
      "latest_revision_created_at": "2024-09-09T14:54:34.277Z"
    },
    "approved_go_live_at": null
  }
},
{
  "model": "wagtailcore.revision",
  "pk": 22,
  "fields": {
    "content_type": [
      "home",
      "servicerequestsubmissionpage"
    ],
    "base_content_type": [
      "wagtailcore",
      "page"
    ],
    "object_id": "12",
    "created_at": "2024-09-09T14:59:38.255Z",
    "user": [
      "admin"
    ],
    "object_str": "Service Request",
    "content": {
      "pk": 12,
      "live": true,
      "path": "000100020003",
      "slug": "service-request",
      "depth": 3,
      "intro": "<p data-block-key=\"qkwd3\">Fill the service request form</p>",
      "owner": 1,
      "title": "Service Request",
      "locale": 1,
      "locked": false,
      "expired": false,
      "alias_of": null,
      "numchild": 0,
      "url_path": "/dimmt-home/service-request/",
      "expire_at": null,
      "locked_at": null,
      "locked_by": null,
      "seo_title": "",
      "go_live_at": null,
      "draft_title": "Service Request",
      "content_type": 39,
      "live_revision": null,
      "show_in_menus": true,
      "latest_revision": null,
      "translation_key": "49ac5f9c-4bcc-4c51-bd2f-bfecd8ae40fc",
      "last_published_at": null,
      "first_published_at": null,
      "search_description": "",
      "thankyou_page_title": "Thank you!",
      "wagtail_admin_comments": [],
      "has_unpublished_changes": false,
      "latest_revision_created_at": null
    },
    "approved_go_live_at": null
  }
},
{
  "model": "wagtailcore.revision",
  "pk": 23,
  "fields": {
    "content_type": [
      "home",
      "servicerequestsubmissionpage"
    ],
    "base_content_type": [
      "wagtailcore",
      "page"
    ],
    "object_id": "12",
    "created_at": "2024-09-09T14:59:46.176Z",
    "user": [
      "admin"
    ],
    "object_str": "Service Request",
    "content": {
      "pk": 12,
      "live": true,
      "path": "000100020003",
      "slug": "service-request",
      "depth": 3,
      "intro": "<p data-block-key=\"qkwd3\">Fill the service request form</p>",
      "owner": 1,
      "title": "Service Request",
      "locale": 1,
      "locked": false,
      "expired": false,
      "alias_of": null,
      "numchild": 0,
      "url_path": "/dimmt-home/service-request/",
      "expire_at": null,
      "locked_at": null,
      "locked_by": null,
      "seo_title": "",
      "go_live_at": null,
      "draft_title": "Service Request",
      "content_type": 39,
      "live_revision": 22,
      "show_in_menus": true,
      "latest_revision": 22,
      "translation_key": "49ac5f9c-4bcc-4c51-bd2f-bfecd8ae40fc",
      "last_published_at": "2024-09-09T14:59:38.280Z",
      "first_published_at": "2024-09-09T14:59:38.280Z",
      "search_description": "",
      "thankyou_page_title": "Thank you!",
      "wagtail_admin_comments": [],
      "has_unpublished_changes": false,
      "latest_revision_created_at": "2024-09-09T14:59:38.255Z"
    },
    "approved_go_live_at": null
  }
},
{
  "model": "wagtailcore.page",
  "pk": 1,
  "fields": {
    "path": "0001",
    "depth": 1,
    "numchild": 2,
    "translation_key": "27e7f12e-83de-4c92-8cc5-2a83830b3ad6",
    "locale": 1,
    "latest_revision": null,
    "live": true,
    "has_unpublished_changes": false,
    "first_published_at": null,
    "last_published_at": null,
    "live_revision": null,
    "go_live_at": null,
    "expire_at": null,
    "expired": false,
    "locked": false,
    "locked_at": null,
    "locked_by": null,
    "title": "Root",
    "draft_title": "Root",
    "slug": "root",
    "content_type": [
      "wagtailcore",
      "page"
    ],
    "url_path": "/",
    "owner": null,
    "seo_title": "",
    "show_in_menus": false,
    "search_description": "",
    "latest_revision_created_at": null,
    "alias_of": null
  }
},
{
  "model": "wagtailcore.page",
  "pk": 3,
  "fields": {
    "path": "00010001",
    "depth": 2,
    "numchild": 5,
    "translation_key": "1608fe09-8c4e-4f5e-ab80-289c638dfd5e",
    "locale": 1,
    "latest_revision": 1,
    "live": true,
    "has_unpublished_changes": false,
    "first_published_at": "2024-09-05T13:52:51.275Z",
    "last_published_at": "2024-09-05T13:52:51.275Z",
    "live_revision": 1,
    "go_live_at": null,
    "expire_at": null,
    "expired": false,
    "locked": false,
    "locked_at": null,
    "locked_by": null,
    "title": "easyDMP - Homepage",
    "draft_title": "easyDMP - Homepage",
    "slug": "easydmp-home",
    "content_type": [
      "home",
      "homepage"
    ],
    "url_path": "/easydmp-home/",
    "owner": [
      "admin"
    ],
    "seo_title": "",
    "show_in_menus": false,
    "search_description": "",
    "latest_revision_created_at": "2024-09-05T13:52:51.248Z",
    "alias_of": null
  }
},
{
  "model": "wagtailcore.page",
  "pk": 4,
  "fields": {
    "path": "000100010001",
    "depth": 3,
    "numchild": 0,
    "translation_key": "6866906e-422c-498d-8655-95db1c9fc8c7",
    "locale": 1,
    "latest_revision": 10,
    "live": true,
    "has_unpublished_changes": false,
    "first_published_at": "2024-09-05T13:53:55.881Z",
    "last_published_at": "2024-09-09T14:10:40.242Z",
    "live_revision": 10,
    "go_live_at": null,
    "expire_at": null,
    "expired": false,
    "locked": false,
    "locked_at": null,
    "locked_by": null,
    "title": "Switch laboratory",
    "draft_title": "Switch laboratory",
    "slug": "switch-laboratory",
    "content_type": [
      "home",
      "switchlabpage"
    ],
    "url_path": "/easydmp-home/switch-laboratory/",
    "owner": [
      "admin"
    ],
    "seo_title": "",
    "show_in_menus": false,
    "search_description": "",
    "latest_revision_created_at": "2024-09-09T14:10:40.185Z",
    "alias_of": null
  }
},
{
  "model": "wagtailcore.page",
  "pk": 5,
  "fields": {
    "path": "000100010002",
    "depth": 3,
    "numchild": 0,
    "translation_key": "1382d740-f808-4637-b26f-0ca6c1406aa1",
    "locale": 1,
    "latest_revision": 5,
    "live": true,
    "has_unpublished_changes": false,
    "first_published_at": "2024-09-05T13:56:03.460Z",
    "last_published_at": "2024-09-09T13:12:13.412Z",
    "live_revision": 5,
    "go_live_at": null,
    "expire_at": null,
    "expired": false,
    "locked": false,
    "locked_at": null,
    "locked_by": null,
    "title": "Sample Submission Page",
    "draft_title": "Sample Submission Page",
    "slug": "sample-submission-page",
    "content_type": [
      "home",
      "samplepage"
    ],
    "url_path": "/easydmp-home/sample-submission-page/",
    "owner": [
      "admin"
    ],
    "seo_title": "",
    "show_in_menus": true,
    "search_description": "",
    "latest_revision_created_at": "2024-09-09T13:12:13.329Z",
    "alias_of": null
  }
},
{
  "model": "wagtailcore.page",
  "pk": 6,
  "fields": {
    "path": "00010002",
    "depth": 2,
    "numchild": 3,
    "translation_key": "63d9b509-ab72-449b-ba49-3fc15b546f80",
    "locale": 1,
    "latest_revision": 16,
    "live": true,
    "has_unpublished_changes": false,
    "first_published_at": "2024-09-09T13:27:42.805Z",
    "last_published_at": "2024-09-09T14:53:22.946Z",
    "live_revision": 16,
    "go_live_at": null,
    "expire_at": null,
    "expired": false,
    "locked": false,
    "locked_at": null,
    "locked_by": null,
    "title": "DIMMT - Homepage",
    "draft_title": "DIMMT - Homepage",
    "slug": "dimmt-home",
    "content_type": [
      "home",
      "homepage"
    ],
    "url_path": "/dimmt-home/",
    "owner": [
      "admin"
    ],
    "seo_title": "",
    "show_in_menus": false,
    "search_description": "",
    "latest_revision_created_at": "2024-09-09T14:53:22.895Z",
    "alias_of": null
  }
},
{
  "model": "wagtailcore.page",
  "pk": 7,
  "fields": {
    "path": "000100010003",
    "depth": 3,
    "numchild": 0,
    "translation_key": "5ebb79bf-a42e-4d3e-a9da-f68981036c23",
    "locale": 1,
    "latest_revision": 9,
    "live": true,
    "has_unpublished_changes": false,
    "first_published_at": "2024-09-09T13:30:07.734Z",
    "last_published_at": "2024-09-09T13:30:33.153Z",
    "live_revision": 9,
    "go_live_at": null,
    "expire_at": null,
    "expired": false,
    "locked": false,
    "locked_at": null,
    "locked_by": null,
    "title": "Sample List",
    "draft_title": "Sample List",
    "slug": "sample-list",
    "content_type": [
      "home",
      "samplelistpage"
    ],
    "url_path": "/easydmp-home/sample-list/",
    "owner": [
      "admin"
    ],
    "seo_title": "",
    "show_in_menus": true,
    "search_description": "",
    "latest_revision_created_at": "2024-09-09T13:30:33.117Z",
    "alias_of": null
  }
},
{
  "model": "wagtailcore.page",
  "pk": 8,
  "fields": {
    "path": "000100010004",
    "depth": 3,
    "numchild": 0,
    "translation_key": "2048f21d-3019-4349-8a8d-dbd13a63f86a",
    "locale": 1,
    "latest_revision": 13,
    "live": true,
    "has_unpublished_changes": false,
    "first_published_at": "2024-09-09T14:41:38.332Z",
    "last_published_at": "2024-09-09T14:42:18.741Z",
    "live_revision": 13,
    "go_live_at": null,
    "expire_at": null,
    "expired": false,
    "locked": false,
    "locked_at": null,
    "locked_by": null,
    "title": "Core Data Management Plan",
    "draft_title": "Core Data Management Plan",
    "slug": "core-data-management-plan",
    "content_type": [
      "home",
      "dmppage"
    ],
    "url_path": "/easydmp-home/core-data-management-plan/",
    "owner": [
      "admin"
    ],
    "seo_title": "",
    "show_in_menus": true,
    "search_description": "",
    "latest_revision_created_at": "2024-09-09T14:42:18.707Z",
    "alias_of": null
  }
},
{
  "model": "wagtailcore.page",
  "pk": 9,
  "fields": {
    "path": "000100010005",
    "depth": 3,
    "numchild": 0,
    "translation_key": "c6280600-0edc-484b-992c-f831fca2b0d0",
    "locale": 1,
    "latest_revision": 15,
    "live": true,
    "has_unpublished_changes": false,
    "first_published_at": "2024-09-09T14:52:16.352Z",
    "last_published_at": "2024-09-09T14:52:24.931Z",
    "live_revision": 15,
    "go_live_at": null,
    "expire_at": null,
    "expired": false,
    "locked": false,
    "locked_at": null,
    "locked_by": null,
    "title": "User information",
    "draft_title": "User information",
    "slug": "user-data",
    "content_type": [
      "home",
      "userdatapage"
    ],
    "url_path": "/easydmp-home/user-data/",
    "owner": [
      "admin"
    ],
    "seo_title": "",
    "show_in_menus": false,
    "search_description": "",
    "latest_revision_created_at": "2024-09-09T14:52:24.896Z",
    "alias_of": null
  }
},
{
  "model": "wagtailcore.page",
  "pk": 10,
  "fields": {
    "path": "000100020001",
    "depth": 3,
    "numchild": 0,
    "translation_key": "7ca51a5c-fa1d-4193-b386-13f7d1bfa0cb",
    "locale": 1,
    "latest_revision": 18,
    "live": true,
    "has_unpublished_changes": false,
    "first_published_at": "2024-09-09T14:53:50.271Z",
    "last_published_at": "2024-09-09T14:54:02.490Z",
    "live_revision": 18,
    "go_live_at": null,
    "expire_at": null,
    "expired": false,
    "locked": false,
    "locked_at": null,
    "locked_by": null,
    "title": "Proposal Submission",
    "draft_title": "Proposal Submission",
    "slug": "proposal-submission",
    "content_type": [
      "home",
      "proposalsubmissionpage"
    ],
    "url_path": "/dimmt-home/proposal-submission/",
    "owner": [
      "admin"
    ],
    "seo_title": "",
    "show_in_menus": true,
    "search_description": "",
    "latest_revision_created_at": "2024-09-09T14:54:02.445Z",
    "alias_of": null
  }
},
{
  "model": "wagtailcore.page",
  "pk": 11,
  "fields": {
    "path": "000100020002",
    "depth": 3,
    "numchild": 0,
    "translation_key": "bfe9941f-2fe7-4860-9543-493d12a1fc03",
    "locale": 1,
    "latest_revision": 21,
    "live": true,
    "has_unpublished_changes": false,
    "first_published_at": "2024-09-09T14:54:25.860Z",
    "last_published_at": "2024-09-09T14:55:58.232Z",
    "live_revision": 21,
    "go_live_at": null,
    "expire_at": null,
    "expired": false,
    "locked": false,
    "locked_at": null,
    "locked_by": null,
    "title": "Proposal List",
    "draft_title": "Proposal List",
    "slug": "proposal-list",
    "content_type": [
      "home",
      "proposallistpage"
    ],
    "url_path": "/dimmt-home/proposal-list/",
    "owner": [
      "admin"
    ],
    "seo_title": "",
    "show_in_menus": true,
    "search_description": "",
    "latest_revision_created_at": "2024-09-09T14:55:58.184Z",
    "alias_of": null
  }
},
{
  "model": "wagtailcore.page",
  "pk": 12,
  "fields": {
    "path": "000100020003",
    "depth": 3,
    "numchild": 0,
    "translation_key": "49ac5f9c-4bcc-4c51-bd2f-bfecd8ae40fc",
    "locale": 1,
    "latest_revision": 23,
    "live": true,
    "has_unpublished_changes": false,
    "first_published_at": "2024-09-09T14:59:38.280Z",
    "last_published_at": "2024-09-09T14:59:46.219Z",
    "live_revision": 23,
    "go_live_at": null,
    "expire_at": null,
    "expired": false,
    "locked": false,
    "locked_at": null,
    "locked_by": null,
    "title": "Service Request",
    "draft_title": "Service Request",
    "slug": "service-request",
    "content_type": [
      "home",
      "servicerequestsubmissionpage"
    ],
    "url_path": "/dimmt-home/service-request/",
    "owner": [
      "admin"
    ],
    "seo_title": "",
    "show_in_menus": true,
    "search_description": "",
    "latest_revision_created_at": "2024-09-09T14:59:46.176Z",
    "alias_of": null
  }
},
{
  "model": "wagtailcore.groupcollectionpermission",
  "fields": {
    "group": [
      "Moderators"
    ],
    "collection": 1,
    "permission": [
      "add_image",
      "wagtailimages",
      "image"
    ]
  }
},
{
  "model": "wagtailcore.groupcollectionpermission",
  "fields": {
    "group": [
      "Editors"
    ],
    "collection": 1,
    "permission": [
      "add_image",
      "wagtailimages",
      "image"
    ]
  }
},
{
  "model": "wagtailcore.groupcollectionpermission",
  "fields": {
    "group": [
      "Moderators"
    ],
    "collection": 1,
    "permission": [
      "change_image",
      "wagtailimages",
      "image"
    ]
  }
},
{
  "model": "wagtailcore.groupcollectionpermission",
  "fields": {
    "group": [
      "Editors"
    ],
    "collection": 1,
    "permission": [
      "change_image",
      "wagtailimages",
      "image"
    ]
  }
},
{
  "model": "wagtailcore.groupcollectionpermission",
  "fields": {
    "group": [
      "Moderators"
    ],
    "collection": 1,
    "permission": [
      "add_document",
      "wagtaildocs",
      "document"
    ]
  }
},
{
  "model": "wagtailcore.groupcollectionpermission",
  "fields": {
    "group": [
      "Editors"
    ],
    "collection": 1,
    "permission": [
      "add_document",
      "wagtaildocs",
      "document"
    ]
  }
},
{
  "model": "wagtailcore.groupcollectionpermission",
  "fields": {
    "group": [
      "Moderators"
    ],
    "collection": 1,
    "permission": [
      "change_document",
      "wagtaildocs",
      "document"
    ]
  }
},
{
  "model": "wagtailcore.groupcollectionpermission",
  "fields": {
    "group": [
      "Editors"
    ],
    "collection": 1,
    "permission": [
      "change_document",
      "wagtaildocs",
      "document"
    ]
  }
},
{
  "model": "wagtailcore.groupcollectionpermission",
  "fields": {
    "group": [
      "Moderators"
    ],
    "collection": 1,
    "permission": [
      "choose_document",
      "wagtaildocs",
      "document"
    ]
  }
},
{
  "model": "wagtailcore.groupcollectionpermission",
  "fields": {
    "group": [
      "Editors"
    ],
    "collection": 1,
    "permission": [
      "choose_document",
      "wagtaildocs",
      "document"
    ]
  }
},
{
  "model": "wagtailcore.modellogentry",
  "pk": 1,
  "fields": {
    "content_type": [
      "wagtailcore",
      "site"
    ],
    "label": "easydmp [default]",
    "action": "wagtail.create",
    "data": {},
    "timestamp": "2024-09-05T13:53:09.317Z",
    "uuid": "6d06aacd-d27a-4112-b201-767a8c911bb5",
    "user": [
      "admin"
    ],
    "revision": null,
    "content_changed": true,
    "deleted": false,
    "object_id": "2"
  }
},
{
  "model": "wagtailcore.modellogentry",
  "pk": 2,
  "fields": {
    "content_type": [
      "auth",
      "group"
    ],
    "label": "LATE",
    "action": "wagtail.delete",
    "data": {},
    "timestamp": "2024-09-09T13:14:38.572Z",
    "uuid": "717047f0-4004-484e-90d6-5a5c09e05f41",
    "user": [
      "admin"
    ],
    "revision": null,
    "content_changed": false,
    "deleted": false,
    "object_id": "4"
  }
},
{
  "model": "wagtailcore.modellogentry",
  "pk": 3,
  "fields": {
    "content_type": [
      "auth",
      "user"
    ],
    "label": "admin",
    "action": "wagtail.edit",
    "data": {},
    "timestamp": "2024-09-09T13:23:00.761Z",
    "uuid": "e9db336b-23d5-4942-b60e-dcdad8dd3227",
    "user": [
      "admin"
    ],
    "revision": null,
    "content_changed": true,
    "deleted": false,
    "object_id": "1"
  }
},
{
  "model": "wagtailcore.modellogentry",
  "pk": 4,
  "fields": {
    "content_type": [
      "wagtailcore",
      "site"
    ],
    "label": "DIMMT",
    "action": "wagtail.create",
    "data": {},
    "timestamp": "2024-09-09T13:28:01.739Z",
    "uuid": "d1a048b3-1e00-472c-bc56-49321ce1d95e",
    "user": [
      "admin"
    ],
    "revision": null,
    "content_changed": true,
    "deleted": false,
    "object_id": "3"
  }
},
{
  "model": "wagtailredirects.redirect",
  "pk": 1,
  "fields": {
    "old_path": "/switch-lab",
    "site": [
      "easydmp.localhost",
      8080
    ],
    "is_permanent": true,
    "redirect_page": 4,
    "redirect_page_route_path": "",
    "redirect_link": "",
    "automatically_created": true,
    "created_at": "2024-09-09T13:19:03.560Z"
  }
},
{
  "model": "home.samplelistpage",
  "pk": 7,
  "fields": {
    "page_ptr": 7,
    "intro": "<p data-block-key=\"mve4n\">This is the list of all the samples of your lab</p>"
  }
},
{
  "model": "home.samplepage",
  "pk": 5,
  "fields": {
    "page_ptr": 5,
    "intro": "<p data-block-key=\"3lsk9\">Enter the new sample information here</p>",
    "thankyou_page_title": "Thank you!"
  }
},
{
  "model": "home.servicerequestsubmissionpage",
  "pk": 12,
  "fields": {
    "page_ptr": 12,
    "intro": "<p data-block-key=\"qkwd3\">Fill the service request form</p>",
    "thankyou_page_title": "Thank you!"
  }
},
{
  "model": "home.proposallistpage",
  "pk": 11,
  "fields": {
    "page_ptr": 11,
    "intro": "<p data-block-key=\"s9i7w\">Search the proposals</p>"
  }
},
{
  "model": "home.proposalsubmissionpage",
  "pk": 10,
  "fields": {
    "page_ptr": 10,
    "intro": "<p data-block-key=\"fcq9v\">Enter your proposal</p>",
    "thankyou_page_title": "Thank you!"
  }
},
{
  "model": "home.userdatapage",
  "pk": 9,
  "fields": {
    "page_ptr": 9,
    "intro": "<p data-block-key=\"9p3j1\">Fill the form with your information</p>",
    "thankyou_page_title": "Thank you!"
  }
},
{
  "model": "home.dmppage",
  "pk": 8,
  "fields": {
    "page_ptr": 8,
    "intro": "<p data-block-key=\"irnbl\">This is the laboratory management plan core page</p>",
    "thankyou_page_title": "Thank you"
  }
},
{
  "model": "home.switchlabpage",
  "pk": 4,
  "fields": {
    "page_ptr": 4,
    "intro": "<p data-block-key=\"uu1e7\">Select the working laboratory</p>"
  }
},
{
  "model": "home.homepage",
  "pk": 3,
  "fields": {
    "page_ptr": 3,
    "intro": "This is the homepage of easydmp",
    "body": ""
  }
},
{
  "model": "home.homepage",
  "pk": 6,
  "fields": {
    "page_ptr": 6,
    "intro": "This is the home page of DIMMT",
    "body": ""
  }
}
]
