[
{
  "model": "home.headersettings",
  "pk": 1,
  "fields": {
    "header_text": "",
    "prp_icon": 1
  }
},
{
  "model": "home.footersettings",
  "pk": 1,
  "fields": {
    "footer_text": "",
    "github_url": "",
    "github_icon": null
  }
},
{
  "model": "wagtailimages.rendition",
  "pk": 1,
  "fields": {
    "filter_spec": "max-165x165",
    "file": "images/logo_prp_pathogen_ri_XwrYCpT.max-165x165.png",
    "width": 165,
    "height": 57,
    "focal_point_key": "",
    "image": 1
  }
},
{
  "model": "wagtailimages.rendition",
  "pk": 2,
  "fields": {
    "filter_spec": "max-250x100",
    "file": "images/logo_prp_pathogen_ri_XwrYCpT.max-250x100.png",
    "width": 201,
    "height": 70,
    "focal_point_key": "",
    "image": 1
  }
},
{
  "model": "wagtailsearch.indexentry",
  "pk": 1,
  "fields": {
    "content_type": [
      "wagtailcore",
      "page"
    ],
    "object_id": "1",
    "title_norm": 2.5833333333333335,
    "autocomplete": "'root':1",
    "title": "'root':1B",
    "body": ""
  }
},
{
  "model": "wagtailsearch.indexentry",
  "pk": 2,
  "fields": {
    "content_type": [
      "home",
      "homepage"
    ],
    "object_id": "3",
    "title_norm": 1.0,
    "autocomplete": "",
    "title": "",
    "body": ""
  }
},
{
  "model": "wagtailsearch.indexentry",
  "pk": 5,
  "fields": {
    "content_type": [
      "wagtailimages",
      "image"
    ],
    "object_id": "1",
    "title_norm": 0.6458333333333334,
    "autocomplete": "'logo':1 'pathogen':3 'prp':2 'ri':4",
    "title": "'logo':1A 'pathogen':3A 'prp':2A 'ri':4A",
    "body": ""
  }
},
{
  "model": "wagtailsearch.indexentry",
  "pk": 7,
  "fields": {
    "content_type": [
      "home",
      "switchlabpage"
    ],
    "object_id": "4",
    "title_norm": 1.0,
    "autocomplete": "",
    "title": "",
    "body": ""
  }
},
{
  "model": "wagtailsearch.indexentry",
  "pk": 10,
  "fields": {
    "content_type": [
      "home",
      "userdatapage"
    ],
    "object_id": "5",
    "title_norm": 1.0,
    "autocomplete": "",
    "title": "",
    "body": ""
  }
},
{
  "model": "wagtailsearch.indexentry",
  "pk": 15,
  "fields": {
    "content_type": [
      "home",
      "addnewlabpage"
    ],
    "object_id": "6",
    "title_norm": 1.0,
    "autocomplete": "",
    "title": "",
    "body": ""
  }
},
{
  "model": "wagtailsearch.indexentry",
  "pk": 20,
  "fields": {
    "content_type": [
      "home",
      "proposalsubmissionpage"
    ],
    "object_id": "7",
    "title_norm": 1.0,
    "autocomplete": "",
    "title": "",
    "body": ""
  }
},
{
  "model": "wagtailsearch.indexentry",
  "pk": 27,
  "fields": {
    "content_type": [
      "home",
      "proposallistpage"
    ],
    "object_id": "8",
    "title_norm": 1.0,
    "autocomplete": "",
    "title": "",
    "body": ""
  }
},
{
  "model": "wagtailsearch.indexentry",
  "pk": 34,
  "fields": {
    "content_type": [
      "home",
      "srsubmissionpage"
    ],
    "object_id": "9",
    "title_norm": 1.0,
    "autocomplete": "",
    "title": "",
    "body": ""
  }
},
{
  "model": "wagtailsearch.indexentry",
  "pk": 39,
  "fields": {
    "content_type": [
      "home",
      "srforsamplepage"
    ],
    "object_id": "10",
    "title_norm": 1.0,
    "autocomplete": "",
    "title": "",
    "body": ""
  }
},
{
  "model": "wagtailsearch.indexentry",
  "pk": 44,
  "fields": {
    "content_type": [
      "home",
      "generalsamplepage"
    ],
    "object_id": "11",
    "title_norm": 1.0,
    "autocomplete": "",
    "title": "",
    "body": ""
  }
},
{
  "model": "wagtailsearch.indexentry",
  "pk": 51,
  "fields": {
    "content_type": [
      "home",
      "dmppage"
    ],
    "object_id": "12",
    "title_norm": 1.0,
    "autocomplete": "",
    "title": "",
    "body": ""
  }
},
{
  "model": "wagtailcore.locale",
  "pk": 1,
  "fields": {
    "language_code": "en"
  }
},
{
  "model": "wagtailcore.site",
  "fields": {
    "hostname": "easydmp.localhost",
    "port": 8080,
    "site_name": "easydmp",
    "root_page": 3,
    "is_default_site": true
  }
},
{
  "model": "wagtailcore.collection",
  "pk": 1,
  "fields": {
    "path": "0001",
    "depth": 1,
    "numchild": 0,
    "name": "Root"
  }
},
{
  "model": "wagtailcore.referenceindex",
  "pk": 1,
  "fields": {
    "content_type": [
      "wagtailimages",
      "image"
    ],
    "base_content_type": [
      "wagtailimages",
      "image"
    ],
    "object_id": "1",
    "to_content_type": [
      "wagtailcore",
      "collection"
    ],
    "to_object_id": "1",
    "model_path": "collection",
    "content_path": "collection",
    "content_path_hash": "b40b1263-e929-57f2-a7f8-9dbce56b887b"
  }
},
{
  "model": "wagtailcore.workflowpage",
  "pk": 1,
  "fields": {
    "workflow": 1
  }
},
{
  "model": "wagtailcore.workflowtask",
  "pk": 1,
  "fields": {
    "sort_order": 0,
    "workflow": 1,
    "task": 1
  }
},
{
  "model": "wagtailcore.task",
  "pk": 1,
  "fields": {
    "name": "Moderators approval",
    "content_type": [
      "wagtailcore",
      "groupapprovaltask"
    ],
    "active": true
  }
},
{
  "model": "wagtailcore.workflow",
  "pk": 1,
  "fields": {
    "name": "Moderators approval",
    "active": true
  }
},
{
  "model": "auth.group",
  "fields": {
    "name": "Moderators",
    "permissions": [
      [
        "access_admin",
        "wagtailadmin",
        "admin"
      ],
      [
        "add_document",
        "wagtaildocs",
        "document"
      ],
      [
        "change_document",
        "wagtaildocs",
        "document"
      ],
      [
        "choose_document",
        "wagtaildocs",
        "document"
      ],
      [
        "delete_document",
        "wagtaildocs",
        "document"
      ],
      [
        "add_image",
        "wagtailimages",
        "image"
      ],
      [
        "change_image",
        "wagtailimages",
        "image"
      ],
      [
        "delete_image",
        "wagtailimages",
        "image"
      ]
    ]
  }
},
{
  "model": "auth.group",
  "fields": {
    "name": "Editors",
    "permissions": [
      [
        "access_admin",
        "wagtailadmin",
        "admin"
      ],
      [
        "add_document",
        "wagtaildocs",
        "document"
      ],
      [
        "change_document",
        "wagtaildocs",
        "document"
      ],
      [
        "choose_document",
        "wagtaildocs",
        "document"
      ],
      [
        "delete_document",
        "wagtaildocs",
        "document"
      ],
      [
        "add_image",
        "wagtailimages",
        "image"
      ],
      [
        "change_image",
        "wagtailimages",
        "image"
      ],
      [
        "delete_image",
        "wagtailimages",
        "image"
      ]
    ]
  }
},
{
  "model": "auth.group",
  "fields": {
    "name": "LAME",
    "permissions": []
  }
},
{
  "model": "auth.group",
  "fields": {
    "name": "LAGE",
    "permissions": []
  }
},
{
  "model": "auth.user",
  "fields": {
    "password": "pbkdf2_sha256$870000$qIF7WevJO8et3u2lBFSjiO$JgskjjOkrn9q/R03O8FNuF+h1tlPOLIVVTGyUsD6KZE=",
    "last_login": "2024-08-27T09:42:49.663Z",
    "is_superuser": true,
    "username": "admin",
    "first_name": "Marco",
    "last_name": "Prenassi",
    "email": "m.prenassi@gmail.com",
    "is_staff": true,
    "is_active": true,
    "date_joined": "2024-08-27T08:52:43.287Z",
    "groups": [
      [
        "LAME"
      ],
      [
        "LAGE"
      ]
    ],
    "user_permissions": []
  }
},
{
  "model": "sessions.session",
  "pk": "g6vt4y9okndc8z59pyzxjqgd23qoclzi",
  "fields": {
    "session_data": ".eJxVj0FuwyAQRe8ya8sCZwzGy-57gqqyhgHXtDVEBquJoty9ps0mu9H895_0b0DMaY9lor0sPpbAVEKK0-rLklyG8e0G_zeMcKacf9LmoAEqMErdoe6lVqZVvdaqgT37LdLqD5bcGiLc3xv4U081mkK1SHj6WeIvH2vgPil-pJZTLFuwbUXaR5rb1-T898uDfRIslJejbYS2iNZaPJFFYqVwMBrtwGaeux7xJMgI4VnhzEIPAxlnGJm9kkZJqtLsc67r_eUctuuxsBNGCXH_BQEQYP4:1sisiv:HzuiK7Ei-gYkfg2Yat7sxx1W-7pqamPKRRzzrw10DUQ",
    "expire_date": "2024-09-10T09:42:49.669Z"
  }
},
{
  "model": "wagtailcore.pagesubscription",
  "pk": 2,
  "fields": {
    "user": [
      "admin"
    ],
    "page": 3,
    "comment_notifications": true
  }
},
{
  "model": "wagtailcore.pagesubscription",
  "pk": 3,
  "fields": {
    "user": [
      "admin"
    ],
    "page": 4,
    "comment_notifications": true
  }
},
{
  "model": "wagtailcore.pagesubscription",
  "pk": 4,
  "fields": {
    "user": [
      "admin"
    ],
    "page": 5,
    "comment_notifications": true
  }
},
{
  "model": "wagtailcore.pagesubscription",
  "pk": 5,
  "fields": {
    "user": [
      "admin"
    ],
    "page": 6,
    "comment_notifications": true
  }
},
{
  "model": "wagtailcore.pagesubscription",
  "pk": 6,
  "fields": {
    "user": [
      "admin"
    ],
    "page": 7,
    "comment_notifications": true
  }
},
{
  "model": "wagtailcore.pagesubscription",
  "pk": 7,
  "fields": {
    "user": [
      "admin"
    ],
    "page": 8,
    "comment_notifications": true
  }
},
{
  "model": "wagtailcore.pagesubscription",
  "pk": 8,
  "fields": {
    "user": [
      "admin"
    ],
    "page": 9,
    "comment_notifications": true
  }
},
{
  "model": "wagtailcore.pagesubscription",
  "pk": 9,
  "fields": {
    "user": [
      "admin"
    ],
    "page": 10,
    "comment_notifications": true
  }
},
{
  "model": "wagtailcore.pagesubscription",
  "pk": 10,
  "fields": {
    "user": [
      "admin"
    ],
    "page": 11,
    "comment_notifications": true
  }
},
{
  "model": "wagtailcore.pagesubscription",
  "pk": 11,
  "fields": {
    "user": [
      "admin"
    ],
    "page": 12,
    "comment_notifications": true
  }
},
{
  "model": "wagtailcore.pagelogentry",
  "pk": 1,
  "fields": {
    "content_type": [
      "wagtailcore",
      "page"
    ],
    "label": "Welcome to your new Wagtail site!",
    "action": "wagtail.delete",
    "data": {},
    "timestamp": "2024-08-27T08:53:36.316Z",
    "uuid": "9109f5d6-f50a-4726-8dbe-080d993126e7",
    "user": [
      "admin"
    ],
    "revision": null,
    "content_changed": false,
    "deleted": true,
    "page": 2
  }
},
{
  "model": "wagtailcore.pagelogentry",
  "pk": 2,
  "fields": {
    "content_type": [
      "home",
      "homepage"
    ],
    "label": "easydmp - Home Page",
    "action": "wagtail.create",
    "data": {},
    "timestamp": "2024-08-27T08:54:56.214Z",
    "uuid": "1e182903-b3b7-4a33-bafb-58ea12e401a5",
    "user": [
      "admin"
    ],
    "revision": null,
    "content_changed": true,
    "deleted": false,
    "page": 3
  }
},
{
  "model": "wagtailcore.pagelogentry",
  "pk": 3,
  "fields": {
    "content_type": [
      "home",
      "homepage"
    ],
    "label": "easydmp - Home Page",
    "action": "wagtail.edit",
    "data": {},
    "timestamp": "2024-08-27T08:54:56.241Z",
    "uuid": "1e182903-b3b7-4a33-bafb-58ea12e401a5",
    "user": [
      "admin"
    ],
    "revision": 1,
    "content_changed": true,
    "deleted": false,
    "page": 3
  }
},
{
  "model": "wagtailcore.pagelogentry",
  "pk": 4,
  "fields": {
    "content_type": [
      "home",
      "homepage"
    ],
    "label": "easydmp - Home Page",
    "action": "wagtail.publish",
    "data": {},
    "timestamp": "2024-08-27T08:54:56.281Z",
    "uuid": "1e182903-b3b7-4a33-bafb-58ea12e401a5",
    "user": [
      "admin"
    ],
    "revision": 1,
    "content_changed": true,
    "deleted": false,
    "page": 3
  }
},
{
  "model": "wagtailcore.pagelogentry",
  "pk": 5,
  "fields": {
    "content_type": [
      "home",
      "switchlabpage"
    ],
    "label": "Laboratory selection",
    "action": "wagtail.create",
    "data": {},
    "timestamp": "2024-08-27T09:01:07.201Z",
    "uuid": "1587a683-87e6-4c51-91aa-ac8afaeae7b1",
    "user": [
      "admin"
    ],
    "revision": null,
    "content_changed": true,
    "deleted": false,
    "page": 4
  }
},
{
  "model": "wagtailcore.pagelogentry",
  "pk": 6,
  "fields": {
    "content_type": [
      "home",
      "switchlabpage"
    ],
    "label": "Laboratory selection",
    "action": "wagtail.edit",
    "data": {},
    "timestamp": "2024-08-27T09:01:07.225Z",
    "uuid": "1587a683-87e6-4c51-91aa-ac8afaeae7b1",
    "user": [
      "admin"
    ],
    "revision": 2,
    "content_changed": true,
    "deleted": false,
    "page": 4
  }
},
{
  "model": "wagtailcore.pagelogentry",
  "pk": 7,
  "fields": {
    "content_type": [
      "home",
      "switchlabpage"
    ],
    "label": "Laboratory selection",
    "action": "wagtail.publish",
    "data": {},
    "timestamp": "2024-08-27T09:01:07.263Z",
    "uuid": "1587a683-87e6-4c51-91aa-ac8afaeae7b1",
    "user": [
      "admin"
    ],
    "revision": 2,
    "content_changed": true,
    "deleted": false,
    "page": 4
  }
},
{
  "model": "wagtailcore.pagelogentry",
  "pk": 8,
  "fields": {
    "content_type": [
      "home",
      "userdatapage"
    ],
    "label": "User information",
    "action": "wagtail.create",
    "data": {},
    "timestamp": "2024-08-27T09:02:02.757Z",
    "uuid": "092f6542-e309-4e05-8366-b04a976a8659",
    "user": [
      "admin"
    ],
    "revision": null,
    "content_changed": true,
    "deleted": false,
    "page": 5
  }
},
{
  "model": "wagtailcore.pagelogentry",
  "pk": 9,
  "fields": {
    "content_type": [
      "home",
      "userdatapage"
    ],
    "label": "User information",
    "action": "wagtail.edit",
    "data": {},
    "timestamp": "2024-08-27T09:02:02.781Z",
    "uuid": "092f6542-e309-4e05-8366-b04a976a8659",
    "user": [
      "admin"
    ],
    "revision": 3,
    "content_changed": true,
    "deleted": false,
    "page": 5
  }
},
{
  "model": "wagtailcore.pagelogentry",
  "pk": 10,
  "fields": {
    "content_type": [
      "home",
      "userdatapage"
    ],
    "label": "User information",
    "action": "wagtail.publish",
    "data": {},
    "timestamp": "2024-08-27T09:02:02.820Z",
    "uuid": "092f6542-e309-4e05-8366-b04a976a8659",
    "user": [
      "admin"
    ],
    "revision": 3,
    "content_changed": true,
    "deleted": false,
    "page": 5
  }
},
{
  "model": "wagtailcore.pagelogentry",
  "pk": 11,
  "fields": {
    "content_type": [
      "home",
      "switchlabpage"
    ],
    "label": "Laboratory selection",
    "action": "wagtail.edit",
    "data": {},
    "timestamp": "2024-08-27T09:07:00.548Z",
    "uuid": "a9fb6786-634a-438f-86cc-f7cbc593f0df",
    "user": [
      "admin"
    ],
    "revision": 4,
    "content_changed": true,
    "deleted": false,
    "page": 4
  }
},
{
  "model": "wagtailcore.pagelogentry",
  "pk": 12,
  "fields": {
    "content_type": [
      "home",
      "switchlabpage"
    ],
    "label": "Laboratory selection",
    "action": "wagtail.publish",
    "data": {},
    "timestamp": "2024-08-27T09:07:00.629Z",
    "uuid": "a9fb6786-634a-438f-86cc-f7cbc593f0df",
    "user": [
      "admin"
    ],
    "revision": 4,
    "content_changed": true,
    "deleted": false,
    "page": 4
  }
},
{
  "model": "wagtailcore.pagelogentry",
  "pk": 13,
  "fields": {
    "content_type": [
      "home",
      "addnewlabpage"
    ],
    "label": "Add Laboratory",
    "action": "wagtail.create",
    "data": {},
    "timestamp": "2024-08-27T09:16:02.638Z",
    "uuid": "e1d1b200-3178-406a-8a4b-a7c85b26cd8f",
    "user": [
      "admin"
    ],
    "revision": null,
    "content_changed": true,
    "deleted": false,
    "page": 6
  }
},
{
  "model": "wagtailcore.pagelogentry",
  "pk": 14,
  "fields": {
    "content_type": [
      "home",
      "addnewlabpage"
    ],
    "label": "Add Laboratory",
    "action": "wagtail.edit",
    "data": {},
    "timestamp": "2024-08-27T09:16:02.666Z",
    "uuid": "e1d1b200-3178-406a-8a4b-a7c85b26cd8f",
    "user": [
      "admin"
    ],
    "revision": 5,
    "content_changed": true,
    "deleted": false,
    "page": 6
  }
},
{
  "model": "wagtailcore.pagelogentry",
  "pk": 15,
  "fields": {
    "content_type": [
      "home",
      "addnewlabpage"
    ],
    "label": "Add Laboratory",
    "action": "wagtail.view_restriction.create",
    "data": {
      "restriction": {
        "type": "login",
        "title": "Private, accessible to any logged-in users"
      }
    },
    "timestamp": "2024-08-27T09:16:30.864Z",
    "uuid": "253dd376-0111-4dc1-b071-f290ed9a8946",
    "user": [
      "admin"
    ],
    "revision": null,
    "content_changed": false,
    "deleted": false,
    "page": 6
  }
},
{
  "model": "wagtailcore.pagelogentry",
  "pk": 16,
  "fields": {
    "content_type": [
      "home",
      "addnewlabpage"
    ],
    "label": "Add Laboratory",
    "action": "wagtail.edit",
    "data": {},
    "timestamp": "2024-08-27T09:16:33.746Z",
    "uuid": "22565083-435c-408d-bcf0-7f3e32b2e90b",
    "user": [
      "admin"
    ],
    "revision": 6,
    "content_changed": true,
    "deleted": false,
    "page": 6
  }
},
{
  "model": "wagtailcore.pagelogentry",
  "pk": 17,
  "fields": {
    "content_type": [
      "home",
      "addnewlabpage"
    ],
    "label": "Add Laboratory",
    "action": "wagtail.publish",
    "data": {},
    "timestamp": "2024-08-27T09:16:33.788Z",
    "uuid": "22565083-435c-408d-bcf0-7f3e32b2e90b",
    "user": [
      "admin"
    ],
    "revision": 6,
    "content_changed": false,
    "deleted": false,
    "page": 6
  }
},
{
  "model": "wagtailcore.pagelogentry",
  "pk": 18,
  "fields": {
    "content_type": [
      "home",
      "proposalsubmissionpage"
    ],
    "label": "Proposal submission",
    "action": "wagtail.create",
    "data": {},
    "timestamp": "2024-08-27T09:18:45.544Z",
    "uuid": "3b3b92a5-e9d9-49ef-a7fd-69c4999d98f1",
    "user": [
      "admin"
    ],
    "revision": null,
    "content_changed": true,
    "deleted": false,
    "page": 7
  }
},
{
  "model": "wagtailcore.pagelogentry",
  "pk": 19,
  "fields": {
    "content_type": [
      "home",
      "proposalsubmissionpage"
    ],
    "label": "Proposal submission",
    "action": "wagtail.edit",
    "data": {},
    "timestamp": "2024-08-27T09:18:45.578Z",
    "uuid": "3b3b92a5-e9d9-49ef-a7fd-69c4999d98f1",
    "user": [
      "admin"
    ],
    "revision": 7,
    "content_changed": true,
    "deleted": false,
    "page": 7
  }
},
{
  "model": "wagtailcore.pagelogentry",
  "pk": 20,
  "fields": {
    "content_type": [
      "home",
      "proposalsubmissionpage"
    ],
    "label": "Proposal submission",
    "action": "wagtail.view_restriction.create",
    "data": {
      "restriction": {
        "type": "login",
        "title": "Private, accessible to any logged-in users"
      }
    },
    "timestamp": "2024-08-27T09:18:58.299Z",
    "uuid": "fc6dbba8-e3f1-4d74-a673-2e12030eb35b",
    "user": [
      "admin"
    ],
    "revision": null,
    "content_changed": false,
    "deleted": false,
    "page": 7
  }
},
{
  "model": "wagtailcore.pagelogentry",
  "pk": 21,
  "fields": {
    "content_type": [
      "home",
      "proposalsubmissionpage"
    ],
    "label": "Proposal submission",
    "action": "wagtail.edit",
    "data": {},
    "timestamp": "2024-08-27T09:19:00.710Z",
    "uuid": "2cf65e67-93ec-4062-9325-b1054f8833ee",
    "user": [
      "admin"
    ],
    "revision": 8,
    "content_changed": true,
    "deleted": false,
    "page": 7
  }
},
{
  "model": "wagtailcore.pagelogentry",
  "pk": 22,
  "fields": {
    "content_type": [
      "home",
      "proposalsubmissionpage"
    ],
    "label": "Proposal submission",
    "action": "wagtail.publish",
    "data": {},
    "timestamp": "2024-08-27T09:19:00.753Z",
    "uuid": "2cf65e67-93ec-4062-9325-b1054f8833ee",
    "user": [
      "admin"
    ],
    "revision": 8,
    "content_changed": false,
    "deleted": false,
    "page": 7
  }
},
{
  "model": "wagtailcore.pagelogentry",
  "pk": 23,
  "fields": {
    "content_type": [
      "home",
      "userdatapage"
    ],
    "label": "User information",
    "action": "wagtail.view_restriction.create",
    "data": {
      "restriction": {
        "type": "login",
        "title": "Private, accessible to any logged-in users"
      }
    },
    "timestamp": "2024-08-27T09:20:26.605Z",
    "uuid": "7ed6b906-4ab7-4c91-b2c9-825224e95569",
    "user": [
      "admin"
    ],
    "revision": null,
    "content_changed": false,
    "deleted": false,
    "page": 5
  }
},
{
  "model": "wagtailcore.pagelogentry",
  "pk": 24,
  "fields": {
    "content_type": [
      "home",
      "userdatapage"
    ],
    "label": "User information",
    "action": "wagtail.edit",
    "data": {},
    "timestamp": "2024-08-27T09:20:29.096Z",
    "uuid": "36313904-0e79-4bb2-9b9b-7f1c3f8cdc91",
    "user": [
      "admin"
    ],
    "revision": 9,
    "content_changed": true,
    "deleted": false,
    "page": 5
  }
},
{
  "model": "wagtailcore.pagelogentry",
  "pk": 25,
  "fields": {
    "content_type": [
      "home",
      "userdatapage"
    ],
    "label": "User information",
    "action": "wagtail.publish",
    "data": {},
    "timestamp": "2024-08-27T09:20:29.143Z",
    "uuid": "36313904-0e79-4bb2-9b9b-7f1c3f8cdc91",
    "user": [
      "admin"
    ],
    "revision": 9,
    "content_changed": true,
    "deleted": false,
    "page": 5
  }
},
{
  "model": "wagtailcore.pagelogentry",
  "pk": 26,
  "fields": {
    "content_type": [
      "home",
      "proposallistpage"
    ],
    "label": "Proposal List",
    "action": "wagtail.create",
    "data": {},
    "timestamp": "2024-08-27T09:22:38.209Z",
    "uuid": "060d3e71-e271-4da9-bfe4-8987ed2ff4af",
    "user": [
      "admin"
    ],
    "revision": null,
    "content_changed": true,
    "deleted": false,
    "page": 8
  }
},
{
  "model": "wagtailcore.pagelogentry",
  "pk": 27,
  "fields": {
    "content_type": [
      "home",
      "proposallistpage"
    ],
    "label": "Proposal List",
    "action": "wagtail.edit",
    "data": {},
    "timestamp": "2024-08-27T09:22:38.238Z",
    "uuid": "060d3e71-e271-4da9-bfe4-8987ed2ff4af",
    "user": [
      "admin"
    ],
    "revision": 10,
    "content_changed": true,
    "deleted": false,
    "page": 8
  }
},
{
  "model": "wagtailcore.pagelogentry",
  "pk": 28,
  "fields": {
    "content_type": [
      "home",
      "proposallistpage"
    ],
    "label": "Proposal List",
    "action": "wagtail.view_restriction.create",
    "data": {
      "restriction": {
        "type": "login",
        "title": "Private, accessible to any logged-in users"
      }
    },
    "timestamp": "2024-08-27T09:22:42.773Z",
    "uuid": "ece004c8-6078-4cd4-8370-ace5617c0955",
    "user": [
      "admin"
    ],
    "revision": null,
    "content_changed": false,
    "deleted": false,
    "page": 8
  }
},
{
  "model": "wagtailcore.pagelogentry",
  "pk": 29,
  "fields": {
    "content_type": [
      "home",
      "proposallistpage"
    ],
    "label": "Proposal List",
    "action": "wagtail.edit",
    "data": {},
    "timestamp": "2024-08-27T09:22:48.219Z",
    "uuid": "a4654336-be9d-4ad3-88c4-6058c2b3f553",
    "user": [
      "admin"
    ],
    "revision": 11,
    "content_changed": true,
    "deleted": false,
    "page": 8
  }
},
{
  "model": "wagtailcore.pagelogentry",
  "pk": 30,
  "fields": {
    "content_type": [
      "home",
      "proposallistpage"
    ],
    "label": "Proposal List",
    "action": "wagtail.publish",
    "data": {},
    "timestamp": "2024-08-27T09:22:48.256Z",
    "uuid": "a4654336-be9d-4ad3-88c4-6058c2b3f553",
    "user": [
      "admin"
    ],
    "revision": 11,
    "content_changed": true,
    "deleted": false,
    "page": 8
  }
},
{
  "model": "wagtailcore.pagelogentry",
  "pk": 31,
  "fields": {
    "content_type": [
      "home",
      "switchlabpage"
    ],
    "label": "Laboratory selection",
    "action": "wagtail.view_restriction.create",
    "data": {
      "restriction": {
        "type": "login",
        "title": "Private, accessible to any logged-in users"
      }
    },
    "timestamp": "2024-08-27T09:22:58.897Z",
    "uuid": "9c580fa9-924e-45e0-b781-1211456c724e",
    "user": [
      "admin"
    ],
    "revision": null,
    "content_changed": false,
    "deleted": false,
    "page": 4
  }
},
{
  "model": "wagtailcore.pagelogentry",
  "pk": 32,
  "fields": {
    "content_type": [
      "home",
      "switchlabpage"
    ],
    "label": "Laboratory selection",
    "action": "wagtail.edit",
    "data": {},
    "timestamp": "2024-08-27T09:23:01.331Z",
    "uuid": "48c9a3ee-cca5-4420-8267-59558c016c50",
    "user": [
      "admin"
    ],
    "revision": 12,
    "content_changed": true,
    "deleted": false,
    "page": 4
  }
},
{
  "model": "wagtailcore.pagelogentry",
  "pk": 33,
  "fields": {
    "content_type": [
      "home",
      "switchlabpage"
    ],
    "label": "Laboratory selection",
    "action": "wagtail.publish",
    "data": {},
    "timestamp": "2024-08-27T09:23:01.375Z",
    "uuid": "48c9a3ee-cca5-4420-8267-59558c016c50",
    "user": [
      "admin"
    ],
    "revision": 12,
    "content_changed": false,
    "deleted": false,
    "page": 4
  }
},
{
  "model": "wagtailcore.pagelogentry",
  "pk": 34,
  "fields": {
    "content_type": [
      "home",
      "srsubmissionpage"
    ],
    "label": "Service Request submission",
    "action": "wagtail.create",
    "data": {},
    "timestamp": "2024-08-27T09:24:15.845Z",
    "uuid": "d5ab4759-7704-4618-b751-771e9b143361",
    "user": [
      "admin"
    ],
    "revision": null,
    "content_changed": true,
    "deleted": false,
    "page": 9
  }
},
{
  "model": "wagtailcore.pagelogentry",
  "pk": 35,
  "fields": {
    "content_type": [
      "home",
      "srsubmissionpage"
    ],
    "label": "Service Request submission",
    "action": "wagtail.edit",
    "data": {},
    "timestamp": "2024-08-27T09:24:15.868Z",
    "uuid": "d5ab4759-7704-4618-b751-771e9b143361",
    "user": [
      "admin"
    ],
    "revision": 13,
    "content_changed": true,
    "deleted": false,
    "page": 9
  }
},
{
  "model": "wagtailcore.pagelogentry",
  "pk": 36,
  "fields": {
    "content_type": [
      "home",
      "srsubmissionpage"
    ],
    "label": "Service Request submission",
    "action": "wagtail.view_restriction.create",
    "data": {
      "restriction": {
        "type": "login",
        "title": "Private, accessible to any logged-in users"
      }
    },
    "timestamp": "2024-08-27T09:24:19.967Z",
    "uuid": "bb4ad605-f6d0-4bc3-b717-a9eaad4dd26a",
    "user": [
      "admin"
    ],
    "revision": null,
    "content_changed": false,
    "deleted": false,
    "page": 9
  }
},
{
  "model": "wagtailcore.pagelogentry",
  "pk": 37,
  "fields": {
    "content_type": [
      "home",
      "srsubmissionpage"
    ],
    "label": "Service Request submission",
    "action": "wagtail.edit",
    "data": {},
    "timestamp": "2024-08-27T09:24:22.194Z",
    "uuid": "55cff768-ba14-485c-9b0b-5321347f3620",
    "user": [
      "admin"
    ],
    "revision": 14,
    "content_changed": true,
    "deleted": false,
    "page": 9
  }
},
{
  "model": "wagtailcore.pagelogentry",
  "pk": 38,
  "fields": {
    "content_type": [
      "home",
      "srsubmissionpage"
    ],
    "label": "Service Request submission",
    "action": "wagtail.publish",
    "data": {},
    "timestamp": "2024-08-27T09:24:22.231Z",
    "uuid": "55cff768-ba14-485c-9b0b-5321347f3620",
    "user": [
      "admin"
    ],
    "revision": 14,
    "content_changed": false,
    "deleted": false,
    "page": 9
  }
},
{
  "model": "wagtailcore.pagelogentry",
  "pk": 39,
  "fields": {
    "content_type": [
      "home",
      "srforsamplepage"
    ],
    "label": "Sample Entry",
    "action": "wagtail.create",
    "data": {},
    "timestamp": "2024-08-27T09:29:04.832Z",
    "uuid": "841fe108-b7b9-4874-be92-b9b39774f78a",
    "user": [
      "admin"
    ],
    "revision": null,
    "content_changed": true,
    "deleted": false,
    "page": 10
  }
},
{
  "model": "wagtailcore.pagelogentry",
  "pk": 40,
  "fields": {
    "content_type": [
      "home",
      "srforsamplepage"
    ],
    "label": "Sample Entry",
    "action": "wagtail.edit",
    "data": {},
    "timestamp": "2024-08-27T09:29:04.856Z",
    "uuid": "841fe108-b7b9-4874-be92-b9b39774f78a",
    "user": [
      "admin"
    ],
    "revision": 15,
    "content_changed": true,
    "deleted": false,
    "page": 10
  }
},
{
  "model": "wagtailcore.pagelogentry",
  "pk": 41,
  "fields": {
    "content_type": [
      "home",
      "srforsamplepage"
    ],
    "label": "Sample Entry",
    "action": "wagtail.view_restriction.create",
    "data": {
      "restriction": {
        "type": "login",
        "title": "Private, accessible to any logged-in users"
      }
    },
    "timestamp": "2024-08-27T09:29:14.027Z",
    "uuid": "ba89406c-fc85-4f2b-b248-0841fd0d46ba",
    "user": [
      "admin"
    ],
    "revision": null,
    "content_changed": false,
    "deleted": false,
    "page": 10
  }
},
{
  "model": "wagtailcore.pagelogentry",
  "pk": 42,
  "fields": {
    "content_type": [
      "home",
      "srforsamplepage"
    ],
    "label": "Sample Entry",
    "action": "wagtail.edit",
    "data": {},
    "timestamp": "2024-08-27T09:29:17.271Z",
    "uuid": "8eb83aaa-b105-4f12-8b66-9ac1b95b9722",
    "user": [
      "admin"
    ],
    "revision": 16,
    "content_changed": true,
    "deleted": false,
    "page": 10
  }
},
{
  "model": "wagtailcore.pagelogentry",
  "pk": 43,
  "fields": {
    "content_type": [
      "home",
      "srforsamplepage"
    ],
    "label": "Sample Entry",
    "action": "wagtail.publish",
    "data": {},
    "timestamp": "2024-08-27T09:29:17.311Z",
    "uuid": "8eb83aaa-b105-4f12-8b66-9ac1b95b9722",
    "user": [
      "admin"
    ],
    "revision": 16,
    "content_changed": false,
    "deleted": false,
    "page": 10
  }
},
{
  "model": "wagtailcore.pagelogentry",
  "pk": 44,
  "fields": {
    "content_type": [
      "home",
      "generalsamplepage"
    ],
    "label": "Sample entry information",
    "action": "wagtail.create",
    "data": {},
    "timestamp": "2024-08-27T09:31:08.416Z",
    "uuid": "020a1c21-860b-4599-b45f-dab634a5b121",
    "user": [
      "admin"
    ],
    "revision": null,
    "content_changed": true,
    "deleted": false,
    "page": 11
  }
},
{
  "model": "wagtailcore.pagelogentry",
  "pk": 45,
  "fields": {
    "content_type": [
      "home",
      "generalsamplepage"
    ],
    "label": "Sample entry information",
    "action": "wagtail.edit",
    "data": {},
    "timestamp": "2024-08-27T09:31:08.440Z",
    "uuid": "020a1c21-860b-4599-b45f-dab634a5b121",
    "user": [
      "admin"
    ],
    "revision": 17,
    "content_changed": true,
    "deleted": false,
    "page": 11
  }
},
{
  "model": "wagtailcore.pagelogentry",
  "pk": 46,
  "fields": {
    "content_type": [
      "home",
      "generalsamplepage"
    ],
    "label": "Sample entry information",
    "action": "wagtail.view_restriction.create",
    "data": {
      "restriction": {
        "type": "login",
        "title": "Private, accessible to any logged-in users"
      }
    },
    "timestamp": "2024-08-27T09:31:44.974Z",
    "uuid": "a587e385-3223-432e-9c34-aa01302a9d96",
    "user": [
      "admin"
    ],
    "revision": null,
    "content_changed": false,
    "deleted": false,
    "page": 11
  }
},
{
  "model": "wagtailcore.pagelogentry",
  "pk": 47,
  "fields": {
    "content_type": [
      "home",
      "generalsamplepage"
    ],
    "label": "Sample entry information",
    "action": "wagtail.edit",
    "data": {},
    "timestamp": "2024-08-27T09:31:47.440Z",
    "uuid": "f5890b6b-995b-4ebf-bdec-fa756ebc6e86",
    "user": [
      "admin"
    ],
    "revision": 18,
    "content_changed": true,
    "deleted": false,
    "page": 11
  }
},
{
  "model": "wagtailcore.pagelogentry",
  "pk": 48,
  "fields": {
    "content_type": [
      "home",
      "generalsamplepage"
    ],
    "label": "Sample entry information",
    "action": "wagtail.publish",
    "data": {},
    "timestamp": "2024-08-27T09:31:47.488Z",
    "uuid": "f5890b6b-995b-4ebf-bdec-fa756ebc6e86",
    "user": [
      "admin"
    ],
    "revision": 18,
    "content_changed": false,
    "deleted": false,
    "page": 11
  }
},
{
  "model": "wagtailcore.pagelogentry",
  "pk": 49,
  "fields": {
    "content_type": [
      "home",
      "generalsamplepage"
    ],
    "label": "Sample entry information",
    "action": "wagtail.edit",
    "data": {},
    "timestamp": "2024-08-27T09:32:18.260Z",
    "uuid": "661f74fb-a2f2-4336-8f88-291d0ee9955a",
    "user": [
      "admin"
    ],
    "revision": 19,
    "content_changed": true,
    "deleted": false,
    "page": 11
  }
},
{
  "model": "wagtailcore.pagelogentry",
  "pk": 50,
  "fields": {
    "content_type": [
      "home",
      "generalsamplepage"
    ],
    "label": "Sample entry information",
    "action": "wagtail.publish",
    "data": {},
    "timestamp": "2024-08-27T09:32:18.305Z",
    "uuid": "661f74fb-a2f2-4336-8f88-291d0ee9955a",
    "user": [
      "admin"
    ],
    "revision": 19,
    "content_changed": false,
    "deleted": false,
    "page": 11
  }
},
{
  "model": "wagtailcore.pagelogentry",
  "pk": 51,
  "fields": {
    "content_type": [
      "home",
      "dmppage"
    ],
    "label": "Data Management Plant Core Information",
    "action": "wagtail.create",
    "data": {},
    "timestamp": "2024-08-27T09:36:07.331Z",
    "uuid": "4a5233be-85cd-479e-8cc3-5305c8e34b50",
    "user": [
      "admin"
    ],
    "revision": null,
    "content_changed": true,
    "deleted": false,
    "page": 12
  }
},
{
  "model": "wagtailcore.pagelogentry",
  "pk": 52,
  "fields": {
    "content_type": [
      "home",
      "dmppage"
    ],
    "label": "Data Management Plant Core Information",
    "action": "wagtail.edit",
    "data": {},
    "timestamp": "2024-08-27T09:36:07.357Z",
    "uuid": "4a5233be-85cd-479e-8cc3-5305c8e34b50",
    "user": [
      "admin"
    ],
    "revision": 20,
    "content_changed": true,
    "deleted": false,
    "page": 12
  }
},
{
  "model": "wagtailcore.pagelogentry",
  "pk": 53,
  "fields": {
    "content_type": [
      "home",
      "dmppage"
    ],
    "label": "Data Management Plant Core Information",
    "action": "wagtail.publish",
    "data": {},
    "timestamp": "2024-08-27T09:36:07.399Z",
    "uuid": "4a5233be-85cd-479e-8cc3-5305c8e34b50",
    "user": [
      "admin"
    ],
    "revision": 20,
    "content_changed": true,
    "deleted": false,
    "page": 12
  }
},
{
  "model": "wagtailcore.pagelogentry",
  "pk": 54,
  "fields": {
    "content_type": [
      "home",
      "dmppage"
    ],
    "label": "Data Management Plant Core Information",
    "action": "wagtail.view_restriction.create",
    "data": {
      "restriction": {
        "type": "login",
        "title": "Private, accessible to any logged-in users"
      }
    },
    "timestamp": "2024-08-27T09:36:26.804Z",
    "uuid": "edbf5573-df80-4283-b510-58116b8d05df",
    "user": [
      "admin"
    ],
    "revision": null,
    "content_changed": false,
    "deleted": false,
    "page": 12
  }
},
{
  "model": "wagtailcore.pagelogentry",
  "pk": 55,
  "fields": {
    "content_type": [
      "home",
      "dmppage"
    ],
    "label": "Data Management Plant Core Information",
    "action": "wagtail.edit",
    "data": {},
    "timestamp": "2024-08-27T09:36:28.757Z",
    "uuid": "9f651301-f910-4c57-a833-2c3d5be3c443",
    "user": [
      "admin"
    ],
    "revision": 21,
    "content_changed": true,
    "deleted": false,
    "page": 12
  }
},
{
  "model": "wagtailcore.pagelogentry",
  "pk": 56,
  "fields": {
    "content_type": [
      "home",
      "dmppage"
    ],
    "label": "Data Management Plant Core Information",
    "action": "wagtail.publish",
    "data": {},
    "timestamp": "2024-08-27T09:36:28.799Z",
    "uuid": "9f651301-f910-4c57-a833-2c3d5be3c443",
    "user": [
      "admin"
    ],
    "revision": 21,
    "content_changed": false,
    "deleted": false,
    "page": 12
  }
},
{
  "model": "wagtailcore.pagelogentry",
  "pk": 57,
  "fields": {
    "content_type": [
      "home",
      "dmppage"
    ],
    "label": "Data Management Plant Core Information",
    "action": "wagtail.edit",
    "data": {},
    "timestamp": "2024-08-27T09:36:58.496Z",
    "uuid": "1fafb2d6-d7b7-4edd-b586-5cd1fce8d299",
    "user": [
      "admin"
    ],
    "revision": 22,
    "content_changed": true,
    "deleted": false,
    "page": 12
  }
},
{
  "model": "wagtailcore.pagelogentry",
  "pk": 58,
  "fields": {
    "content_type": [
      "home",
      "dmppage"
    ],
    "label": "Data Management Plant Core Information",
    "action": "wagtail.publish",
    "data": {},
    "timestamp": "2024-08-27T09:36:58.541Z",
    "uuid": "1fafb2d6-d7b7-4edd-b586-5cd1fce8d299",
    "user": [
      "admin"
    ],
    "revision": 22,
    "content_changed": true,
    "deleted": false,
    "page": 12
  }
},
{
  "model": "wagtailcore.groupapprovaltask",
  "pk": 1,
  "fields": {
    "task_ptr": 1,
    "groups": [
      [
        "Moderators"
      ]
    ]
  }
},
{
  "model": "wagtailcore.pageviewrestriction",
  "pk": 1,
  "fields": {
    "restriction_type": "login",
    "password": "",
    "page": 6,
    "groups": []
  }
},
{
  "model": "wagtailcore.pageviewrestriction",
  "pk": 2,
  "fields": {
    "restriction_type": "login",
    "password": "",
    "page": 7,
    "groups": []
  }
},
{
  "model": "wagtailcore.pageviewrestriction",
  "pk": 3,
  "fields": {
    "restriction_type": "login",
    "password": "",
    "page": 5,
    "groups": []
  }
},
{
  "model": "wagtailcore.pageviewrestriction",
  "pk": 4,
  "fields": {
    "restriction_type": "login",
    "password": "",
    "page": 8,
    "groups": []
  }
},
{
  "model": "wagtailcore.pageviewrestriction",
  "pk": 5,
  "fields": {
    "restriction_type": "login",
    "password": "",
    "page": 4,
    "groups": []
  }
},
{
  "model": "wagtailcore.pageviewrestriction",
  "pk": 6,
  "fields": {
    "restriction_type": "login",
    "password": "",
    "page": 9,
    "groups": []
  }
},
{
  "model": "wagtailcore.pageviewrestriction",
  "pk": 7,
  "fields": {
    "restriction_type": "login",
    "password": "",
    "page": 10,
    "groups": []
  }
},
{
  "model": "wagtailcore.pageviewrestriction",
  "pk": 8,
  "fields": {
    "restriction_type": "login",
    "password": "",
    "page": 11,
    "groups": []
  }
},
{
  "model": "wagtailcore.pageviewrestriction",
  "pk": 9,
  "fields": {
    "restriction_type": "login",
    "password": "",
    "page": 12,
    "groups": []
  }
},
{
  "model": "wagtailcore.grouppagepermission",
  "pk": 1,
  "fields": {
    "group": [
      "Moderators"
    ],
    "page": 1,
    "permission": [
      "add_page",
      "wagtailcore",
      "page"
    ]
  }
},
{
  "model": "wagtailcore.grouppagepermission",
  "pk": 2,
  "fields": {
    "group": [
      "Moderators"
    ],
    "page": 1,
    "permission": [
      "change_page",
      "wagtailcore",
      "page"
    ]
  }
},
{
  "model": "wagtailcore.grouppagepermission",
  "pk": 3,
  "fields": {
    "group": [
      "Moderators"
    ],
    "page": 1,
    "permission": [
      "publish_page",
      "wagtailcore",
      "page"
    ]
  }
},
{
  "model": "wagtailcore.grouppagepermission",
  "pk": 4,
  "fields": {
    "group": [
      "Editors"
    ],
    "page": 1,
    "permission": [
      "add_page",
      "wagtailcore",
      "page"
    ]
  }
},
{
  "model": "wagtailcore.grouppagepermission",
  "pk": 5,
  "fields": {
    "group": [
      "Editors"
    ],
    "page": 1,
    "permission": [
      "change_page",
      "wagtailcore",
      "page"
    ]
  }
},
{
  "model": "wagtailcore.grouppagepermission",
  "pk": 6,
  "fields": {
    "group": [
      "Moderators"
    ],
    "page": 1,
    "permission": [
      "lock_page",
      "wagtailcore",
      "page"
    ]
  }
},
{
  "model": "wagtailcore.grouppagepermission",
  "pk": 7,
  "fields": {
    "group": [
      "Moderators"
    ],
    "page": 1,
    "permission": [
      "unlock_page",
      "wagtailcore",
      "page"
    ]
  }
},
{
  "model": "wagtailcore.revision",
  "pk": 1,
  "fields": {
    "content_type": [
      "home",
      "homepage"
    ],
    "base_content_type": [
      "wagtailcore",
      "page"
    ],
    "object_id": "3",
    "created_at": "2024-08-27T08:54:56.228Z",
    "user": [
      "admin"
    ],
    "object_str": "easydmp - Home Page",
    "content": {
      "pk": 3,
      "body": "",
      "live": true,
      "path": "00010001",
      "slug": "easydmp-home",
      "depth": 2,
      "intro": "This is the home page of easyDMP",
      "owner": 1,
      "title": "easydmp - Home Page",
      "locale": 1,
      "locked": false,
      "expired": false,
      "alias_of": null,
      "numchild": 0,
      "url_path": "/easydmp-home/",
      "expire_at": null,
      "locked_at": null,
      "locked_by": null,
      "seo_title": "",
      "go_live_at": null,
      "draft_title": "easydmp - Home Page",
      "content_type": 28,
      "live_revision": null,
      "show_in_menus": false,
      "latest_revision": null,
      "translation_key": "3e3ce976-727e-4b0e-b14e-1e26f7257012",
      "last_published_at": null,
      "first_published_at": null,
      "search_description": "",
      "wagtail_admin_comments": [],
      "has_unpublished_changes": false,
      "latest_revision_created_at": null
    },
    "approved_go_live_at": null
  }
},
{
  "model": "wagtailcore.revision",
  "pk": 2,
  "fields": {
    "content_type": [
      "home",
      "switchlabpage"
    ],
    "base_content_type": [
      "wagtailcore",
      "page"
    ],
    "object_id": "4",
    "created_at": "2024-08-27T09:01:07.212Z",
    "user": [
      "admin"
    ],
    "object_str": "Laboratory selection",
    "content": {
      "pk": 4,
      "live": true,
      "path": "000100010001",
      "slug": "laboratory-selection",
      "depth": 3,
      "intro": "<p data-block-key=\"wuegj\">Select a laboratory to work with</p>",
      "owner": 1,
      "title": "Laboratory selection",
      "locale": 1,
      "locked": false,
      "expired": false,
      "alias_of": null,
      "numchild": 0,
      "url_path": "/easydmp-home/laboratory-selection/",
      "expire_at": null,
      "locked_at": null,
      "locked_by": null,
      "seo_title": "",
      "go_live_at": null,
      "draft_title": "Laboratory selection",
      "content_type": 39,
      "live_revision": null,
      "show_in_menus": false,
      "latest_revision": null,
      "translation_key": "1d1144c4-beca-4d5d-b741-1d8cd9b8817d",
      "last_published_at": null,
      "first_published_at": null,
      "search_description": "",
      "wagtail_admin_comments": [],
      "has_unpublished_changes": false,
      "latest_revision_created_at": null
    },
    "approved_go_live_at": null
  }
},
{
  "model": "wagtailcore.revision",
  "pk": 3,
  "fields": {
    "content_type": [
      "home",
      "userdatapage"
    ],
    "base_content_type": [
      "wagtailcore",
      "page"
    ],
    "object_id": "5",
    "created_at": "2024-08-27T09:02:02.769Z",
    "user": [
      "admin"
    ],
    "object_str": "User information",
    "content": {
      "pk": 5,
      "live": true,
      "path": "000100010002",
      "slug": "user-information",
      "depth": 3,
      "intro": "<p data-block-key=\"ml7kd\">Insert the additional user information</p>",
      "owner": 1,
      "title": "User information",
      "locale": 1,
      "locked": false,
      "expired": false,
      "alias_of": null,
      "numchild": 0,
      "url_path": "/easydmp-home/user-information/",
      "expire_at": null,
      "locked_at": null,
      "locked_by": null,
      "seo_title": "",
      "go_live_at": null,
      "draft_title": "User information",
      "content_type": 40,
      "live_revision": null,
      "show_in_menus": false,
      "latest_revision": null,
      "translation_key": "b51f8b64-64e6-4a7f-b017-53e40223a8ac",
      "last_published_at": null,
      "first_published_at": null,
      "search_description": "",
      "thankyou_page_title": "Thank you!",
      "wagtail_admin_comments": [],
      "has_unpublished_changes": false,
      "latest_revision_created_at": null
    },
    "approved_go_live_at": null
  }
},
{
  "model": "wagtailcore.revision",
  "pk": 4,
  "fields": {
    "content_type": [
      "home",
      "switchlabpage"
    ],
    "base_content_type": [
      "wagtailcore",
      "page"
    ],
    "object_id": "4",
    "created_at": "2024-08-27T09:07:00.520Z",
    "user": [
      "admin"
    ],
    "object_str": "Laboratory selection",
    "content": {
      "pk": 4,
      "live": true,
      "path": "000100010001",
      "slug": "switch-laboratory",
      "depth": 3,
      "intro": "<p data-block-key=\"wuegj\">Select a laboratory to work with</p>",
      "owner": 1,
      "title": "Laboratory selection",
      "locale": 1,
      "locked": false,
      "expired": false,
      "alias_of": null,
      "numchild": 0,
      "url_path": "/easydmp-home/laboratory-selection/",
      "expire_at": null,
      "locked_at": null,
      "locked_by": null,
      "seo_title": "",
      "go_live_at": null,
      "draft_title": "Laboratory selection",
      "content_type": 39,
      "live_revision": 2,
      "show_in_menus": false,
      "latest_revision": 2,
      "translation_key": "1d1144c4-beca-4d5d-b741-1d8cd9b8817d",
      "last_published_at": "2024-08-27T09:01:07.236Z",
      "first_published_at": "2024-08-27T09:01:07.236Z",
      "search_description": "",
      "wagtail_admin_comments": [],
      "has_unpublished_changes": false,
      "latest_revision_created_at": "2024-08-27T09:01:07.212Z"
    },
    "approved_go_live_at": null
  }
},
{
  "model": "wagtailcore.revision",
  "pk": 5,
  "fields": {
    "content_type": [
      "home",
      "addnewlabpage"
    ],
    "base_content_type": [
      "wagtailcore",
      "page"
    ],
    "object_id": "6",
    "created_at": "2024-08-27T09:16:02.652Z",
    "user": [
      "admin"
    ],
    "object_str": "Add Laboratory",
    "content": {
      "pk": 6,
      "live": false,
      "path": "000100010003",
      "slug": "add-laboratory",
      "depth": 3,
      "intro": "<p data-block-key=\"2gj6m\">Add a new laboratory</p>",
      "owner": 1,
      "title": "Add Laboratory",
      "locale": 1,
      "locked": false,
      "expired": false,
      "alias_of": null,
      "numchild": 0,
      "url_path": "/easydmp-home/add-laboratory/",
      "expire_at": null,
      "locked_at": null,
      "locked_by": null,
      "seo_title": "",
      "go_live_at": null,
      "draft_title": "Add Laboratory",
      "content_type": 29,
      "live_revision": null,
      "show_in_menus": true,
      "latest_revision": null,
      "translation_key": "edf123be-1610-4574-a1a9-53645d0543db",
      "last_published_at": null,
      "first_published_at": null,
      "search_description": "",
      "thankyou_page_title": "Thank you!",
      "wagtail_admin_comments": [],
      "has_unpublished_changes": false,
      "latest_revision_created_at": null
    },
    "approved_go_live_at": null
  }
},
{
  "model": "wagtailcore.revision",
  "pk": 6,
  "fields": {
    "content_type": [
      "home",
      "addnewlabpage"
    ],
    "base_content_type": [
      "wagtailcore",
      "page"
    ],
    "object_id": "6",
    "created_at": "2024-08-27T09:16:33.733Z",
    "user": [
      "admin"
    ],
    "object_str": "Add Laboratory",
    "content": {
      "pk": 6,
      "live": false,
      "path": "000100010003",
      "slug": "add-laboratory",
      "depth": 3,
      "intro": "<p data-block-key=\"2gj6m\">Add a new laboratory</p>",
      "owner": 1,
      "title": "Add Laboratory",
      "locale": 1,
      "locked": false,
      "expired": false,
      "alias_of": null,
      "numchild": 0,
      "url_path": "/easydmp-home/add-laboratory/",
      "expire_at": null,
      "locked_at": null,
      "locked_by": null,
      "seo_title": "",
      "go_live_at": null,
      "draft_title": "Add Laboratory",
      "content_type": 29,
      "live_revision": null,
      "show_in_menus": true,
      "latest_revision": 5,
      "translation_key": "edf123be-1610-4574-a1a9-53645d0543db",
      "last_published_at": null,
      "first_published_at": null,
      "search_description": "",
      "thankyou_page_title": "Thank you!",
      "wagtail_admin_comments": [],
      "has_unpublished_changes": true,
      "latest_revision_created_at": "2024-08-27T09:16:02.652Z"
    },
    "approved_go_live_at": null
  }
},
{
  "model": "wagtailcore.revision",
  "pk": 7,
  "fields": {
    "content_type": [
      "home",
      "proposalsubmissionpage"
    ],
    "base_content_type": [
      "wagtailcore",
      "page"
    ],
    "object_id": "7",
    "created_at": "2024-08-27T09:18:45.565Z",
    "user": [
      "admin"
    ],
    "object_str": "Proposal submission",
    "content": {
      "pk": 7,
      "live": false,
      "path": "000100010004",
      "slug": "proposal-submission",
      "depth": 3,
      "intro": "<p data-block-key=\"5srn9\">Please insert the proposal information</p>",
      "owner": 1,
      "title": "Proposal submission",
      "locale": 1,
      "locked": false,
      "expired": false,
      "alias_of": null,
      "numchild": 0,
      "url_path": "/easydmp-home/proposal-submission/",
      "expire_at": null,
      "locked_at": null,
      "locked_by": null,
      "seo_title": "",
      "go_live_at": null,
      "draft_title": "Proposal submission",
      "content_type": 35,
      "live_revision": null,
      "show_in_menus": true,
      "latest_revision": null,
      "translation_key": "45d32000-8f26-4fd4-be63-a08d2038e66b",
      "last_published_at": null,
      "first_published_at": null,
      "search_description": "",
      "thankyou_page_title": "Thank you!",
      "wagtail_admin_comments": [],
      "has_unpublished_changes": false,
      "latest_revision_created_at": null
    },
    "approved_go_live_at": null
  }
},
{
  "model": "wagtailcore.revision",
  "pk": 8,
  "fields": {
    "content_type": [
      "home",
      "proposalsubmissionpage"
    ],
    "base_content_type": [
      "wagtailcore",
      "page"
    ],
    "object_id": "7",
    "created_at": "2024-08-27T09:19:00.691Z",
    "user": [
      "admin"
    ],
    "object_str": "Proposal submission",
    "content": {
      "pk": 7,
      "live": false,
      "path": "000100010004",
      "slug": "proposal-submission",
      "depth": 3,
      "intro": "<p data-block-key=\"5srn9\">Please insert the proposal information</p>",
      "owner": 1,
      "title": "Proposal submission",
      "locale": 1,
      "locked": false,
      "expired": false,
      "alias_of": null,
      "numchild": 0,
      "url_path": "/easydmp-home/proposal-submission/",
      "expire_at": null,
      "locked_at": null,
      "locked_by": null,
      "seo_title": "",
      "go_live_at": null,
      "draft_title": "Proposal submission",
      "content_type": 35,
      "live_revision": null,
      "show_in_menus": true,
      "latest_revision": 7,
      "translation_key": "45d32000-8f26-4fd4-be63-a08d2038e66b",
      "last_published_at": null,
      "first_published_at": null,
      "search_description": "",
      "thankyou_page_title": "Thank you!",
      "wagtail_admin_comments": [],
      "has_unpublished_changes": true,
      "latest_revision_created_at": "2024-08-27T09:18:45.565Z"
    },
    "approved_go_live_at": null
  }
},
{
  "model": "wagtailcore.revision",
  "pk": 9,
  "fields": {
    "content_type": [
      "home",
      "userdatapage"
    ],
    "base_content_type": [
      "wagtailcore",
      "page"
    ],
    "object_id": "5",
    "created_at": "2024-08-27T09:20:29.077Z",
    "user": [
      "admin"
    ],
    "object_str": "User information",
    "content": {
      "pk": 5,
      "live": true,
      "path": "000100010002",
      "slug": "user-information",
      "depth": 3,
      "intro": "<p data-block-key=\"ml7kd\">Insert the additional user information</p>",
      "owner": 1,
      "title": "User information",
      "locale": 1,
      "locked": false,
      "expired": false,
      "alias_of": null,
      "numchild": 0,
      "url_path": "/easydmp-home/user-information/",
      "expire_at": null,
      "locked_at": null,
      "locked_by": null,
      "seo_title": "",
      "go_live_at": null,
      "draft_title": "User information",
      "content_type": 40,
      "live_revision": 3,
      "show_in_menus": true,
      "latest_revision": 3,
      "translation_key": "b51f8b64-64e6-4a7f-b017-53e40223a8ac",
      "last_published_at": "2024-08-27T09:02:02.790Z",
      "first_published_at": "2024-08-27T09:02:02.790Z",
      "search_description": "",
      "thankyou_page_title": "Thank you!",
      "wagtail_admin_comments": [],
      "has_unpublished_changes": false,
      "latest_revision_created_at": "2024-08-27T09:02:02.769Z"
    },
    "approved_go_live_at": null
  }
},
{
  "model": "wagtailcore.revision",
  "pk": 10,
  "fields": {
    "content_type": [
      "home",
      "proposallistpage"
    ],
    "base_content_type": [
      "wagtailcore",
      "page"
    ],
    "object_id": "8",
    "created_at": "2024-08-27T09:22:38.226Z",
    "user": [
      "admin"
    ],
    "object_str": "Proposal List",
    "content": {
      "pk": 8,
      "live": false,
      "path": "000100010005",
      "slug": "proposal-list",
      "depth": 3,
      "intro": "<p data-block-key=\"v6me8\">This is the list of proposals</p>",
      "owner": 1,
      "title": "Proposal List",
      "locale": 1,
      "locked": false,
      "expired": false,
      "alias_of": null,
      "numchild": 0,
      "url_path": "/easydmp-home/proposal-list/",
      "expire_at": null,
      "locked_at": null,
      "locked_by": null,
      "seo_title": "",
      "go_live_at": null,
      "draft_title": "Proposal List",
      "content_type": 34,
      "live_revision": null,
      "show_in_menus": false,
      "latest_revision": null,
      "translation_key": "8e6b2ba5-92aa-415f-86c7-16a63881ef8f",
      "last_published_at": null,
      "first_published_at": null,
      "search_description": "",
      "wagtail_admin_comments": [],
      "has_unpublished_changes": false,
      "latest_revision_created_at": null
    },
    "approved_go_live_at": null
  }
},
{
  "model": "wagtailcore.revision",
  "pk": 11,
  "fields": {
    "content_type": [
      "home",
      "proposallistpage"
    ],
    "base_content_type": [
      "wagtailcore",
      "page"
    ],
    "object_id": "8",
    "created_at": "2024-08-27T09:22:48.208Z",
    "user": [
      "admin"
    ],
    "object_str": "Proposal List",
    "content": {
      "pk": 8,
      "live": false,
      "path": "000100010005",
      "slug": "proposal-list",
      "depth": 3,
      "intro": "<p data-block-key=\"v6me8\">This is the list of proposals</p>",
      "owner": 1,
      "title": "Proposal List",
      "locale": 1,
      "locked": false,
      "expired": false,
      "alias_of": null,
      "numchild": 0,
      "url_path": "/easydmp-home/proposal-list/",
      "expire_at": null,
      "locked_at": null,
      "locked_by": null,
      "seo_title": "",
      "go_live_at": null,
      "draft_title": "Proposal List",
      "content_type": 34,
      "live_revision": null,
      "show_in_menus": true,
      "latest_revision": 10,
      "translation_key": "8e6b2ba5-92aa-415f-86c7-16a63881ef8f",
      "last_published_at": null,
      "first_published_at": null,
      "search_description": "",
      "wagtail_admin_comments": [],
      "has_unpublished_changes": true,
      "latest_revision_created_at": "2024-08-27T09:22:38.226Z"
    },
    "approved_go_live_at": null
  }
},
{
  "model": "wagtailcore.revision",
  "pk": 12,
  "fields": {
    "content_type": [
      "home",
      "switchlabpage"
    ],
    "base_content_type": [
      "wagtailcore",
      "page"
    ],
    "object_id": "4",
    "created_at": "2024-08-27T09:23:01.312Z",
    "user": [
      "admin"
    ],
    "object_str": "Laboratory selection",
    "content": {
      "pk": 4,
      "live": true,
      "path": "000100010001",
      "slug": "switch-laboratory",
      "depth": 3,
      "intro": "<p data-block-key=\"wuegj\">Select a laboratory to work with</p>",
      "owner": 1,
      "title": "Laboratory selection",
      "locale": 1,
      "locked": false,
      "expired": false,
      "alias_of": null,
      "numchild": 0,
      "url_path": "/easydmp-home/switch-laboratory/",
      "expire_at": null,
      "locked_at": null,
      "locked_by": null,
      "seo_title": "",
      "go_live_at": null,
      "draft_title": "Laboratory selection",
      "content_type": 39,
      "live_revision": 4,
      "show_in_menus": false,
      "latest_revision": 4,
      "translation_key": "1d1144c4-beca-4d5d-b741-1d8cd9b8817d",
      "last_published_at": "2024-08-27T09:07:00.564Z",
      "first_published_at": "2024-08-27T09:01:07.236Z",
      "search_description": "",
      "wagtail_admin_comments": [],
      "has_unpublished_changes": false,
      "latest_revision_created_at": "2024-08-27T09:07:00.520Z"
    },
    "approved_go_live_at": null
  }
},
{
  "model": "wagtailcore.revision",
  "pk": 13,
  "fields": {
    "content_type": [
      "home",
      "srsubmissionpage"
    ],
    "base_content_type": [
      "wagtailcore",
      "page"
    ],
    "object_id": "9",
    "created_at": "2024-08-27T09:24:15.857Z",
    "user": [
      "admin"
    ],
    "object_str": "Service Request submission",
    "content": {
      "pk": 9,
      "live": false,
      "path": "000100010006",
      "slug": "service-request-submission",
      "depth": 3,
      "intro": "<p data-block-key=\"ybu1k\">Please enter the information for the service request</p>",
      "owner": 1,
      "title": "Service Request submission",
      "locale": 1,
      "locked": false,
      "expired": false,
      "alias_of": null,
      "numchild": 0,
      "url_path": "/easydmp-home/service-request-submission/",
      "expire_at": null,
      "locked_at": null,
      "locked_by": null,
      "seo_title": "",
      "go_live_at": null,
      "draft_title": "Service Request submission",
      "content_type": 38,
      "live_revision": null,
      "show_in_menus": true,
      "latest_revision": null,
      "translation_key": "0a091087-25ed-4279-ac5d-12491adcdebd",
      "last_published_at": null,
      "first_published_at": null,
      "search_description": "",
      "thankyou_page_title": "Thank you!",
      "wagtail_admin_comments": [],
      "has_unpublished_changes": false,
      "latest_revision_created_at": null
    },
    "approved_go_live_at": null
  }
},
{
  "model": "wagtailcore.revision",
  "pk": 14,
  "fields": {
    "content_type": [
      "home",
      "srsubmissionpage"
    ],
    "base_content_type": [
      "wagtailcore",
      "page"
    ],
    "object_id": "9",
    "created_at": "2024-08-27T09:24:22.182Z",
    "user": [
      "admin"
    ],
    "object_str": "Service Request submission",
    "content": {
      "pk": 9,
      "live": false,
      "path": "000100010006",
      "slug": "service-request-submission",
      "depth": 3,
      "intro": "<p data-block-key=\"ybu1k\">Please enter the information for the service request</p>",
      "owner": 1,
      "title": "Service Request submission",
      "locale": 1,
      "locked": false,
      "expired": false,
      "alias_of": null,
      "numchild": 0,
      "url_path": "/easydmp-home/service-request-submission/",
      "expire_at": null,
      "locked_at": null,
      "locked_by": null,
      "seo_title": "",
      "go_live_at": null,
      "draft_title": "Service Request submission",
      "content_type": 38,
      "live_revision": null,
      "show_in_menus": true,
      "latest_revision": 13,
      "translation_key": "0a091087-25ed-4279-ac5d-12491adcdebd",
      "last_published_at": null,
      "first_published_at": null,
      "search_description": "",
      "thankyou_page_title": "Thank you!",
      "wagtail_admin_comments": [],
      "has_unpublished_changes": true,
      "latest_revision_created_at": "2024-08-27T09:24:15.857Z"
    },
    "approved_go_live_at": null
  }
},
{
  "model": "wagtailcore.revision",
  "pk": 15,
  "fields": {
    "content_type": [
      "home",
      "srforsamplepage"
    ],
    "base_content_type": [
      "wagtailcore",
      "page"
    ],
    "object_id": "10",
    "created_at": "2024-08-27T09:29:04.844Z",
    "user": [
      "admin"
    ],
    "object_str": "Sample Entry",
    "content": {
      "pk": 10,
      "live": false,
      "path": "000100010007",
      "slug": "sample-entry",
      "depth": 3,
      "owner": 1,
      "title": "Sample Entry",
      "locale": 1,
      "locked": false,
      "expired": false,
      "alias_of": null,
      "numchild": 0,
      "url_path": "/easydmp-home/sample-entry/",
      "expire_at": null,
      "locked_at": null,
      "locked_by": null,
      "seo_title": "",
      "go_live_at": null,
      "draft_title": "Sample Entry",
      "content_type": 37,
      "live_revision": null,
      "show_in_menus": true,
      "latest_revision": null,
      "translation_key": "642e3a60-7b1c-4f46-98a2-8037acb1d095",
      "last_published_at": null,
      "first_published_at": null,
      "search_description": "",
      "wagtail_admin_comments": [],
      "has_unpublished_changes": false,
      "latest_revision_created_at": null
    },
    "approved_go_live_at": null
  }
},
{
  "model": "wagtailcore.revision",
  "pk": 16,
  "fields": {
    "content_type": [
      "home",
      "srforsamplepage"
    ],
    "base_content_type": [
      "wagtailcore",
      "page"
    ],
    "object_id": "10",
    "created_at": "2024-08-27T09:29:17.259Z",
    "user": [
      "admin"
    ],
    "object_str": "Sample Entry",
    "content": {
      "pk": 10,
      "live": false,
      "path": "000100010007",
      "slug": "sample-entry",
      "depth": 3,
      "owner": 1,
      "title": "Sample Entry",
      "locale": 1,
      "locked": false,
      "expired": false,
      "alias_of": null,
      "numchild": 0,
      "url_path": "/easydmp-home/sample-entry/",
      "expire_at": null,
      "locked_at": null,
      "locked_by": null,
      "seo_title": "",
      "go_live_at": null,
      "draft_title": "Sample Entry",
      "content_type": 37,
      "live_revision": null,
      "show_in_menus": true,
      "latest_revision": 15,
      "translation_key": "642e3a60-7b1c-4f46-98a2-8037acb1d095",
      "last_published_at": null,
      "first_published_at": null,
      "search_description": "",
      "wagtail_admin_comments": [],
      "has_unpublished_changes": true,
      "latest_revision_created_at": "2024-08-27T09:29:04.844Z"
    },
    "approved_go_live_at": null
  }
},
{
  "model": "wagtailcore.revision",
  "pk": 17,
  "fields": {
    "content_type": [
      "home",
      "generalsamplepage"
    ],
    "base_content_type": [
      "wagtailcore",
      "page"
    ],
    "object_id": "11",
    "created_at": "2024-08-27T09:31:08.428Z",
    "user": [
      "admin"
    ],
    "object_str": "Sample entry information",
    "content": {
      "pk": 11,
      "live": false,
      "path": "000100010008",
      "slug": "sample-entry-information",
      "depth": 3,
      "intro": "<p data-block-key=\"rnqwv\">Please enter the information about the sample</p>",
      "owner": 1,
      "title": "Sample entry information",
      "locale": 1,
      "locked": false,
      "expired": false,
      "alias_of": null,
      "numchild": 0,
      "url_path": "/easydmp-home/sample-entry-information/",
      "expire_at": null,
      "locked_at": null,
      "locked_by": null,
      "seo_title": "",
      "go_live_at": null,
      "draft_title": "Sample entry information",
      "content_type": 33,
      "live_revision": null,
      "show_in_menus": false,
      "latest_revision": null,
      "translation_key": "48591020-fe91-41bd-a607-f27d56bc7a6f",
      "last_published_at": null,
      "first_published_at": null,
      "search_description": "",
      "thankyou_page_title": "Thank you!",
      "wagtail_admin_comments": [],
      "has_unpublished_changes": false,
      "latest_revision_created_at": null
    },
    "approved_go_live_at": null
  }
},
{
  "model": "wagtailcore.revision",
  "pk": 18,
  "fields": {
    "content_type": [
      "home",
      "generalsamplepage"
    ],
    "base_content_type": [
      "wagtailcore",
      "page"
    ],
    "object_id": "11",
    "created_at": "2024-08-27T09:31:47.427Z",
    "user": [
      "admin"
    ],
    "object_str": "Sample entry information",
    "content": {
      "pk": 11,
      "live": false,
      "path": "000100010008",
      "slug": "sample-entry-information",
      "depth": 3,
      "intro": "<p data-block-key=\"rnqwv\">Please enter the information about the sample</p>",
      "owner": 1,
      "title": "Sample entry information",
      "locale": 1,
      "locked": false,
      "expired": false,
      "alias_of": null,
      "numchild": 0,
      "url_path": "/easydmp-home/sample-entry-information/",
      "expire_at": null,
      "locked_at": null,
      "locked_by": null,
      "seo_title": "",
      "go_live_at": null,
      "draft_title": "Sample entry information",
      "content_type": 33,
      "live_revision": null,
      "show_in_menus": false,
      "latest_revision": 17,
      "translation_key": "48591020-fe91-41bd-a607-f27d56bc7a6f",
      "last_published_at": null,
      "first_published_at": null,
      "search_description": "",
      "thankyou_page_title": "Thank you!",
      "wagtail_admin_comments": [],
      "has_unpublished_changes": true,
      "latest_revision_created_at": "2024-08-27T09:31:08.428Z"
    },
    "approved_go_live_at": null
  }
},
{
  "model": "wagtailcore.revision",
  "pk": 19,
  "fields": {
    "content_type": [
      "home",
      "generalsamplepage"
    ],
    "base_content_type": [
      "wagtailcore",
      "page"
    ],
    "object_id": "11",
    "created_at": "2024-08-27T09:32:18.241Z",
    "user": [
      "admin"
    ],
    "object_str": "Sample entry information",
    "content": {
      "pk": 11,
      "live": true,
      "path": "000100010008",
      "slug": "sample-entry-information",
      "depth": 3,
      "intro": "<p data-block-key=\"rnqwv\">Please enter the information about the sample</p>",
      "owner": 1,
      "title": "Sample entry information",
      "locale": 1,
      "locked": false,
      "expired": false,
      "alias_of": null,
      "numchild": 0,
      "url_path": "/easydmp-home/sample-entry-information/",
      "expire_at": null,
      "locked_at": null,
      "locked_by": null,
      "seo_title": "",
      "go_live_at": null,
      "draft_title": "Sample entry information",
      "content_type": 33,
      "live_revision": 18,
      "show_in_menus": false,
      "latest_revision": 18,
      "translation_key": "48591020-fe91-41bd-a607-f27d56bc7a6f",
      "last_published_at": "2024-08-27T09:31:47.451Z",
      "first_published_at": "2024-08-27T09:31:47.451Z",
      "search_description": "",
      "thankyou_page_title": "Thank you!",
      "wagtail_admin_comments": [],
      "has_unpublished_changes": false,
      "latest_revision_created_at": "2024-08-27T09:31:47.427Z"
    },
    "approved_go_live_at": null
  }
},
{
  "model": "wagtailcore.revision",
  "pk": 20,
  "fields": {
    "content_type": [
      "home",
      "dmppage"
    ],
    "base_content_type": [
      "wagtailcore",
      "page"
    ],
    "object_id": "12",
    "created_at": "2024-08-27T09:36:07.344Z",
    "user": [
      "admin"
    ],
    "object_str": "Data Management Plant Core Information",
    "content": {
      "pk": 12,
      "live": true,
      "path": "000100010009",
      "slug": "data-management-plant-core-information",
      "depth": 3,
      "intro": "<p data-block-key=\"gen9b\">Insert the DMP general information about the laboratory</p>",
      "owner": 1,
      "title": "Data Management Plant Core Information",
      "locale": 1,
      "locked": false,
      "expired": false,
      "alias_of": null,
      "numchild": 0,
      "url_path": "/easydmp-home/data-management-plant-core-information/",
      "expire_at": null,
      "locked_at": null,
      "locked_by": null,
      "seo_title": "",
      "go_live_at": null,
      "draft_title": "Data Management Plant Core Information",
      "content_type": 30,
      "live_revision": null,
      "show_in_menus": false,
      "latest_revision": null,
      "translation_key": "c27b6603-5282-45b5-bec6-7917bba2a89e",
      "last_published_at": null,
      "first_published_at": null,
      "search_description": "",
      "thankyou_page_title": "Thank you!",
      "wagtail_admin_comments": [],
      "has_unpublished_changes": false,
      "latest_revision_created_at": null
    },
    "approved_go_live_at": null
  }
},
{
  "model": "wagtailcore.revision",
  "pk": 21,
  "fields": {
    "content_type": [
      "home",
      "dmppage"
    ],
    "base_content_type": [
      "wagtailcore",
      "page"
    ],
    "object_id": "12",
    "created_at": "2024-08-27T09:36:28.738Z",
    "user": [
      "admin"
    ],
    "object_str": "Data Management Plant Core Information",
    "content": {
      "pk": 12,
      "live": true,
      "path": "000100010009",
      "slug": "data-management-plant-core-information",
      "depth": 3,
      "intro": "<p data-block-key=\"gen9b\">Insert the DMP general information about the laboratory</p>",
      "owner": 1,
      "title": "Data Management Plant Core Information",
      "locale": 1,
      "locked": false,
      "expired": false,
      "alias_of": null,
      "numchild": 0,
      "url_path": "/easydmp-home/data-management-plant-core-information/",
      "expire_at": null,
      "locked_at": null,
      "locked_by": null,
      "seo_title": "",
      "go_live_at": null,
      "draft_title": "Data Management Plant Core Information",
      "content_type": 30,
      "live_revision": 20,
      "show_in_menus": false,
      "latest_revision": 20,
      "translation_key": "c27b6603-5282-45b5-bec6-7917bba2a89e",
      "last_published_at": "2024-08-27T09:36:07.367Z",
      "first_published_at": "2024-08-27T09:36:07.367Z",
      "search_description": "",
      "thankyou_page_title": "Thank you!",
      "wagtail_admin_comments": [],
      "has_unpublished_changes": false,
      "latest_revision_created_at": "2024-08-27T09:36:07.344Z"
    },
    "approved_go_live_at": null
  }
},
{
  "model": "wagtailcore.revision",
  "pk": 22,
  "fields": {
    "content_type": [
      "home",
      "dmppage"
    ],
    "base_content_type": [
      "wagtailcore",
      "page"
    ],
    "object_id": "12",
    "created_at": "2024-08-27T09:36:58.477Z",
    "user": [
      "admin"
    ],
    "object_str": "Data Management Plant Core Information",
    "content": {
      "pk": 12,
      "live": true,
      "path": "000100010009",
      "slug": "data-management-plant-core-information",
      "depth": 3,
      "intro": "<p data-block-key=\"gen9b\">Insert the DMP general information about the laboratory</p>",
      "owner": 1,
      "title": "Data Management Plant Core Information",
      "locale": 1,
      "locked": false,
      "expired": false,
      "alias_of": null,
      "numchild": 0,
      "url_path": "/easydmp-home/data-management-plant-core-information/",
      "expire_at": null,
      "locked_at": null,
      "locked_by": null,
      "seo_title": "",
      "go_live_at": null,
      "draft_title": "Data Management Plant Core Information",
      "content_type": 30,
      "live_revision": 21,
      "show_in_menus": true,
      "latest_revision": 21,
      "translation_key": "c27b6603-5282-45b5-bec6-7917bba2a89e",
      "last_published_at": "2024-08-27T09:36:28.769Z",
      "first_published_at": "2024-08-27T09:36:07.367Z",
      "search_description": "",
      "thankyou_page_title": "Thank you!",
      "wagtail_admin_comments": [],
      "has_unpublished_changes": false,
      "latest_revision_created_at": "2024-08-27T09:36:28.738Z"
    },
    "approved_go_live_at": null
  }
},
{
  "model": "wagtailcore.page",
  "pk": 1,
  "fields": {
    "path": "0001",
    "depth": 1,
    "numchild": 1,
    "translation_key": "49c9d203-3166-4312-a844-c954a0380286",
    "locale": 1,
    "latest_revision": null,
    "live": true,
    "has_unpublished_changes": false,
    "first_published_at": null,
    "last_published_at": null,
    "live_revision": null,
    "go_live_at": null,
    "expire_at": null,
    "expired": false,
    "locked": false,
    "locked_at": null,
    "locked_by": null,
    "title": "Root",
    "draft_title": "Root",
    "slug": "root",
    "content_type": [
      "wagtailcore",
      "page"
    ],
    "url_path": "/",
    "owner": null,
    "seo_title": "",
    "show_in_menus": false,
    "search_description": "",
    "latest_revision_created_at": null,
    "alias_of": null
  }
},
{
  "model": "wagtailcore.page",
  "pk": 3,
  "fields": {
    "path": "00010001",
    "depth": 2,
    "numchild": 9,
    "translation_key": "3e3ce976-727e-4b0e-b14e-1e26f7257012",
    "locale": 1,
    "latest_revision": 1,
    "live": true,
    "has_unpublished_changes": false,
    "first_published_at": "2024-08-27T08:54:56.253Z",
    "last_published_at": "2024-08-27T08:54:56.253Z",
    "live_revision": 1,
    "go_live_at": null,
    "expire_at": null,
    "expired": false,
    "locked": false,
    "locked_at": null,
    "locked_by": null,
    "title": "easydmp - Home Page",
    "draft_title": "easydmp - Home Page",
    "slug": "easydmp-home",
    "content_type": [
      "home",
      "homepage"
    ],
    "url_path": "/easydmp-home/",
    "owner": [
      "admin"
    ],
    "seo_title": "",
    "show_in_menus": false,
    "search_description": "",
    "latest_revision_created_at": "2024-08-27T08:54:56.228Z",
    "alias_of": null
  }
},
{
  "model": "wagtailcore.page",
  "pk": 4,
  "fields": {
    "path": "000100010001",
    "depth": 3,
    "numchild": 0,
    "translation_key": "1d1144c4-beca-4d5d-b741-1d8cd9b8817d",
    "locale": 1,
    "latest_revision": 12,
    "live": true,
    "has_unpublished_changes": false,
    "first_published_at": "2024-08-27T09:01:07.236Z",
    "last_published_at": "2024-08-27T09:23:01.345Z",
    "live_revision": 12,
    "go_live_at": null,
    "expire_at": null,
    "expired": false,
    "locked": false,
    "locked_at": null,
    "locked_by": null,
    "title": "Laboratory selection",
    "draft_title": "Laboratory selection",
    "slug": "switch-laboratory",
    "content_type": [
      "home",
      "switchlabpage"
    ],
    "url_path": "/easydmp-home/switch-laboratory/",
    "owner": [
      "admin"
    ],
    "seo_title": "",
    "show_in_menus": false,
    "search_description": "",
    "latest_revision_created_at": "2024-08-27T09:23:01.312Z",
    "alias_of": null
  }
},
{
  "model": "wagtailcore.page",
  "pk": 5,
  "fields": {
    "path": "000100010002",
    "depth": 3,
    "numchild": 0,
    "translation_key": "b51f8b64-64e6-4a7f-b017-53e40223a8ac",
    "locale": 1,
    "latest_revision": 9,
    "live": true,
    "has_unpublished_changes": false,
    "first_published_at": "2024-08-27T09:02:02.790Z",
    "last_published_at": "2024-08-27T09:20:29.110Z",
    "live_revision": 9,
    "go_live_at": null,
    "expire_at": null,
    "expired": false,
    "locked": false,
    "locked_at": null,
    "locked_by": null,
    "title": "User information",
    "draft_title": "User information",
    "slug": "user-information",
    "content_type": [
      "home",
      "userdatapage"
    ],
    "url_path": "/easydmp-home/user-information/",
    "owner": [
      "admin"
    ],
    "seo_title": "",
    "show_in_menus": true,
    "search_description": "",
    "latest_revision_created_at": "2024-08-27T09:20:29.077Z",
    "alias_of": null
  }
},
{
  "model": "wagtailcore.page",
  "pk": 6,
  "fields": {
    "path": "000100010003",
    "depth": 3,
    "numchild": 0,
    "translation_key": "edf123be-1610-4574-a1a9-53645d0543db",
    "locale": 1,
    "latest_revision": 6,
    "live": true,
    "has_unpublished_changes": false,
    "first_published_at": "2024-08-27T09:16:33.756Z",
    "last_published_at": "2024-08-27T09:16:33.756Z",
    "live_revision": 6,
    "go_live_at": null,
    "expire_at": null,
    "expired": false,
    "locked": false,
    "locked_at": null,
    "locked_by": null,
    "title": "Add Laboratory",
    "draft_title": "Add Laboratory",
    "slug": "add-laboratory",
    "content_type": [
      "home",
      "addnewlabpage"
    ],
    "url_path": "/easydmp-home/add-laboratory/",
    "owner": [
      "admin"
    ],
    "seo_title": "",
    "show_in_menus": true,
    "search_description": "",
    "latest_revision_created_at": "2024-08-27T09:16:33.733Z",
    "alias_of": null
  }
},
{
  "model": "wagtailcore.page",
  "pk": 7,
  "fields": {
    "path": "000100010004",
    "depth": 3,
    "numchild": 0,
    "translation_key": "45d32000-8f26-4fd4-be63-a08d2038e66b",
    "locale": 1,
    "latest_revision": 8,
    "live": true,
    "has_unpublished_changes": false,
    "first_published_at": "2024-08-27T09:19:00.723Z",
    "last_published_at": "2024-08-27T09:19:00.723Z",
    "live_revision": 8,
    "go_live_at": null,
    "expire_at": null,
    "expired": false,
    "locked": false,
    "locked_at": null,
    "locked_by": null,
    "title": "Proposal submission",
    "draft_title": "Proposal submission",
    "slug": "proposal-submission",
    "content_type": [
      "home",
      "proposalsubmissionpage"
    ],
    "url_path": "/easydmp-home/proposal-submission/",
    "owner": [
      "admin"
    ],
    "seo_title": "",
    "show_in_menus": true,
    "search_description": "",
    "latest_revision_created_at": "2024-08-27T09:19:00.691Z",
    "alias_of": null
  }
},
{
  "model": "wagtailcore.page",
  "pk": 8,
  "fields": {
    "path": "000100010005",
    "depth": 3,
    "numchild": 0,
    "translation_key": "8e6b2ba5-92aa-415f-86c7-16a63881ef8f",
    "locale": 1,
    "latest_revision": 11,
    "live": true,
    "has_unpublished_changes": false,
    "first_published_at": "2024-08-27T09:22:48.228Z",
    "last_published_at": "2024-08-27T09:22:48.228Z",
    "live_revision": 11,
    "go_live_at": null,
    "expire_at": null,
    "expired": false,
    "locked": false,
    "locked_at": null,
    "locked_by": null,
    "title": "Proposal List",
    "draft_title": "Proposal List",
    "slug": "proposal-list",
    "content_type": [
      "home",
      "proposallistpage"
    ],
    "url_path": "/easydmp-home/proposal-list/",
    "owner": [
      "admin"
    ],
    "seo_title": "",
    "show_in_menus": true,
    "search_description": "",
    "latest_revision_created_at": "2024-08-27T09:22:48.208Z",
    "alias_of": null
  }
},
{
  "model": "wagtailcore.page",
  "pk": 9,
  "fields": {
    "path": "000100010006",
    "depth": 3,
    "numchild": 0,
    "translation_key": "0a091087-25ed-4279-ac5d-12491adcdebd",
    "locale": 1,
    "latest_revision": 14,
    "live": true,
    "has_unpublished_changes": false,
    "first_published_at": "2024-08-27T09:24:22.203Z",
    "last_published_at": "2024-08-27T09:24:22.203Z",
    "live_revision": 14,
    "go_live_at": null,
    "expire_at": null,
    "expired": false,
    "locked": false,
    "locked_at": null,
    "locked_by": null,
    "title": "Service Request submission",
    "draft_title": "Service Request submission",
    "slug": "service-request-submission",
    "content_type": [
      "home",
      "srsubmissionpage"
    ],
    "url_path": "/easydmp-home/service-request-submission/",
    "owner": [
      "admin"
    ],
    "seo_title": "",
    "show_in_menus": true,
    "search_description": "",
    "latest_revision_created_at": "2024-08-27T09:24:22.182Z",
    "alias_of": null
  }
},
{
  "model": "wagtailcore.page",
  "pk": 10,
  "fields": {
    "path": "000100010007",
    "depth": 3,
    "numchild": 0,
    "translation_key": "642e3a60-7b1c-4f46-98a2-8037acb1d095",
    "locale": 1,
    "latest_revision": 16,
    "live": true,
    "has_unpublished_changes": false,
    "first_published_at": "2024-08-27T09:29:17.280Z",
    "last_published_at": "2024-08-27T09:29:17.280Z",
    "live_revision": 16,
    "go_live_at": null,
    "expire_at": null,
    "expired": false,
    "locked": false,
    "locked_at": null,
    "locked_by": null,
    "title": "Sample Entry",
    "draft_title": "Sample Entry",
    "slug": "sample-entry",
    "content_type": [
      "home",
      "srforsamplepage"
    ],
    "url_path": "/easydmp-home/sample-entry/",
    "owner": [
      "admin"
    ],
    "seo_title": "",
    "show_in_menus": true,
    "search_description": "",
    "latest_revision_created_at": "2024-08-27T09:29:17.259Z",
    "alias_of": null
  }
},
{
  "model": "wagtailcore.page",
  "pk": 11,
  "fields": {
    "path": "000100010008",
    "depth": 3,
    "numchild": 0,
    "translation_key": "48591020-fe91-41bd-a607-f27d56bc7a6f",
    "locale": 1,
    "latest_revision": 19,
    "live": true,
    "has_unpublished_changes": false,
    "first_published_at": "2024-08-27T09:31:47.451Z",
    "last_published_at": "2024-08-27T09:32:18.274Z",
    "live_revision": 19,
    "go_live_at": null,
    "expire_at": null,
    "expired": false,
    "locked": false,
    "locked_at": null,
    "locked_by": null,
    "title": "Sample entry information",
    "draft_title": "Sample entry information",
    "slug": "sample-entry-information",
    "content_type": [
      "home",
      "generalsamplepage"
    ],
    "url_path": "/easydmp-home/sample-entry-information/",
    "owner": [
      "admin"
    ],
    "seo_title": "",
    "show_in_menus": false,
    "search_description": "",
    "latest_revision_created_at": "2024-08-27T09:32:18.241Z",
    "alias_of": null
  }
},
{
  "model": "wagtailcore.page",
  "pk": 12,
  "fields": {
    "path": "000100010009",
    "depth": 3,
    "numchild": 0,
    "translation_key": "c27b6603-5282-45b5-bec6-7917bba2a89e",
    "locale": 1,
    "latest_revision": 22,
    "live": true,
    "has_unpublished_changes": false,
    "first_published_at": "2024-08-27T09:36:07.367Z",
    "last_published_at": "2024-08-27T09:36:58.512Z",
    "live_revision": 22,
    "go_live_at": null,
    "expire_at": null,
    "expired": false,
    "locked": false,
    "locked_at": null,
    "locked_by": null,
    "title": "Data Management Plant Core Information",
    "draft_title": "Data Management Plant Core Information",
    "slug": "data-management-plant-core-information",
    "content_type": [
      "home",
      "dmppage"
    ],
    "url_path": "/easydmp-home/data-management-plant-core-information/",
    "owner": [
      "admin"
    ],
    "seo_title": "",
    "show_in_menus": true,
    "search_description": "",
    "latest_revision_created_at": "2024-08-27T09:36:58.477Z",
    "alias_of": null
  }
},
{
  "model": "wagtailcore.groupcollectionpermission",
  "fields": {
    "group": [
      "Moderators"
    ],
    "collection": 1,
    "permission": [
      "add_image",
      "wagtailimages",
      "image"
    ]
  }
},
{
  "model": "wagtailcore.groupcollectionpermission",
  "fields": {
    "group": [
      "Editors"
    ],
    "collection": 1,
    "permission": [
      "add_image",
      "wagtailimages",
      "image"
    ]
  }
},
{
  "model": "wagtailcore.groupcollectionpermission",
  "fields": {
    "group": [
      "Moderators"
    ],
    "collection": 1,
    "permission": [
      "change_image",
      "wagtailimages",
      "image"
    ]
  }
},
{
  "model": "wagtailcore.groupcollectionpermission",
  "fields": {
    "group": [
      "Editors"
    ],
    "collection": 1,
    "permission": [
      "change_image",
      "wagtailimages",
      "image"
    ]
  }
},
{
  "model": "wagtailcore.groupcollectionpermission",
  "fields": {
    "group": [
      "Moderators"
    ],
    "collection": 1,
    "permission": [
      "add_document",
      "wagtaildocs",
      "document"
    ]
  }
},
{
  "model": "wagtailcore.groupcollectionpermission",
  "fields": {
    "group": [
      "Editors"
    ],
    "collection": 1,
    "permission": [
      "add_document",
      "wagtaildocs",
      "document"
    ]
  }
},
{
  "model": "wagtailcore.groupcollectionpermission",
  "fields": {
    "group": [
      "Moderators"
    ],
    "collection": 1,
    "permission": [
      "change_document",
      "wagtaildocs",
      "document"
    ]
  }
},
{
  "model": "wagtailcore.groupcollectionpermission",
  "fields": {
    "group": [
      "Editors"
    ],
    "collection": 1,
    "permission": [
      "change_document",
      "wagtaildocs",
      "document"
    ]
  }
},
{
  "model": "wagtailcore.groupcollectionpermission",
  "fields": {
    "group": [
      "Moderators"
    ],
    "collection": 1,
    "permission": [
      "choose_document",
      "wagtaildocs",
      "document"
    ]
  }
},
{
  "model": "wagtailcore.groupcollectionpermission",
  "fields": {
    "group": [
      "Editors"
    ],
    "collection": 1,
    "permission": [
      "choose_document",
      "wagtaildocs",
      "document"
    ]
  }
},
{
  "model": "wagtailcore.modellogentry",
  "pk": 1,
  "fields": {
    "content_type": [
      "wagtailcore",
      "site"
    ],
    "label": "easydmp [default]",
    "action": "wagtail.create",
    "data": {},
    "timestamp": "2024-08-27T08:57:41.189Z",
    "uuid": "d2aa04ee-f3dd-48df-849e-dd470b2de19f",
    "user": [
      "admin"
    ],
    "revision": null,
    "content_changed": true,
    "deleted": false,
    "object_id": "2"
  }
},
{
  "model": "wagtailcore.modellogentry",
  "pk": 2,
  "fields": {
    "content_type": [
      "home",
      "headersettings"
    ],
    "label": "header settings",
    "action": "wagtail.edit",
    "data": {},
    "timestamp": "2024-08-27T08:58:36.817Z",
    "uuid": "77dc7491-dcce-4154-beac-0ad32bcb8e01",
    "user": [
      "admin"
    ],
    "revision": null,
    "content_changed": true,
    "deleted": false,
    "object_id": "1"
  }
},
{
  "model": "wagtailcore.modellogentry",
  "pk": 3,
  "fields": {
    "content_type": [
      "auth",
      "group"
    ],
    "label": "LAME",
    "action": "wagtail.create",
    "data": {},
    "timestamp": "2024-08-27T09:07:26.593Z",
    "uuid": "e33e2c14-28b2-4d94-96d0-00e0656d958f",
    "user": [
      "admin"
    ],
    "revision": null,
    "content_changed": true,
    "deleted": false,
    "object_id": "3"
  }
},
{
  "model": "wagtailcore.modellogentry",
  "pk": 4,
  "fields": {
    "content_type": [
      "auth",
      "group"
    ],
    "label": "LAGE",
    "action": "wagtail.create",
    "data": {},
    "timestamp": "2024-08-27T09:07:32.159Z",
    "uuid": "8c208bb1-1f2c-4ed7-bf71-586a39cea426",
    "user": [
      "admin"
    ],
    "revision": null,
    "content_changed": true,
    "deleted": false,
    "object_id": "4"
  }
},
{
  "model": "wagtailcore.modellogentry",
  "pk": 5,
  "fields": {
    "content_type": [
      "auth",
      "user"
    ],
    "label": "admin",
    "action": "wagtail.edit",
    "data": {},
    "timestamp": "2024-08-27T09:07:46.952Z",
    "uuid": "022c77a9-08fb-441c-8cc2-52ad2be8d26e",
    "user": [
      "admin"
    ],
    "revision": null,
    "content_changed": true,
    "deleted": false,
    "object_id": "1"
  }
},
{
  "model": "wagtailcore.modellogentry",
  "pk": 6,
  "fields": {
    "content_type": [
      "auth",
      "user"
    ],
    "label": "admin",
    "action": "wagtail.edit",
    "data": {},
    "timestamp": "2024-08-27T09:07:56.122Z",
    "uuid": "816c2f48-04e1-4273-88ad-19c1ce84bb31",
    "user": [
      "admin"
    ],
    "revision": null,
    "content_changed": true,
    "deleted": false,
    "object_id": "1"
  }
},
{
  "model": "wagtailcore.modellogentry",
  "pk": 7,
  "fields": {
    "content_type": [
      "auth",
      "user"
    ],
    "label": "admin",
    "action": "wagtail.edit",
    "data": {},
    "timestamp": "2024-08-27T09:08:12.761Z",
    "uuid": "336c1c3a-f766-45ee-af2e-8cb6c9b53dd9",
    "user": [
      "admin"
    ],
    "revision": null,
    "content_changed": true,
    "deleted": false,
    "object_id": "1"
  }
},
{
  "model": "wagtailimages.image",
  "pk": 1,
  "fields": {
    "collection": 1,
    "title": "logo_prp_pathogen_ri",
    "file": "original_images/logo_prp_pathogen_ri_XwrYCpT.png",
    "width": 201,
    "height": 70,
    "created_at": "2024-08-27T08:58:31.790Z",
    "uploaded_by_user": [
      "admin"
    ],
    "focal_point_x": null,
    "focal_point_y": null,
    "focal_point_width": null,
    "focal_point_height": null,
    "file_size": 7905,
    "file_hash": "fcd6b3e3c4dbb0e1cf29c1dda30040975c16b4cb"
  }
},
{
  "model": "wagtailredirects.redirect",
  "pk": 1,
  "fields": {
    "old_path": "/laboratory-selection",
    "site": [
      "easydmp.localhost",
      8080
    ],
    "is_permanent": true,
    "redirect_page": 4,
    "redirect_page_route_path": "",
    "redirect_link": "",
    "automatically_created": true,
    "created_at": "2024-08-27T09:07:00.619Z"
  }
},
{
  "model": "home.generalsamplepage",
  "pk": 11,
  "fields": {
    "page_ptr": 11,
    "intro": "<p data-block-key=\"rnqwv\">Please enter the information about the sample</p>",
    "thankyou_page_title": "Thank you!"
  }
},
{
  "model": "home.srforsamplepage",
  "pk": 10,
  "fields": {
    "page_ptr": 10
  }
},
{
  "model": "home.srsubmissionpage",
  "pk": 9,
  "fields": {
    "page_ptr": 9,
    "intro": "<p data-block-key=\"ybu1k\">Please enter the information for the service request</p>",
    "thankyou_page_title": "Thank you!"
  }
},
{
  "model": "home.addnewlabpage",
  "pk": 6,
  "fields": {
    "page_ptr": 6,
    "intro": "<p data-block-key=\"2gj6m\">Add a new laboratory</p>",
    "thankyou_page_title": "Thank you!"
  }
},
{
  "model": "home.proposallistpage",
  "pk": 8,
  "fields": {
    "page_ptr": 8,
    "intro": "<p data-block-key=\"v6me8\">This is the list of proposals</p>"
  }
},
{
  "model": "home.proposalsubmissionpage",
  "pk": 7,
  "fields": {
    "page_ptr": 7,
    "intro": "<p data-block-key=\"5srn9\">Please insert the proposal information</p>",
    "thankyou_page_title": "Thank you!"
  }
},
{
  "model": "home.userdatapage",
  "pk": 5,
  "fields": {
    "page_ptr": 5,
    "intro": "<p data-block-key=\"ml7kd\">Insert the additional user information</p>",
    "thankyou_page_title": "Thank you!"
  }
},
{
  "model": "home.dmppage",
  "pk": 12,
  "fields": {
    "page_ptr": 12,
    "intro": "<p data-block-key=\"gen9b\">Insert the DMP general information about the laboratory</p>",
    "thankyou_page_title": "Thank you!"
  }
},
{
  "model": "home.switchlabpage",
  "pk": 4,
  "fields": {
    "page_ptr": 4,
    "intro": "<p data-block-key=\"wuegj\">Select a laboratory to work with</p>"
  }
},
{
  "model": "home.homepage",
  "pk": 3,
  "fields": {
    "page_ptr": 3,
    "intro": "This is the home page of easyDMP",
    "body": ""
  }
}
]
