--
-- PostgreSQL database dump
--

-- Dumped from database version 16.2 (Debian 16.2-1.pgdg120+2)
-- Dumped by pg_dump version 16.2 (Debian 16.2-1.pgdg120+2)

SET statement_timeout = 0;
SET lock_timeout = 0;
SET idle_in_transaction_session_timeout = 0;
SET client_encoding = 'UTF8';
SET standard_conforming_strings = on;
SELECT pg_catalog.set_config('search_path', '', false);
SET check_function_bodies = false;
SET xmloption = content;
SET client_min_messages = warning;
SET row_security = off;

SET default_tablespace = '';

SET default_table_access_method = heap;

--
-- Name: account_emailaddress; Type: TABLE; Schema: public; Owner: easydmp
--

CREATE TABLE public.account_emailaddress (
    id integer NOT NULL,
    email character varying(254) NOT NULL,
    verified boolean NOT NULL,
    "primary" boolean NOT NULL,
    user_id integer NOT NULL
);


ALTER TABLE public.account_emailaddress OWNER TO easydmp;

--
-- Name: account_emailaddress_id_seq; Type: SEQUENCE; Schema: public; Owner: easydmp
--

ALTER TABLE public.account_emailaddress ALTER COLUMN id ADD GENERATED BY DEFAULT AS IDENTITY (
    SEQUENCE NAME public.account_emailaddress_id_seq
    START WITH 1
    INCREMENT BY 1
    NO MINVALUE
    NO MAXVALUE
    CACHE 1
);


--
-- Name: account_emailconfirmation; Type: TABLE; Schema: public; Owner: easydmp
--

CREATE TABLE public.account_emailconfirmation (
    id integer NOT NULL,
    created timestamp with time zone NOT NULL,
    sent timestamp with time zone,
    key character varying(64) NOT NULL,
    email_address_id integer NOT NULL
);


ALTER TABLE public.account_emailconfirmation OWNER TO easydmp;

--
-- Name: account_emailconfirmation_id_seq; Type: SEQUENCE; Schema: public; Owner: easydmp
--

ALTER TABLE public.account_emailconfirmation ALTER COLUMN id ADD GENERATED BY DEFAULT AS IDENTITY (
    SEQUENCE NAME public.account_emailconfirmation_id_seq
    START WITH 1
    INCREMENT BY 1
    NO MINVALUE
    NO MAXVALUE
    CACHE 1
);


--
-- Name: auth_group; Type: TABLE; Schema: public; Owner: easydmp
--

CREATE TABLE public.auth_group (
    id integer NOT NULL,
    name character varying(150) NOT NULL
);


ALTER TABLE public.auth_group OWNER TO easydmp;

--
-- Name: auth_group_id_seq; Type: SEQUENCE; Schema: public; Owner: easydmp
--

ALTER TABLE public.auth_group ALTER COLUMN id ADD GENERATED BY DEFAULT AS IDENTITY (
    SEQUENCE NAME public.auth_group_id_seq
    START WITH 1
    INCREMENT BY 1
    NO MINVALUE
    NO MAXVALUE
    CACHE 1
);


--
-- Name: auth_group_permissions; Type: TABLE; Schema: public; Owner: easydmp
--

CREATE TABLE public.auth_group_permissions (
    id bigint NOT NULL,
    group_id integer NOT NULL,
    permission_id integer NOT NULL
);


ALTER TABLE public.auth_group_permissions OWNER TO easydmp;

--
-- Name: auth_group_permissions_id_seq; Type: SEQUENCE; Schema: public; Owner: easydmp
--

ALTER TABLE public.auth_group_permissions ALTER COLUMN id ADD GENERATED BY DEFAULT AS IDENTITY (
    SEQUENCE NAME public.auth_group_permissions_id_seq
    START WITH 1
    INCREMENT BY 1
    NO MINVALUE
    NO MAXVALUE
    CACHE 1
);


--
-- Name: auth_permission; Type: TABLE; Schema: public; Owner: easydmp
--

CREATE TABLE public.auth_permission (
    id integer NOT NULL,
    name character varying(255) NOT NULL,
    content_type_id integer NOT NULL,
    codename character varying(100) NOT NULL
);


ALTER TABLE public.auth_permission OWNER TO easydmp;

--
-- Name: auth_permission_id_seq; Type: SEQUENCE; Schema: public; Owner: easydmp
--

ALTER TABLE public.auth_permission ALTER COLUMN id ADD GENERATED BY DEFAULT AS IDENTITY (
    SEQUENCE NAME public.auth_permission_id_seq
    START WITH 1
    INCREMENT BY 1
    NO MINVALUE
    NO MAXVALUE
    CACHE 1
);


--
-- Name: auth_user; Type: TABLE; Schema: public; Owner: easydmp
--

CREATE TABLE public.auth_user (
    id integer NOT NULL,
    password character varying(128) NOT NULL,
    last_login timestamp with time zone,
    is_superuser boolean NOT NULL,
    username character varying(150) NOT NULL,
    first_name character varying(150) NOT NULL,
    last_name character varying(150) NOT NULL,
    email character varying(254) NOT NULL,
    is_staff boolean NOT NULL,
    is_active boolean NOT NULL,
    date_joined timestamp with time zone NOT NULL
);


ALTER TABLE public.auth_user OWNER TO easydmp;

--
-- Name: auth_user_groups; Type: TABLE; Schema: public; Owner: easydmp
--

CREATE TABLE public.auth_user_groups (
    id bigint NOT NULL,
    user_id integer NOT NULL,
    group_id integer NOT NULL
);


ALTER TABLE public.auth_user_groups OWNER TO easydmp;

--
-- Name: auth_user_groups_id_seq; Type: SEQUENCE; Schema: public; Owner: easydmp
--

ALTER TABLE public.auth_user_groups ALTER COLUMN id ADD GENERATED BY DEFAULT AS IDENTITY (
    SEQUENCE NAME public.auth_user_groups_id_seq
    START WITH 1
    INCREMENT BY 1
    NO MINVALUE
    NO MAXVALUE
    CACHE 1
);


--
-- Name: auth_user_id_seq; Type: SEQUENCE; Schema: public; Owner: easydmp
--

ALTER TABLE public.auth_user ALTER COLUMN id ADD GENERATED BY DEFAULT AS IDENTITY (
    SEQUENCE NAME public.auth_user_id_seq
    START WITH 1
    INCREMENT BY 1
    NO MINVALUE
    NO MAXVALUE
    CACHE 1
);


--
-- Name: auth_user_user_permissions; Type: TABLE; Schema: public; Owner: easydmp
--

CREATE TABLE public.auth_user_user_permissions (
    id bigint NOT NULL,
    user_id integer NOT NULL,
    permission_id integer NOT NULL
);


ALTER TABLE public.auth_user_user_permissions OWNER TO easydmp;

--
-- Name: auth_user_user_permissions_id_seq; Type: SEQUENCE; Schema: public; Owner: easydmp
--

ALTER TABLE public.auth_user_user_permissions ALTER COLUMN id ADD GENERATED BY DEFAULT AS IDENTITY (
    SEQUENCE NAME public.auth_user_user_permissions_id_seq
    START WITH 1
    INCREMENT BY 1
    NO MINVALUE
    NO MAXVALUE
    CACHE 1
);


--
-- Name: django_admin_log; Type: TABLE; Schema: public; Owner: easydmp
--

CREATE TABLE public.django_admin_log (
    id integer NOT NULL,
    action_time timestamp with time zone NOT NULL,
    object_id text,
    object_repr character varying(200) NOT NULL,
    action_flag smallint NOT NULL,
    change_message text NOT NULL,
    content_type_id integer,
    user_id integer NOT NULL,
    CONSTRAINT django_admin_log_action_flag_check CHECK ((action_flag >= 0))
);


ALTER TABLE public.django_admin_log OWNER TO easydmp;

--
-- Name: django_admin_log_id_seq; Type: SEQUENCE; Schema: public; Owner: easydmp
--

ALTER TABLE public.django_admin_log ALTER COLUMN id ADD GENERATED BY DEFAULT AS IDENTITY (
    SEQUENCE NAME public.django_admin_log_id_seq
    START WITH 1
    INCREMENT BY 1
    NO MINVALUE
    NO MAXVALUE
    CACHE 1
);


--
-- Name: django_content_type; Type: TABLE; Schema: public; Owner: easydmp
--

CREATE TABLE public.django_content_type (
    id integer NOT NULL,
    app_label character varying(100) NOT NULL,
    model character varying(100) NOT NULL
);


ALTER TABLE public.django_content_type OWNER TO easydmp;

--
-- Name: django_content_type_id_seq; Type: SEQUENCE; Schema: public; Owner: easydmp
--

ALTER TABLE public.django_content_type ALTER COLUMN id ADD GENERATED BY DEFAULT AS IDENTITY (
    SEQUENCE NAME public.django_content_type_id_seq
    START WITH 1
    INCREMENT BY 1
    NO MINVALUE
    NO MAXVALUE
    CACHE 1
);


--
-- Name: django_migrations; Type: TABLE; Schema: public; Owner: easydmp
--

CREATE TABLE public.django_migrations (
    id bigint NOT NULL,
    app character varying(255) NOT NULL,
    name character varying(255) NOT NULL,
    applied timestamp with time zone NOT NULL
);


ALTER TABLE public.django_migrations OWNER TO easydmp;

--
-- Name: django_migrations_id_seq; Type: SEQUENCE; Schema: public; Owner: easydmp
--

ALTER TABLE public.django_migrations ALTER COLUMN id ADD GENERATED BY DEFAULT AS IDENTITY (
    SEQUENCE NAME public.django_migrations_id_seq
    START WITH 1
    INCREMENT BY 1
    NO MINVALUE
    NO MAXVALUE
    CACHE 1
);


--
-- Name: django_session; Type: TABLE; Schema: public; Owner: easydmp
--

CREATE TABLE public.django_session (
    session_key character varying(40) NOT NULL,
    session_data text NOT NULL,
    expire_date timestamp with time zone NOT NULL
);


ALTER TABLE public.django_session OWNER TO easydmp;

--
-- Name: home_dmppage; Type: TABLE; Schema: public; Owner: easydmp
--

CREATE TABLE public.home_dmppage (
    page_ptr_id integer NOT NULL,
    intro text NOT NULL,
    thankyou_page_title character varying(255) NOT NULL
);


ALTER TABLE public.home_dmppage OWNER TO easydmp;

--
-- Name: home_dmpsearchpage; Type: TABLE; Schema: public; Owner: easydmp
--

CREATE TABLE public.home_dmpsearchpage (
    page_ptr_id integer NOT NULL,
    intro text NOT NULL
);


ALTER TABLE public.home_dmpsearchpage OWNER TO easydmp;

--
-- Name: home_dmpviewpage; Type: TABLE; Schema: public; Owner: easydmp
--

CREATE TABLE public.home_dmpviewpage (
    page_ptr_id integer NOT NULL,
    intro text NOT NULL
);


ALTER TABLE public.home_dmpviewpage OWNER TO easydmp;

--
-- Name: home_footersettings; Type: TABLE; Schema: public; Owner: easydmp
--

CREATE TABLE public.home_footersettings (
    id bigint NOT NULL,
    footer_text text NOT NULL,
    github_url character varying(200) NOT NULL,
    github_icon_id integer
);


ALTER TABLE public.home_footersettings OWNER TO easydmp;

--
-- Name: home_footersettings_id_seq; Type: SEQUENCE; Schema: public; Owner: easydmp
--

ALTER TABLE public.home_footersettings ALTER COLUMN id ADD GENERATED BY DEFAULT AS IDENTITY (
    SEQUENCE NAME public.home_footersettings_id_seq
    START WITH 1
    INCREMENT BY 1
    NO MINVALUE
    NO MAXVALUE
    CACHE 1
);


--
-- Name: home_headersettings; Type: TABLE; Schema: public; Owner: easydmp
--

CREATE TABLE public.home_headersettings (
    id bigint NOT NULL,
    header_text text NOT NULL,
    prp_icon_id integer
);


ALTER TABLE public.home_headersettings OWNER TO easydmp;

--
-- Name: home_headersettings_id_seq; Type: SEQUENCE; Schema: public; Owner: easydmp
--

ALTER TABLE public.home_headersettings ALTER COLUMN id ADD GENERATED BY DEFAULT AS IDENTITY (
    SEQUENCE NAME public.home_headersettings_id_seq
    START WITH 1
    INCREMENT BY 1
    NO MINVALUE
    NO MAXVALUE
    CACHE 1
);


--
-- Name: home_homepage; Type: TABLE; Schema: public; Owner: easydmp
--

CREATE TABLE public.home_homepage (
    page_ptr_id integer NOT NULL,
    body text NOT NULL,
    intro character varying(250) NOT NULL
);


ALTER TABLE public.home_homepage OWNER TO easydmp;

--
-- Name: home_sampleentryform; Type: TABLE; Schema: public; Owner: easydmp
--

CREATE TABLE public.home_sampleentryform (
    page_ptr_id integer NOT NULL,
    intro text NOT NULL,
    thankyou_page_title character varying(255) NOT NULL
);


ALTER TABLE public.home_sampleentryform OWNER TO easydmp;

--
-- Name: home_switchlabpage; Type: TABLE; Schema: public; Owner: easydmp
--

CREATE TABLE public.home_switchlabpage (
    page_ptr_id integer NOT NULL,
    intro text NOT NULL
);


ALTER TABLE public.home_switchlabpage OWNER TO easydmp;

--
-- Name: socialaccount_socialaccount; Type: TABLE; Schema: public; Owner: easydmp
--

CREATE TABLE public.socialaccount_socialaccount (
    id integer NOT NULL,
    provider character varying(200) NOT NULL,
    uid character varying(191) NOT NULL,
    last_login timestamp with time zone NOT NULL,
    date_joined timestamp with time zone NOT NULL,
    extra_data jsonb NOT NULL,
    user_id integer NOT NULL
);


ALTER TABLE public.socialaccount_socialaccount OWNER TO easydmp;

--
-- Name: socialaccount_socialaccount_id_seq; Type: SEQUENCE; Schema: public; Owner: easydmp
--

ALTER TABLE public.socialaccount_socialaccount ALTER COLUMN id ADD GENERATED BY DEFAULT AS IDENTITY (
    SEQUENCE NAME public.socialaccount_socialaccount_id_seq
    START WITH 1
    INCREMENT BY 1
    NO MINVALUE
    NO MAXVALUE
    CACHE 1
);


--
-- Name: socialaccount_socialapp; Type: TABLE; Schema: public; Owner: easydmp
--

CREATE TABLE public.socialaccount_socialapp (
    id integer NOT NULL,
    provider character varying(30) NOT NULL,
    name character varying(40) NOT NULL,
    client_id character varying(191) NOT NULL,
    secret character varying(191) NOT NULL,
    key character varying(191) NOT NULL,
    provider_id character varying(200) NOT NULL,
    settings jsonb NOT NULL
);


ALTER TABLE public.socialaccount_socialapp OWNER TO easydmp;

--
-- Name: socialaccount_socialapp_id_seq; Type: SEQUENCE; Schema: public; Owner: easydmp
--

ALTER TABLE public.socialaccount_socialapp ALTER COLUMN id ADD GENERATED BY DEFAULT AS IDENTITY (
    SEQUENCE NAME public.socialaccount_socialapp_id_seq
    START WITH 1
    INCREMENT BY 1
    NO MINVALUE
    NO MAXVALUE
    CACHE 1
);


--
-- Name: socialaccount_socialtoken; Type: TABLE; Schema: public; Owner: easydmp
--

CREATE TABLE public.socialaccount_socialtoken (
    id integer NOT NULL,
    token text NOT NULL,
    token_secret text NOT NULL,
    expires_at timestamp with time zone,
    account_id integer NOT NULL,
    app_id integer
);


ALTER TABLE public.socialaccount_socialtoken OWNER TO easydmp;

--
-- Name: socialaccount_socialtoken_id_seq; Type: SEQUENCE; Schema: public; Owner: easydmp
--

ALTER TABLE public.socialaccount_socialtoken ALTER COLUMN id ADD GENERATED BY DEFAULT AS IDENTITY (
    SEQUENCE NAME public.socialaccount_socialtoken_id_seq
    START WITH 1
    INCREMENT BY 1
    NO MINVALUE
    NO MAXVALUE
    CACHE 1
);


--
-- Name: taggit_tag; Type: TABLE; Schema: public; Owner: easydmp
--

CREATE TABLE public.taggit_tag (
    id integer NOT NULL,
    name character varying(100) NOT NULL,
    slug character varying(100) NOT NULL
);


ALTER TABLE public.taggit_tag OWNER TO easydmp;

--
-- Name: taggit_tag_id_seq; Type: SEQUENCE; Schema: public; Owner: easydmp
--

ALTER TABLE public.taggit_tag ALTER COLUMN id ADD GENERATED BY DEFAULT AS IDENTITY (
    SEQUENCE NAME public.taggit_tag_id_seq
    START WITH 1
    INCREMENT BY 1
    NO MINVALUE
    NO MAXVALUE
    CACHE 1
);


--
-- Name: taggit_taggeditem; Type: TABLE; Schema: public; Owner: easydmp
--

CREATE TABLE public.taggit_taggeditem (
    id integer NOT NULL,
    object_id integer NOT NULL,
    content_type_id integer NOT NULL,
    tag_id integer NOT NULL
);


ALTER TABLE public.taggit_taggeditem OWNER TO easydmp;

--
-- Name: taggit_taggeditem_id_seq; Type: SEQUENCE; Schema: public; Owner: easydmp
--

ALTER TABLE public.taggit_taggeditem ALTER COLUMN id ADD GENERATED BY DEFAULT AS IDENTITY (
    SEQUENCE NAME public.taggit_taggeditem_id_seq
    START WITH 1
    INCREMENT BY 1
    NO MINVALUE
    NO MAXVALUE
    CACHE 1
);


--
-- Name: wagtailadmin_admin; Type: TABLE; Schema: public; Owner: easydmp
--

CREATE TABLE public.wagtailadmin_admin (
    id integer NOT NULL
);


ALTER TABLE public.wagtailadmin_admin OWNER TO easydmp;

--
-- Name: wagtailadmin_admin_id_seq; Type: SEQUENCE; Schema: public; Owner: easydmp
--

ALTER TABLE public.wagtailadmin_admin ALTER COLUMN id ADD GENERATED BY DEFAULT AS IDENTITY (
    SEQUENCE NAME public.wagtailadmin_admin_id_seq
    START WITH 1
    INCREMENT BY 1
    NO MINVALUE
    NO MAXVALUE
    CACHE 1
);


--
-- Name: wagtailcore_collection; Type: TABLE; Schema: public; Owner: easydmp
--

CREATE TABLE public.wagtailcore_collection (
    id integer NOT NULL,
    path character varying(255) NOT NULL COLLATE pg_catalog."C",
    depth integer NOT NULL,
    numchild integer NOT NULL,
    name character varying(255) NOT NULL,
    CONSTRAINT wagtailcore_collection_depth_check CHECK ((depth >= 0)),
    CONSTRAINT wagtailcore_collection_numchild_check CHECK ((numchild >= 0))
);


ALTER TABLE public.wagtailcore_collection OWNER TO easydmp;

--
-- Name: wagtailcore_collection_id_seq; Type: SEQUENCE; Schema: public; Owner: easydmp
--

ALTER TABLE public.wagtailcore_collection ALTER COLUMN id ADD GENERATED BY DEFAULT AS IDENTITY (
    SEQUENCE NAME public.wagtailcore_collection_id_seq
    START WITH 1
    INCREMENT BY 1
    NO MINVALUE
    NO MAXVALUE
    CACHE 1
);


--
-- Name: wagtailcore_collectionviewrestriction; Type: TABLE; Schema: public; Owner: easydmp
--

CREATE TABLE public.wagtailcore_collectionviewrestriction (
    id integer NOT NULL,
    restriction_type character varying(20) NOT NULL,
    password character varying(255) NOT NULL,
    collection_id integer NOT NULL
);


ALTER TABLE public.wagtailcore_collectionviewrestriction OWNER TO easydmp;

--
-- Name: wagtailcore_collectionviewrestriction_groups; Type: TABLE; Schema: public; Owner: easydmp
--

CREATE TABLE public.wagtailcore_collectionviewrestriction_groups (
    id bigint NOT NULL,
    collectionviewrestriction_id integer NOT NULL,
    group_id integer NOT NULL
);


ALTER TABLE public.wagtailcore_collectionviewrestriction_groups OWNER TO easydmp;

--
-- Name: wagtailcore_collectionviewrestriction_groups_id_seq; Type: SEQUENCE; Schema: public; Owner: easydmp
--

ALTER TABLE public.wagtailcore_collectionviewrestriction_groups ALTER COLUMN id ADD GENERATED BY DEFAULT AS IDENTITY (
    SEQUENCE NAME public.wagtailcore_collectionviewrestriction_groups_id_seq
    START WITH 1
    INCREMENT BY 1
    NO MINVALUE
    NO MAXVALUE
    CACHE 1
);


--
-- Name: wagtailcore_collectionviewrestriction_id_seq; Type: SEQUENCE; Schema: public; Owner: easydmp
--

ALTER TABLE public.wagtailcore_collectionviewrestriction ALTER COLUMN id ADD GENERATED BY DEFAULT AS IDENTITY (
    SEQUENCE NAME public.wagtailcore_collectionviewrestriction_id_seq
    START WITH 1
    INCREMENT BY 1
    NO MINVALUE
    NO MAXVALUE
    CACHE 1
);


--
-- Name: wagtailcore_comment; Type: TABLE; Schema: public; Owner: easydmp
--

CREATE TABLE public.wagtailcore_comment (
    id integer NOT NULL,
    text text NOT NULL,
    contentpath text NOT NULL,
    "position" text NOT NULL,
    created_at timestamp with time zone NOT NULL,
    updated_at timestamp with time zone NOT NULL,
    resolved_at timestamp with time zone,
    page_id integer NOT NULL,
    resolved_by_id integer,
    revision_created_id integer,
    user_id integer NOT NULL
);


ALTER TABLE public.wagtailcore_comment OWNER TO easydmp;

--
-- Name: wagtailcore_comment_id_seq; Type: SEQUENCE; Schema: public; Owner: easydmp
--

ALTER TABLE public.wagtailcore_comment ALTER COLUMN id ADD GENERATED BY DEFAULT AS IDENTITY (
    SEQUENCE NAME public.wagtailcore_comment_id_seq
    START WITH 1
    INCREMENT BY 1
    NO MINVALUE
    NO MAXVALUE
    CACHE 1
);


--
-- Name: wagtailcore_commentreply; Type: TABLE; Schema: public; Owner: easydmp
--

CREATE TABLE public.wagtailcore_commentreply (
    id integer NOT NULL,
    text text NOT NULL,
    created_at timestamp with time zone NOT NULL,
    updated_at timestamp with time zone NOT NULL,
    comment_id integer NOT NULL,
    user_id integer NOT NULL
);


ALTER TABLE public.wagtailcore_commentreply OWNER TO easydmp;

--
-- Name: wagtailcore_commentreply_id_seq; Type: SEQUENCE; Schema: public; Owner: easydmp
--

ALTER TABLE public.wagtailcore_commentreply ALTER COLUMN id ADD GENERATED BY DEFAULT AS IDENTITY (
    SEQUENCE NAME public.wagtailcore_commentreply_id_seq
    START WITH 1
    INCREMENT BY 1
    NO MINVALUE
    NO MAXVALUE
    CACHE 1
);


--
-- Name: wagtailcore_groupapprovaltask; Type: TABLE; Schema: public; Owner: easydmp
--

CREATE TABLE public.wagtailcore_groupapprovaltask (
    task_ptr_id integer NOT NULL
);


ALTER TABLE public.wagtailcore_groupapprovaltask OWNER TO easydmp;

--
-- Name: wagtailcore_groupapprovaltask_groups; Type: TABLE; Schema: public; Owner: easydmp
--

CREATE TABLE public.wagtailcore_groupapprovaltask_groups (
    id bigint NOT NULL,
    groupapprovaltask_id integer NOT NULL,
    group_id integer NOT NULL
);


ALTER TABLE public.wagtailcore_groupapprovaltask_groups OWNER TO easydmp;

--
-- Name: wagtailcore_groupapprovaltask_groups_id_seq; Type: SEQUENCE; Schema: public; Owner: easydmp
--

ALTER TABLE public.wagtailcore_groupapprovaltask_groups ALTER COLUMN id ADD GENERATED BY DEFAULT AS IDENTITY (
    SEQUENCE NAME public.wagtailcore_groupapprovaltask_groups_id_seq
    START WITH 1
    INCREMENT BY 1
    NO MINVALUE
    NO MAXVALUE
    CACHE 1
);


--
-- Name: wagtailcore_groupcollectionpermission; Type: TABLE; Schema: public; Owner: easydmp
--

CREATE TABLE public.wagtailcore_groupcollectionpermission (
    id integer NOT NULL,
    collection_id integer NOT NULL,
    group_id integer NOT NULL,
    permission_id integer NOT NULL
);


ALTER TABLE public.wagtailcore_groupcollectionpermission OWNER TO easydmp;

--
-- Name: wagtailcore_groupcollectionpermission_id_seq; Type: SEQUENCE; Schema: public; Owner: easydmp
--

ALTER TABLE public.wagtailcore_groupcollectionpermission ALTER COLUMN id ADD GENERATED BY DEFAULT AS IDENTITY (
    SEQUENCE NAME public.wagtailcore_groupcollectionpermission_id_seq
    START WITH 1
    INCREMENT BY 1
    NO MINVALUE
    NO MAXVALUE
    CACHE 1
);


--
-- Name: wagtailcore_grouppagepermission; Type: TABLE; Schema: public; Owner: easydmp
--

CREATE TABLE public.wagtailcore_grouppagepermission (
    id integer NOT NULL,
    group_id integer NOT NULL,
    page_id integer NOT NULL,
    permission_id integer NOT NULL
);


ALTER TABLE public.wagtailcore_grouppagepermission OWNER TO easydmp;

--
-- Name: wagtailcore_grouppagepermission_id_seq; Type: SEQUENCE; Schema: public; Owner: easydmp
--

ALTER TABLE public.wagtailcore_grouppagepermission ALTER COLUMN id ADD GENERATED BY DEFAULT AS IDENTITY (
    SEQUENCE NAME public.wagtailcore_grouppagepermission_id_seq
    START WITH 1
    INCREMENT BY 1
    NO MINVALUE
    NO MAXVALUE
    CACHE 1
);


--
-- Name: wagtailcore_locale; Type: TABLE; Schema: public; Owner: easydmp
--

CREATE TABLE public.wagtailcore_locale (
    id integer NOT NULL,
    language_code character varying(100) NOT NULL
);


ALTER TABLE public.wagtailcore_locale OWNER TO easydmp;

--
-- Name: wagtailcore_locale_id_seq; Type: SEQUENCE; Schema: public; Owner: easydmp
--

ALTER TABLE public.wagtailcore_locale ALTER COLUMN id ADD GENERATED BY DEFAULT AS IDENTITY (
    SEQUENCE NAME public.wagtailcore_locale_id_seq
    START WITH 1
    INCREMENT BY 1
    NO MINVALUE
    NO MAXVALUE
    CACHE 1
);


--
-- Name: wagtailcore_modellogentry; Type: TABLE; Schema: public; Owner: easydmp
--

CREATE TABLE public.wagtailcore_modellogentry (
    id integer NOT NULL,
    label text NOT NULL,
    action character varying(255) NOT NULL,
    data jsonb NOT NULL,
    "timestamp" timestamp with time zone NOT NULL,
    content_changed boolean NOT NULL,
    deleted boolean NOT NULL,
    object_id character varying(255) NOT NULL,
    content_type_id integer,
    user_id integer,
    uuid uuid,
    revision_id integer
);


ALTER TABLE public.wagtailcore_modellogentry OWNER TO easydmp;

--
-- Name: wagtailcore_modellogentry_id_seq; Type: SEQUENCE; Schema: public; Owner: easydmp
--

ALTER TABLE public.wagtailcore_modellogentry ALTER COLUMN id ADD GENERATED BY DEFAULT AS IDENTITY (
    SEQUENCE NAME public.wagtailcore_modellogentry_id_seq
    START WITH 1
    INCREMENT BY 1
    NO MINVALUE
    NO MAXVALUE
    CACHE 1
);


--
-- Name: wagtailcore_page; Type: TABLE; Schema: public; Owner: easydmp
--

CREATE TABLE public.wagtailcore_page (
    id integer NOT NULL,
    path character varying(255) NOT NULL COLLATE pg_catalog."C",
    depth integer NOT NULL,
    numchild integer NOT NULL,
    title character varying(255) NOT NULL,
    slug character varying(255) NOT NULL,
    live boolean NOT NULL,
    has_unpublished_changes boolean NOT NULL,
    url_path text NOT NULL,
    seo_title character varying(255) NOT NULL,
    show_in_menus boolean NOT NULL,
    search_description text NOT NULL,
    go_live_at timestamp with time zone,
    expire_at timestamp with time zone,
    expired boolean NOT NULL,
    content_type_id integer NOT NULL,
    owner_id integer,
    locked boolean NOT NULL,
    latest_revision_created_at timestamp with time zone,
    first_published_at timestamp with time zone,
    live_revision_id integer,
    last_published_at timestamp with time zone,
    draft_title character varying(255) NOT NULL,
    locked_at timestamp with time zone,
    locked_by_id integer,
    translation_key uuid NOT NULL,
    locale_id integer NOT NULL,
    alias_of_id integer,
    latest_revision_id integer,
    CONSTRAINT wagtailcore_page_depth_check CHECK ((depth >= 0)),
    CONSTRAINT wagtailcore_page_numchild_check CHECK ((numchild >= 0))
);


ALTER TABLE public.wagtailcore_page OWNER TO easydmp;

--
-- Name: wagtailcore_page_id_seq; Type: SEQUENCE; Schema: public; Owner: easydmp
--

ALTER TABLE public.wagtailcore_page ALTER COLUMN id ADD GENERATED BY DEFAULT AS IDENTITY (
    SEQUENCE NAME public.wagtailcore_page_id_seq
    START WITH 1
    INCREMENT BY 1
    NO MINVALUE
    NO MAXVALUE
    CACHE 1
);


--
-- Name: wagtailcore_pagelogentry; Type: TABLE; Schema: public; Owner: easydmp
--

CREATE TABLE public.wagtailcore_pagelogentry (
    id integer NOT NULL,
    label text NOT NULL,
    action character varying(255) NOT NULL,
    data jsonb NOT NULL,
    "timestamp" timestamp with time zone NOT NULL,
    content_changed boolean NOT NULL,
    deleted boolean NOT NULL,
    content_type_id integer,
    page_id integer NOT NULL,
    revision_id integer,
    user_id integer,
    uuid uuid
);


ALTER TABLE public.wagtailcore_pagelogentry OWNER TO easydmp;

--
-- Name: wagtailcore_pagelogentry_id_seq; Type: SEQUENCE; Schema: public; Owner: easydmp
--

ALTER TABLE public.wagtailcore_pagelogentry ALTER COLUMN id ADD GENERATED BY DEFAULT AS IDENTITY (
    SEQUENCE NAME public.wagtailcore_pagelogentry_id_seq
    START WITH 1
    INCREMENT BY 1
    NO MINVALUE
    NO MAXVALUE
    CACHE 1
);


--
-- Name: wagtailcore_revision; Type: TABLE; Schema: public; Owner: easydmp
--

CREATE TABLE public.wagtailcore_revision (
    id integer NOT NULL,
    created_at timestamp with time zone NOT NULL,
    content jsonb NOT NULL,
    approved_go_live_at timestamp with time zone,
    object_id character varying(255) NOT NULL,
    user_id integer,
    content_type_id integer NOT NULL,
    base_content_type_id integer NOT NULL,
    object_str text NOT NULL
);


ALTER TABLE public.wagtailcore_revision OWNER TO easydmp;

--
-- Name: wagtailcore_pagerevision_id_seq; Type: SEQUENCE; Schema: public; Owner: easydmp
--

ALTER TABLE public.wagtailcore_revision ALTER COLUMN id ADD GENERATED BY DEFAULT AS IDENTITY (
    SEQUENCE NAME public.wagtailcore_pagerevision_id_seq
    START WITH 1
    INCREMENT BY 1
    NO MINVALUE
    NO MAXVALUE
    CACHE 1
);


--
-- Name: wagtailcore_pagesubscription; Type: TABLE; Schema: public; Owner: easydmp
--

CREATE TABLE public.wagtailcore_pagesubscription (
    id integer NOT NULL,
    comment_notifications boolean NOT NULL,
    page_id integer NOT NULL,
    user_id integer NOT NULL
);


ALTER TABLE public.wagtailcore_pagesubscription OWNER TO easydmp;

--
-- Name: wagtailcore_pagesubscription_id_seq; Type: SEQUENCE; Schema: public; Owner: easydmp
--

ALTER TABLE public.wagtailcore_pagesubscription ALTER COLUMN id ADD GENERATED BY DEFAULT AS IDENTITY (
    SEQUENCE NAME public.wagtailcore_pagesubscription_id_seq
    START WITH 1
    INCREMENT BY 1
    NO MINVALUE
    NO MAXVALUE
    CACHE 1
);


--
-- Name: wagtailcore_pageviewrestriction; Type: TABLE; Schema: public; Owner: easydmp
--

CREATE TABLE public.wagtailcore_pageviewrestriction (
    id integer NOT NULL,
    password character varying(255) NOT NULL,
    page_id integer NOT NULL,
    restriction_type character varying(20) NOT NULL
);


ALTER TABLE public.wagtailcore_pageviewrestriction OWNER TO easydmp;

--
-- Name: wagtailcore_pageviewrestriction_groups; Type: TABLE; Schema: public; Owner: easydmp
--

CREATE TABLE public.wagtailcore_pageviewrestriction_groups (
    id bigint NOT NULL,
    pageviewrestriction_id integer NOT NULL,
    group_id integer NOT NULL
);


ALTER TABLE public.wagtailcore_pageviewrestriction_groups OWNER TO easydmp;

--
-- Name: wagtailcore_pageviewrestriction_groups_id_seq; Type: SEQUENCE; Schema: public; Owner: easydmp
--

ALTER TABLE public.wagtailcore_pageviewrestriction_groups ALTER COLUMN id ADD GENERATED BY DEFAULT AS IDENTITY (
    SEQUENCE NAME public.wagtailcore_pageviewrestriction_groups_id_seq
    START WITH 1
    INCREMENT BY 1
    NO MINVALUE
    NO MAXVALUE
    CACHE 1
);


--
-- Name: wagtailcore_pageviewrestriction_id_seq; Type: SEQUENCE; Schema: public; Owner: easydmp
--

ALTER TABLE public.wagtailcore_pageviewrestriction ALTER COLUMN id ADD GENERATED BY DEFAULT AS IDENTITY (
    SEQUENCE NAME public.wagtailcore_pageviewrestriction_id_seq
    START WITH 1
    INCREMENT BY 1
    NO MINVALUE
    NO MAXVALUE
    CACHE 1
);


--
-- Name: wagtailcore_referenceindex; Type: TABLE; Schema: public; Owner: easydmp
--

CREATE TABLE public.wagtailcore_referenceindex (
    id integer NOT NULL,
    object_id character varying(255) NOT NULL,
    to_object_id character varying(255) NOT NULL,
    model_path text NOT NULL,
    content_path text NOT NULL,
    content_path_hash uuid NOT NULL,
    base_content_type_id integer NOT NULL,
    content_type_id integer NOT NULL,
    to_content_type_id integer NOT NULL
);


ALTER TABLE public.wagtailcore_referenceindex OWNER TO easydmp;

--
-- Name: wagtailcore_referenceindex_id_seq; Type: SEQUENCE; Schema: public; Owner: easydmp
--

ALTER TABLE public.wagtailcore_referenceindex ALTER COLUMN id ADD GENERATED BY DEFAULT AS IDENTITY (
    SEQUENCE NAME public.wagtailcore_referenceindex_id_seq
    START WITH 1
    INCREMENT BY 1
    NO MINVALUE
    NO MAXVALUE
    CACHE 1
);


--
-- Name: wagtailcore_site; Type: TABLE; Schema: public; Owner: easydmp
--

CREATE TABLE public.wagtailcore_site (
    id integer NOT NULL,
    hostname character varying(255) NOT NULL,
    port integer NOT NULL,
    is_default_site boolean NOT NULL,
    root_page_id integer NOT NULL,
    site_name character varying(255) NOT NULL
);


ALTER TABLE public.wagtailcore_site OWNER TO easydmp;

--
-- Name: wagtailcore_site_id_seq; Type: SEQUENCE; Schema: public; Owner: easydmp
--

ALTER TABLE public.wagtailcore_site ALTER COLUMN id ADD GENERATED BY DEFAULT AS IDENTITY (
    SEQUENCE NAME public.wagtailcore_site_id_seq
    START WITH 1
    INCREMENT BY 1
    NO MINVALUE
    NO MAXVALUE
    CACHE 1
);


--
-- Name: wagtailcore_task; Type: TABLE; Schema: public; Owner: easydmp
--

CREATE TABLE public.wagtailcore_task (
    id integer NOT NULL,
    name character varying(255) NOT NULL,
    active boolean NOT NULL,
    content_type_id integer NOT NULL
);


ALTER TABLE public.wagtailcore_task OWNER TO easydmp;

--
-- Name: wagtailcore_task_id_seq; Type: SEQUENCE; Schema: public; Owner: easydmp
--

ALTER TABLE public.wagtailcore_task ALTER COLUMN id ADD GENERATED BY DEFAULT AS IDENTITY (
    SEQUENCE NAME public.wagtailcore_task_id_seq
    START WITH 1
    INCREMENT BY 1
    NO MINVALUE
    NO MAXVALUE
    CACHE 1
);


--
-- Name: wagtailcore_taskstate; Type: TABLE; Schema: public; Owner: easydmp
--

CREATE TABLE public.wagtailcore_taskstate (
    id integer NOT NULL,
    status character varying(50) NOT NULL,
    started_at timestamp with time zone NOT NULL,
    finished_at timestamp with time zone,
    content_type_id integer NOT NULL,
    revision_id integer NOT NULL,
    task_id integer NOT NULL,
    workflow_state_id integer NOT NULL,
    finished_by_id integer,
    comment text NOT NULL
);


ALTER TABLE public.wagtailcore_taskstate OWNER TO easydmp;

--
-- Name: wagtailcore_taskstate_id_seq; Type: SEQUENCE; Schema: public; Owner: easydmp
--

ALTER TABLE public.wagtailcore_taskstate ALTER COLUMN id ADD GENERATED BY DEFAULT AS IDENTITY (
    SEQUENCE NAME public.wagtailcore_taskstate_id_seq
    START WITH 1
    INCREMENT BY 1
    NO MINVALUE
    NO MAXVALUE
    CACHE 1
);


--
-- Name: wagtailcore_uploadedfile; Type: TABLE; Schema: public; Owner: easydmp
--

CREATE TABLE public.wagtailcore_uploadedfile (
    id integer NOT NULL,
    file character varying(200) NOT NULL,
    for_content_type_id integer,
    uploaded_by_user_id integer
);


ALTER TABLE public.wagtailcore_uploadedfile OWNER TO easydmp;

--
-- Name: wagtailcore_uploadedfile_id_seq; Type: SEQUENCE; Schema: public; Owner: easydmp
--

ALTER TABLE public.wagtailcore_uploadedfile ALTER COLUMN id ADD GENERATED BY DEFAULT AS IDENTITY (
    SEQUENCE NAME public.wagtailcore_uploadedfile_id_seq
    START WITH 1
    INCREMENT BY 1
    NO MINVALUE
    NO MAXVALUE
    CACHE 1
);


--
-- Name: wagtailcore_workflow; Type: TABLE; Schema: public; Owner: easydmp
--

CREATE TABLE public.wagtailcore_workflow (
    id integer NOT NULL,
    name character varying(255) NOT NULL,
    active boolean NOT NULL
);


ALTER TABLE public.wagtailcore_workflow OWNER TO easydmp;

--
-- Name: wagtailcore_workflow_id_seq; Type: SEQUENCE; Schema: public; Owner: easydmp
--

ALTER TABLE public.wagtailcore_workflow ALTER COLUMN id ADD GENERATED BY DEFAULT AS IDENTITY (
    SEQUENCE NAME public.wagtailcore_workflow_id_seq
    START WITH 1
    INCREMENT BY 1
    NO MINVALUE
    NO MAXVALUE
    CACHE 1
);


--
-- Name: wagtailcore_workflowcontenttype; Type: TABLE; Schema: public; Owner: easydmp
--

CREATE TABLE public.wagtailcore_workflowcontenttype (
    content_type_id integer NOT NULL,
    workflow_id integer NOT NULL
);


ALTER TABLE public.wagtailcore_workflowcontenttype OWNER TO easydmp;

--
-- Name: wagtailcore_workflowpage; Type: TABLE; Schema: public; Owner: easydmp
--

CREATE TABLE public.wagtailcore_workflowpage (
    page_id integer NOT NULL,
    workflow_id integer NOT NULL
);


ALTER TABLE public.wagtailcore_workflowpage OWNER TO easydmp;

--
-- Name: wagtailcore_workflowstate; Type: TABLE; Schema: public; Owner: easydmp
--

CREATE TABLE public.wagtailcore_workflowstate (
    id integer NOT NULL,
    status character varying(50) NOT NULL,
    created_at timestamp with time zone NOT NULL,
    current_task_state_id integer,
    object_id character varying(255) NOT NULL,
    requested_by_id integer,
    workflow_id integer NOT NULL,
    content_type_id integer NOT NULL,
    base_content_type_id integer NOT NULL
);


ALTER TABLE public.wagtailcore_workflowstate OWNER TO easydmp;

--
-- Name: wagtailcore_workflowstate_id_seq; Type: SEQUENCE; Schema: public; Owner: easydmp
--

ALTER TABLE public.wagtailcore_workflowstate ALTER COLUMN id ADD GENERATED BY DEFAULT AS IDENTITY (
    SEQUENCE NAME public.wagtailcore_workflowstate_id_seq
    START WITH 1
    INCREMENT BY 1
    NO MINVALUE
    NO MAXVALUE
    CACHE 1
);


--
-- Name: wagtailcore_workflowtask; Type: TABLE; Schema: public; Owner: easydmp
--

CREATE TABLE public.wagtailcore_workflowtask (
    id integer NOT NULL,
    sort_order integer,
    task_id integer NOT NULL,
    workflow_id integer NOT NULL
);


ALTER TABLE public.wagtailcore_workflowtask OWNER TO easydmp;

--
-- Name: wagtailcore_workflowtask_id_seq; Type: SEQUENCE; Schema: public; Owner: easydmp
--

ALTER TABLE public.wagtailcore_workflowtask ALTER COLUMN id ADD GENERATED BY DEFAULT AS IDENTITY (
    SEQUENCE NAME public.wagtailcore_workflowtask_id_seq
    START WITH 1
    INCREMENT BY 1
    NO MINVALUE
    NO MAXVALUE
    CACHE 1
);


--
-- Name: wagtaildocs_document; Type: TABLE; Schema: public; Owner: easydmp
--

CREATE TABLE public.wagtaildocs_document (
    id integer NOT NULL,
    title character varying(255) NOT NULL,
    file character varying(100) NOT NULL,
    created_at timestamp with time zone NOT NULL,
    uploaded_by_user_id integer,
    collection_id integer NOT NULL,
    file_size integer,
    file_hash character varying(40) NOT NULL,
    CONSTRAINT wagtaildocs_document_file_size_check CHECK ((file_size >= 0))
);


ALTER TABLE public.wagtaildocs_document OWNER TO easydmp;

--
-- Name: wagtaildocs_document_id_seq; Type: SEQUENCE; Schema: public; Owner: easydmp
--

ALTER TABLE public.wagtaildocs_document ALTER COLUMN id ADD GENERATED BY DEFAULT AS IDENTITY (
    SEQUENCE NAME public.wagtaildocs_document_id_seq
    START WITH 1
    INCREMENT BY 1
    NO MINVALUE
    NO MAXVALUE
    CACHE 1
);


--
-- Name: wagtailembeds_embed; Type: TABLE; Schema: public; Owner: easydmp
--

CREATE TABLE public.wagtailembeds_embed (
    id integer NOT NULL,
    url text NOT NULL,
    max_width smallint,
    type character varying(10) NOT NULL,
    html text NOT NULL,
    title text NOT NULL,
    author_name text NOT NULL,
    provider_name text NOT NULL,
    thumbnail_url text NOT NULL,
    width integer,
    height integer,
    last_updated timestamp with time zone NOT NULL,
    hash character varying(32) NOT NULL,
    cache_until timestamp with time zone
);


ALTER TABLE public.wagtailembeds_embed OWNER TO easydmp;

--
-- Name: wagtailembeds_embed_id_seq; Type: SEQUENCE; Schema: public; Owner: easydmp
--

ALTER TABLE public.wagtailembeds_embed ALTER COLUMN id ADD GENERATED BY DEFAULT AS IDENTITY (
    SEQUENCE NAME public.wagtailembeds_embed_id_seq
    START WITH 1
    INCREMENT BY 1
    NO MINVALUE
    NO MAXVALUE
    CACHE 1
);


--
-- Name: wagtailforms_formsubmission; Type: TABLE; Schema: public; Owner: easydmp
--

CREATE TABLE public.wagtailforms_formsubmission (
    id integer NOT NULL,
    form_data jsonb NOT NULL,
    submit_time timestamp with time zone NOT NULL,
    page_id integer NOT NULL
);


ALTER TABLE public.wagtailforms_formsubmission OWNER TO easydmp;

--
-- Name: wagtailforms_formsubmission_id_seq; Type: SEQUENCE; Schema: public; Owner: easydmp
--

ALTER TABLE public.wagtailforms_formsubmission ALTER COLUMN id ADD GENERATED BY DEFAULT AS IDENTITY (
    SEQUENCE NAME public.wagtailforms_formsubmission_id_seq
    START WITH 1
    INCREMENT BY 1
    NO MINVALUE
    NO MAXVALUE
    CACHE 1
);


--
-- Name: wagtailimages_image; Type: TABLE; Schema: public; Owner: easydmp
--

CREATE TABLE public.wagtailimages_image (
    id integer NOT NULL,
    title character varying(255) NOT NULL,
    file character varying(100) NOT NULL,
    width integer NOT NULL,
    height integer NOT NULL,
    created_at timestamp with time zone NOT NULL,
    focal_point_x integer,
    focal_point_y integer,
    focal_point_width integer,
    focal_point_height integer,
    uploaded_by_user_id integer,
    file_size integer,
    collection_id integer NOT NULL,
    file_hash character varying(40) NOT NULL,
    CONSTRAINT wagtailimages_image_file_size_check CHECK ((file_size >= 0)),
    CONSTRAINT wagtailimages_image_focal_point_height_check CHECK ((focal_point_height >= 0)),
    CONSTRAINT wagtailimages_image_focal_point_width_check CHECK ((focal_point_width >= 0)),
    CONSTRAINT wagtailimages_image_focal_point_x_check CHECK ((focal_point_x >= 0)),
    CONSTRAINT wagtailimages_image_focal_point_y_check CHECK ((focal_point_y >= 0))
);


ALTER TABLE public.wagtailimages_image OWNER TO easydmp;

--
-- Name: wagtailimages_image_id_seq; Type: SEQUENCE; Schema: public; Owner: easydmp
--

ALTER TABLE public.wagtailimages_image ALTER COLUMN id ADD GENERATED BY DEFAULT AS IDENTITY (
    SEQUENCE NAME public.wagtailimages_image_id_seq
    START WITH 1
    INCREMENT BY 1
    NO MINVALUE
    NO MAXVALUE
    CACHE 1
);


--
-- Name: wagtailimages_rendition; Type: TABLE; Schema: public; Owner: easydmp
--

CREATE TABLE public.wagtailimages_rendition (
    id integer NOT NULL,
    file character varying(100) NOT NULL,
    width integer NOT NULL,
    height integer NOT NULL,
    focal_point_key character varying(16) NOT NULL,
    filter_spec character varying(255) NOT NULL,
    image_id integer NOT NULL
);


ALTER TABLE public.wagtailimages_rendition OWNER TO easydmp;

--
-- Name: wagtailimages_rendition_id_seq; Type: SEQUENCE; Schema: public; Owner: easydmp
--

ALTER TABLE public.wagtailimages_rendition ALTER COLUMN id ADD GENERATED BY DEFAULT AS IDENTITY (
    SEQUENCE NAME public.wagtailimages_rendition_id_seq
    START WITH 1
    INCREMENT BY 1
    NO MINVALUE
    NO MAXVALUE
    CACHE 1
);


--
-- Name: wagtailredirects_redirect; Type: TABLE; Schema: public; Owner: easydmp
--

CREATE TABLE public.wagtailredirects_redirect (
    id integer NOT NULL,
    old_path character varying(255) NOT NULL,
    is_permanent boolean NOT NULL,
    redirect_link character varying(255) NOT NULL,
    redirect_page_id integer,
    site_id integer,
    automatically_created boolean NOT NULL,
    created_at timestamp with time zone,
    redirect_page_route_path character varying(255) NOT NULL
);


ALTER TABLE public.wagtailredirects_redirect OWNER TO easydmp;

--
-- Name: wagtailredirects_redirect_id_seq; Type: SEQUENCE; Schema: public; Owner: easydmp
--

ALTER TABLE public.wagtailredirects_redirect ALTER COLUMN id ADD GENERATED BY DEFAULT AS IDENTITY (
    SEQUENCE NAME public.wagtailredirects_redirect_id_seq
    START WITH 1
    INCREMENT BY 1
    NO MINVALUE
    NO MAXVALUE
    CACHE 1
);


--
-- Name: wagtailsearch_indexentry; Type: TABLE; Schema: public; Owner: easydmp
--

CREATE TABLE public.wagtailsearch_indexentry (
    id integer NOT NULL,
    object_id character varying(50) NOT NULL,
    title_norm double precision NOT NULL,
    content_type_id integer NOT NULL,
    autocomplete tsvector NOT NULL,
    title tsvector NOT NULL,
    body tsvector NOT NULL
);


ALTER TABLE public.wagtailsearch_indexentry OWNER TO easydmp;

--
-- Name: wagtailsearch_indexentry_id_seq; Type: SEQUENCE; Schema: public; Owner: easydmp
--

ALTER TABLE public.wagtailsearch_indexentry ALTER COLUMN id ADD GENERATED BY DEFAULT AS IDENTITY (
    SEQUENCE NAME public.wagtailsearch_indexentry_id_seq
    START WITH 1
    INCREMENT BY 1
    NO MINVALUE
    NO MAXVALUE
    CACHE 1
);


--
-- Name: wagtailusers_userprofile; Type: TABLE; Schema: public; Owner: easydmp
--

CREATE TABLE public.wagtailusers_userprofile (
    id integer NOT NULL,
    submitted_notifications boolean NOT NULL,
    approved_notifications boolean NOT NULL,
    rejected_notifications boolean NOT NULL,
    user_id integer NOT NULL,
    preferred_language character varying(10) NOT NULL,
    current_time_zone character varying(40) NOT NULL,
    avatar character varying(100) NOT NULL,
    updated_comments_notifications boolean NOT NULL,
    dismissibles jsonb NOT NULL,
    theme character varying(40) NOT NULL,
    density character varying(40) NOT NULL
);


ALTER TABLE public.wagtailusers_userprofile OWNER TO easydmp;

--
-- Name: wagtailusers_userprofile_id_seq; Type: SEQUENCE; Schema: public; Owner: easydmp
--

ALTER TABLE public.wagtailusers_userprofile ALTER COLUMN id ADD GENERATED BY DEFAULT AS IDENTITY (
    SEQUENCE NAME public.wagtailusers_userprofile_id_seq
    START WITH 1
    INCREMENT BY 1
    NO MINVALUE
    NO MAXVALUE
    CACHE 1
);


--
-- Data for Name: account_emailaddress; Type: TABLE DATA; Schema: public; Owner: easydmp
--

COPY public.account_emailaddress (id, email, verified, "primary", user_id) FROM stdin;
\.


--
-- Data for Name: account_emailconfirmation; Type: TABLE DATA; Schema: public; Owner: easydmp
--

COPY public.account_emailconfirmation (id, created, sent, key, email_address_id) FROM stdin;
\.


--
-- Data for Name: auth_group; Type: TABLE DATA; Schema: public; Owner: easydmp
--

COPY public.auth_group (id, name) FROM stdin;
1	Moderators
2	Editors
3	LAGE
4	LAME
\.


--
-- Data for Name: auth_group_permissions; Type: TABLE DATA; Schema: public; Owner: easydmp
--

COPY public.auth_group_permissions (id, group_id, permission_id) FROM stdin;
1	1	1
2	1	2
3	1	3
4	2	1
5	2	2
6	2	3
7	1	105
8	2	105
9	1	106
10	1	107
11	1	108
12	2	106
13	2	107
14	2	108
15	1	109
16	2	109
\.


--
-- Data for Name: auth_permission; Type: TABLE DATA; Schema: public; Owner: easydmp
--

COPY public.auth_permission (id, name, content_type_id, codename) FROM stdin;
1	Can add image	2	add_image
2	Can change image	2	change_image
3	Can delete image	2	delete_image
4	Can choose image	2	choose_image
5	Can add locale	4	add_locale
6	Can change locale	4	change_locale
7	Can delete locale	4	delete_locale
8	Can view locale	4	view_locale
9	Can add site	5	add_site
10	Can change site	5	change_site
11	Can delete site	5	delete_site
12	Can view site	5	view_site
13	Can add model log entry	6	add_modellogentry
14	Can change model log entry	6	change_modellogentry
15	Can delete model log entry	6	delete_modellogentry
16	Can view model log entry	6	view_modellogentry
17	Can add collection view restriction	7	add_collectionviewrestriction
18	Can change collection view restriction	7	change_collectionviewrestriction
19	Can delete collection view restriction	7	delete_collectionviewrestriction
20	Can view collection view restriction	7	view_collectionviewrestriction
21	Can add collection	8	add_collection
22	Can change collection	8	change_collection
23	Can delete collection	8	delete_collection
24	Can view collection	8	view_collection
25	Can add group collection permission	9	add_groupcollectionpermission
26	Can change group collection permission	9	change_groupcollectionpermission
27	Can delete group collection permission	9	delete_groupcollectionpermission
28	Can view group collection permission	9	view_groupcollectionpermission
29	Can add uploaded file	10	add_uploadedfile
30	Can change uploaded file	10	change_uploadedfile
31	Can delete uploaded file	10	delete_uploadedfile
32	Can view uploaded file	10	view_uploadedfile
33	Can add reference index	11	add_referenceindex
34	Can change reference index	11	change_referenceindex
35	Can delete reference index	11	delete_referenceindex
36	Can view reference index	11	view_referenceindex
37	Can add page	1	add_page
38	Can change page	1	change_page
39	Can delete page	1	delete_page
40	Can view page	1	view_page
41	Delete pages with children	1	bulk_delete_page
42	Lock/unlock pages you've locked	1	lock_page
43	Publish any page	1	publish_page
44	Unlock any page	1	unlock_page
45	Can add revision	12	add_revision
46	Can change revision	12	change_revision
47	Can delete revision	12	delete_revision
48	Can view revision	12	view_revision
49	Can add group page permission	13	add_grouppagepermission
50	Can change group page permission	13	change_grouppagepermission
51	Can delete group page permission	13	delete_grouppagepermission
52	Can view group page permission	13	view_grouppagepermission
53	Can add page view restriction	14	add_pageviewrestriction
54	Can change page view restriction	14	change_pageviewrestriction
55	Can delete page view restriction	14	delete_pageviewrestriction
56	Can view page view restriction	14	view_pageviewrestriction
57	Can add workflow page	15	add_workflowpage
58	Can change workflow page	15	change_workflowpage
59	Can delete workflow page	15	delete_workflowpage
60	Can view workflow page	15	view_workflowpage
61	Can add workflow content type	16	add_workflowcontenttype
62	Can change workflow content type	16	change_workflowcontenttype
63	Can delete workflow content type	16	delete_workflowcontenttype
64	Can view workflow content type	16	view_workflowcontenttype
65	Can add workflow task order	17	add_workflowtask
66	Can change workflow task order	17	change_workflowtask
67	Can delete workflow task order	17	delete_workflowtask
68	Can view workflow task order	17	view_workflowtask
69	Can add task	18	add_task
70	Can change task	18	change_task
71	Can delete task	18	delete_task
72	Can view task	18	view_task
73	Can add workflow	19	add_workflow
74	Can change workflow	19	change_workflow
75	Can delete workflow	19	delete_workflow
76	Can view workflow	19	view_workflow
77	Can add Group approval task	3	add_groupapprovaltask
78	Can change Group approval task	3	change_groupapprovaltask
79	Can delete Group approval task	3	delete_groupapprovaltask
80	Can view Group approval task	3	view_groupapprovaltask
81	Can add Workflow state	20	add_workflowstate
82	Can change Workflow state	20	change_workflowstate
83	Can delete Workflow state	20	delete_workflowstate
84	Can view Workflow state	20	view_workflowstate
85	Can add Task state	21	add_taskstate
86	Can change Task state	21	change_taskstate
87	Can delete Task state	21	delete_taskstate
88	Can view Task state	21	view_taskstate
89	Can add page log entry	22	add_pagelogentry
90	Can change page log entry	22	change_pagelogentry
91	Can delete page log entry	22	delete_pagelogentry
92	Can view page log entry	22	view_pagelogentry
93	Can add comment	23	add_comment
94	Can change comment	23	change_comment
95	Can delete comment	23	delete_comment
96	Can view comment	23	view_comment
97	Can add comment reply	24	add_commentreply
98	Can change comment reply	24	change_commentreply
99	Can delete comment reply	24	delete_commentreply
100	Can view comment reply	24	view_commentreply
101	Can add page subscription	25	add_pagesubscription
102	Can change page subscription	25	change_pagesubscription
103	Can delete page subscription	25	delete_pagesubscription
104	Can view page subscription	25	view_pagesubscription
105	Can access Wagtail admin	26	access_admin
106	Can add document	27	add_document
107	Can change document	27	change_document
108	Can delete document	27	delete_document
109	Can choose document	27	choose_document
110	Can add home page	28	add_homepage
111	Can change home page	28	change_homepage
112	Can delete home page	28	delete_homepage
113	Can view home page	28	view_homepage
114	Can add sample entry form	29	add_sampleentryform
115	Can change sample entry form	29	change_sampleentryform
116	Can delete sample entry form	29	delete_sampleentryform
117	Can view sample entry form	29	view_sampleentryform
118	Can add switch lab page	30	add_switchlabpage
119	Can change switch lab page	30	change_switchlabpage
120	Can delete switch lab page	30	delete_switchlabpage
121	Can view switch lab page	30	view_switchlabpage
122	Can add footer settings	31	add_footersettings
123	Can change footer settings	31	change_footersettings
124	Can delete footer settings	31	delete_footersettings
125	Can view footer settings	31	view_footersettings
126	Can add header settings	32	add_headersettings
127	Can change header settings	32	change_headersettings
128	Can delete header settings	32	delete_headersettings
129	Can view header settings	32	view_headersettings
130	Can add form submission	33	add_formsubmission
131	Can change form submission	33	change_formsubmission
132	Can delete form submission	33	delete_formsubmission
133	Can view form submission	33	view_formsubmission
134	Can add redirect	34	add_redirect
135	Can change redirect	34	change_redirect
136	Can delete redirect	34	delete_redirect
137	Can view redirect	34	view_redirect
138	Can add embed	35	add_embed
139	Can change embed	35	change_embed
140	Can delete embed	35	delete_embed
141	Can view embed	35	view_embed
142	Can add user profile	36	add_userprofile
143	Can change user profile	36	change_userprofile
144	Can delete user profile	36	delete_userprofile
145	Can view user profile	36	view_userprofile
146	Can view document	27	view_document
147	Can view image	2	view_image
148	Can add rendition	37	add_rendition
149	Can change rendition	37	change_rendition
150	Can delete rendition	37	delete_rendition
151	Can view rendition	37	view_rendition
152	Can add index entry	38	add_indexentry
153	Can change index entry	38	change_indexentry
154	Can delete index entry	38	delete_indexentry
155	Can view index entry	38	view_indexentry
156	Can add tag	39	add_tag
157	Can change tag	39	change_tag
158	Can delete tag	39	delete_tag
159	Can view tag	39	view_tag
160	Can add tagged item	40	add_taggeditem
161	Can change tagged item	40	change_taggeditem
162	Can delete tagged item	40	delete_taggeditem
163	Can view tagged item	40	view_taggeditem
164	Can add log entry	41	add_logentry
165	Can change log entry	41	change_logentry
166	Can delete log entry	41	delete_logentry
167	Can view log entry	41	view_logentry
168	Can add permission	42	add_permission
169	Can change permission	42	change_permission
170	Can delete permission	42	delete_permission
171	Can view permission	42	view_permission
172	Can add group	43	add_group
173	Can change group	43	change_group
174	Can delete group	43	delete_group
175	Can view group	43	view_group
176	Can add user	44	add_user
177	Can change user	44	change_user
178	Can delete user	44	delete_user
179	Can view user	44	view_user
180	Can add content type	45	add_contenttype
181	Can change content type	45	change_contenttype
182	Can delete content type	45	delete_contenttype
183	Can view content type	45	view_contenttype
184	Can add session	46	add_session
185	Can change session	46	change_session
186	Can delete session	46	delete_session
187	Can view session	46	view_session
188	Can add custom app model	47	add_customappmodel
189	Can change custom app model	47	change_customappmodel
190	Can delete custom app model	47	delete_customappmodel
191	Can view custom app model	47	view_customappmodel
192	Can add administration	48	add_administration
193	Can change administration	48	change_administration
194	Can delete administration	48	delete_administration
195	Can view administration	48	view_administration
196	Can add lage sample	49	add_lagesample
197	Can change lage sample	49	change_lagesample
198	Can delete lage sample	49	delete_lagesample
199	Can view lage sample	49	view_lagesample
200	Can add email address	50	add_emailaddress
201	Can change email address	50	change_emailaddress
202	Can delete email address	50	delete_emailaddress
203	Can view email address	50	view_emailaddress
204	Can add email confirmation	51	add_emailconfirmation
205	Can change email confirmation	51	change_emailconfirmation
206	Can delete email confirmation	51	delete_emailconfirmation
207	Can view email confirmation	51	view_emailconfirmation
208	Can add social account	52	add_socialaccount
209	Can change social account	52	change_socialaccount
210	Can delete social account	52	delete_socialaccount
211	Can view social account	52	view_socialaccount
212	Can add social application	53	add_socialapp
213	Can change social application	53	change_socialapp
214	Can delete social application	53	delete_socialapp
215	Can view social application	53	view_socialapp
216	Can add social application token	54	add_socialtoken
217	Can change social application token	54	change_socialtoken
218	Can delete social application token	54	delete_socialtoken
219	Can view social application token	54	view_socialtoken
220	Can add dmp page	55	add_dmppage
221	Can change dmp page	55	change_dmppage
222	Can delete dmp page	55	delete_dmppage
223	Can view dmp page	55	view_dmppage
224	Can add lab dmp	56	add_labdmp
225	Can change lab dmp	56	change_labdmp
226	Can delete lab dmp	56	delete_labdmp
227	Can view lab dmp	56	view_labdmp
228	Can add dmp search page	57	add_dmpsearchpage
229	Can change dmp search page	57	change_dmpsearchpage
230	Can delete dmp search page	57	delete_dmpsearchpage
231	Can view dmp search page	57	view_dmpsearchpage
232	Can add dmp view page	58	add_dmpviewpage
233	Can change dmp view page	58	change_dmpviewpage
234	Can delete dmp view page	58	delete_dmpviewpage
235	Can view dmp view page	58	view_dmpviewpage
\.


--
-- Data for Name: auth_user; Type: TABLE DATA; Schema: public; Owner: easydmp
--

COPY public.auth_user (id, password, last_login, is_superuser, username, first_name, last_name, email, is_staff, is_active, date_joined) FROM stdin;
2	pbkdf2_sha256$720000$YbQ8uRYsJ5yiYOYRSCIWUG$+NTj4b/GqLY+xLFso85zQqWQD8nSv+7/Pzu+f93mbOM=	2024-07-18 14:26:17.273134+00	f	test_lage	Test	Lage	m.prenassi@gmail.com	f	t	2024-07-15 13:09:45.940435+00
1	pbkdf2_sha256$720000$0zyuYNirGKTvtfmjQfhYIO$P96qZbzzvOcXELWp/4uvswqjSThY8026NArrOuJbYJw=	2024-07-18 14:56:28.82081+00	t	admin	Admin	Admin	m.prenassi@gmail.com	t	t	2024-07-15 13:02:47.096941+00
\.


--
-- Data for Name: auth_user_groups; Type: TABLE DATA; Schema: public; Owner: easydmp
--

COPY public.auth_user_groups (id, user_id, group_id) FROM stdin;
1	1	3
2	1	4
3	2	3
\.


--
-- Data for Name: auth_user_user_permissions; Type: TABLE DATA; Schema: public; Owner: easydmp
--

COPY public.auth_user_user_permissions (id, user_id, permission_id) FROM stdin;
\.


--
-- Data for Name: django_admin_log; Type: TABLE DATA; Schema: public; Owner: easydmp
--

COPY public.django_admin_log (id, action_time, object_id, object_repr, action_flag, change_message, content_type_id, user_id) FROM stdin;
\.


--
-- Data for Name: django_content_type; Type: TABLE DATA; Schema: public; Owner: easydmp
--

COPY public.django_content_type (id, app_label, model) FROM stdin;
1	wagtailcore	page
2	wagtailimages	image
3	wagtailcore	groupapprovaltask
4	wagtailcore	locale
5	wagtailcore	site
6	wagtailcore	modellogentry
7	wagtailcore	collectionviewrestriction
8	wagtailcore	collection
9	wagtailcore	groupcollectionpermission
10	wagtailcore	uploadedfile
11	wagtailcore	referenceindex
12	wagtailcore	revision
13	wagtailcore	grouppagepermission
14	wagtailcore	pageviewrestriction
15	wagtailcore	workflowpage
16	wagtailcore	workflowcontenttype
17	wagtailcore	workflowtask
18	wagtailcore	task
19	wagtailcore	workflow
20	wagtailcore	workflowstate
21	wagtailcore	taskstate
22	wagtailcore	pagelogentry
23	wagtailcore	comment
24	wagtailcore	commentreply
25	wagtailcore	pagesubscription
26	wagtailadmin	admin
27	wagtaildocs	document
28	home	homepage
29	home	sampleentryform
30	home	switchlabpage
31	home	footersettings
32	home	headersettings
33	wagtailforms	formsubmission
34	wagtailredirects	redirect
35	wagtailembeds	embed
36	wagtailusers	userprofile
37	wagtailimages	rendition
38	wagtailsearch	indexentry
39	taggit	tag
40	taggit	taggeditem
41	admin	logentry
42	auth	permission
43	auth	group
44	auth	user
45	contenttypes	contenttype
46	sessions	session
47	PRP_CDM_app	customappmodel
48	PRP_CDM_app	administration
49	PRP_CDM_app	lagesample
50	account	emailaddress
51	account	emailconfirmation
52	socialaccount	socialaccount
53	socialaccount	socialapp
54	socialaccount	socialtoken
55	home	dmppage
56	PRP_CDM_app	labdmp
57	home	dmpsearchpage
58	home	dmpviewpage
\.


--
-- Data for Name: django_migrations; Type: TABLE DATA; Schema: public; Owner: easydmp
--

COPY public.django_migrations (id, app, name, applied) FROM stdin;
1	PRP_CDM_app	0001_initial	2024-07-15 13:00:10.343753+00
2	PRP_CDM_app	0002_administration_lagesample_and_more	2024-07-15 13:00:10.34645+00
3	contenttypes	0001_initial	2024-07-15 13:00:10.351598+00
4	auth	0001_initial	2024-07-15 13:00:10.388975+00
5	account	0001_initial	2024-07-15 13:00:10.407383+00
6	account	0002_email_max_length	2024-07-15 13:00:10.411851+00
7	account	0003_alter_emailaddress_create_unique_verified_email	2024-07-15 13:00:10.419949+00
8	account	0004_alter_emailaddress_drop_unique_email	2024-07-15 13:00:10.42693+00
9	account	0005_emailaddress_idx_upper_email	2024-07-15 13:00:10.434062+00
10	account	0006_emailaddress_lower	2024-07-15 13:00:10.438394+00
11	account	0007_emailaddress_idx_email	2024-07-15 13:00:10.445845+00
12	account	0008_emailaddress_unique_primary_email_fixup	2024-07-15 13:00:10.449773+00
13	account	0009_emailaddress_unique_primary_email	2024-07-15 13:00:10.453822+00
14	admin	0001_initial	2024-07-15 13:00:10.472259+00
15	admin	0002_logentry_remove_auto_add	2024-07-15 13:00:10.475735+00
16	admin	0003_logentry_add_action_flag_choices	2024-07-15 13:00:10.479565+00
17	contenttypes	0002_remove_content_type_name	2024-07-15 13:00:10.485233+00
18	auth	0002_alter_permission_name_max_length	2024-07-15 13:00:10.488945+00
19	auth	0003_alter_user_email_max_length	2024-07-15 13:00:10.491935+00
20	auth	0004_alter_user_username_opts	2024-07-15 13:00:10.496483+00
21	auth	0005_alter_user_last_login_null	2024-07-15 13:00:10.502344+00
22	auth	0006_require_contenttypes_0002	2024-07-15 13:00:10.502859+00
23	auth	0007_alter_validators_add_error_messages	2024-07-15 13:00:10.507359+00
24	auth	0008_alter_user_username_max_length	2024-07-15 13:00:10.514594+00
25	auth	0009_alter_user_last_name_max_length	2024-07-15 13:00:10.517763+00
26	auth	0010_alter_group_name_max_length	2024-07-15 13:00:10.521417+00
27	auth	0011_update_proxy_permissions	2024-07-15 13:00:10.5253+00
28	auth	0012_alter_user_first_name_max_length	2024-07-15 13:00:10.528021+00
29	wagtailcore	0001_initial	2024-07-15 13:00:10.642576+00
30	wagtailcore	0002_initial_data	2024-07-15 13:00:10.64304+00
31	wagtailcore	0003_add_uniqueness_constraint_on_group_page_permission	2024-07-15 13:00:10.643286+00
32	wagtailcore	0004_page_locked	2024-07-15 13:00:10.643486+00
33	wagtailcore	0005_add_page_lock_permission_to_moderators	2024-07-15 13:00:10.643667+00
34	wagtailcore	0006_add_lock_page_permission	2024-07-15 13:00:10.643841+00
35	wagtailcore	0007_page_latest_revision_created_at	2024-07-15 13:00:10.644068+00
36	wagtailcore	0008_populate_latest_revision_created_at	2024-07-15 13:00:10.64432+00
37	wagtailcore	0009_remove_auto_now_add_from_pagerevision_created_at	2024-07-15 13:00:10.644529+00
38	wagtailcore	0010_change_page_owner_to_null_on_delete	2024-07-15 13:00:10.644726+00
39	wagtailcore	0011_page_first_published_at	2024-07-15 13:00:10.644925+00
40	wagtailcore	0012_extend_page_slug_field	2024-07-15 13:00:10.645124+00
41	wagtailcore	0013_update_golive_expire_help_text	2024-07-15 13:00:10.645339+00
42	wagtailcore	0014_add_verbose_name	2024-07-15 13:00:10.645515+00
43	wagtailcore	0015_add_more_verbose_names	2024-07-15 13:00:10.645695+00
44	wagtailcore	0016_change_page_url_path_to_text_field	2024-07-15 13:00:10.646007+00
45	wagtailcore	0017_change_edit_page_permission_description	2024-07-15 13:00:10.653019+00
46	wagtailcore	0018_pagerevision_submitted_for_moderation_index	2024-07-15 13:00:10.660681+00
47	wagtailcore	0019_verbose_names_cleanup	2024-07-15 13:00:10.683965+00
48	wagtailcore	0020_add_index_on_page_first_published_at	2024-07-15 13:00:10.693038+00
49	wagtailcore	0021_capitalizeverbose	2024-07-15 13:00:10.819964+00
50	wagtailcore	0022_add_site_name	2024-07-15 13:00:10.827218+00
51	wagtailcore	0023_alter_page_revision_on_delete_behaviour	2024-07-15 13:00:10.831357+00
52	wagtailcore	0024_collection	2024-07-15 13:00:10.839987+00
53	wagtailcore	0025_collection_initial_data	2024-07-15 13:00:10.846423+00
54	wagtailcore	0026_group_collection_permission	2024-07-15 13:00:10.859971+00
55	taggit	0001_initial	2024-07-15 13:00:10.881538+00
56	wagtailimages	0001_initial	2024-07-15 13:00:10.940262+00
57	wagtailimages	0002_initial_data	2024-07-15 13:00:10.940549+00
58	wagtailimages	0003_fix_focal_point_fields	2024-07-15 13:00:10.940759+00
59	wagtailimages	0004_make_focal_point_key_not_nullable	2024-07-15 13:00:10.941091+00
60	wagtailimages	0005_make_filter_spec_unique	2024-07-15 13:00:10.941309+00
61	wagtailimages	0006_add_verbose_names	2024-07-15 13:00:10.941517+00
62	wagtailimages	0007_image_file_size	2024-07-15 13:00:10.941701+00
63	wagtailimages	0008_image_created_at_index	2024-07-15 13:00:10.941884+00
64	wagtailimages	0009_capitalizeverbose	2024-07-15 13:00:10.942109+00
65	wagtailimages	0010_change_on_delete_behaviour	2024-07-15 13:00:10.942375+00
66	wagtailimages	0011_image_collection	2024-07-15 13:00:10.942571+00
67	wagtailimages	0012_copy_image_permissions_to_collections	2024-07-15 13:00:10.942746+00
68	wagtailimages	0013_make_rendition_upload_callable	2024-07-15 13:00:10.942923+00
69	wagtailimages	0014_add_filter_spec_field	2024-07-15 13:00:10.943112+00
70	wagtailimages	0015_fill_filter_spec_field	2024-07-15 13:00:10.943321+00
71	wagtailimages	0016_deprecate_rendition_filter_relation	2024-07-15 13:00:10.94355+00
72	wagtailimages	0017_reduce_focal_point_key_max_length	2024-07-15 13:00:10.94374+00
73	wagtailimages	0018_remove_rendition_filter	2024-07-15 13:00:10.943923+00
74	wagtailimages	0019_delete_filter	2024-07-15 13:00:10.944104+00
75	wagtailimages	0020_add-verbose-name	2024-07-15 13:00:10.944289+00
76	wagtailimages	0021_image_file_hash	2024-07-15 13:00:10.944468+00
77	wagtailimages	0022_uploadedimage	2024-07-15 13:00:10.954305+00
78	wagtailimages	0023_add_choose_permissions	2024-07-15 13:00:10.982084+00
79	wagtailimages	0024_index_image_file_hash	2024-07-15 13:00:10.990351+00
80	wagtailimages	0025_alter_image_file_alter_rendition_file	2024-07-15 13:00:11.007532+00
81	wagtailimages	0026_delete_uploadedimage	2024-07-15 13:00:11.008812+00
82	wagtailcore	0027_fix_collection_path_collation	2024-07-15 13:00:11.020463+00
83	wagtailcore	0024_alter_page_content_type_on_delete_behaviour	2024-07-15 13:00:11.027983+00
84	wagtailcore	0028_merge	2024-07-15 13:00:11.028505+00
85	wagtailcore	0029_unicode_slugfield_dj19	2024-07-15 13:00:11.036191+00
86	wagtailcore	0030_index_on_pagerevision_created_at	2024-07-15 13:00:11.045038+00
87	wagtailcore	0031_add_page_view_restriction_types	2024-07-15 13:00:11.077744+00
88	wagtailcore	0032_add_bulk_delete_page_permission	2024-07-15 13:00:11.085034+00
89	wagtailcore	0033_remove_golive_expiry_help_text	2024-07-15 13:00:11.127315+00
90	wagtailcore	0034_page_live_revision	2024-07-15 13:00:11.135583+00
91	wagtailcore	0035_page_last_published_at	2024-07-15 13:00:11.140427+00
92	wagtailcore	0036_populate_page_last_published_at	2024-07-15 13:00:11.148106+00
93	wagtailcore	0037_set_page_owner_editable	2024-07-15 13:00:11.154475+00
94	wagtailcore	0038_make_first_published_at_editable	2024-07-15 13:00:11.159965+00
95	wagtailcore	0039_collectionviewrestriction	2024-07-15 13:00:11.184758+00
96	wagtailcore	0040_page_draft_title	2024-07-15 13:00:11.196819+00
97	wagtailcore	0041_group_collection_permissions_verbose_name_plural	2024-07-15 13:00:11.201177+00
98	wagtailcore	0042_index_on_pagerevision_approved_go_live_at	2024-07-15 13:00:11.208583+00
99	wagtailcore	0043_lock_fields	2024-07-15 13:00:11.223586+00
100	wagtailcore	0044_add_unlock_grouppagepermission	2024-07-15 13:00:11.228365+00
101	wagtailcore	0045_assign_unlock_grouppagepermission	2024-07-15 13:00:11.236726+00
102	wagtailcore	0046_site_name_remove_null	2024-07-15 13:00:11.242099+00
103	wagtailcore	0047_add_workflow_models	2024-07-15 13:00:11.357333+00
104	wagtailcore	0048_add_default_workflows	2024-07-15 13:00:11.388198+00
105	wagtailcore	0049_taskstate_finished_by	2024-07-15 13:00:11.404778+00
106	wagtailcore	0050_workflow_rejected_to_needs_changes	2024-07-15 13:00:11.437539+00
107	wagtailcore	0051_taskstate_comment	2024-07-15 13:00:11.448304+00
108	wagtailcore	0052_pagelogentry	2024-07-15 13:00:11.506104+00
109	wagtailcore	0053_locale_model	2024-07-15 13:00:11.511546+00
110	wagtailcore	0054_initial_locale	2024-07-15 13:00:11.521263+00
111	wagtailcore	0055_page_locale_fields	2024-07-15 13:00:11.54709+00
112	wagtailcore	0056_page_locale_fields_populate	2024-07-15 13:00:11.55782+00
113	wagtailcore	0057_page_locale_fields_notnull	2024-07-15 13:00:11.577419+00
114	wagtailcore	0058_page_alias_of	2024-07-15 13:00:11.589094+00
115	wagtailcore	0059_apply_collection_ordering	2024-07-15 13:00:11.599607+00
116	wagtailcore	0060_fix_workflow_unique_constraint	2024-07-15 13:00:11.619341+00
117	wagtailcore	0061_change_promote_tab_helpt_text_and_verbose_names	2024-07-15 13:00:11.632777+00
118	wagtailcore	0062_comment_models_and_pagesubscription	2024-07-15 13:00:11.690995+00
119	wagtailcore	0063_modellogentry	2024-07-15 13:00:11.718863+00
120	wagtailcore	0064_log_timestamp_indexes	2024-07-15 13:00:11.741497+00
121	wagtailcore	0065_log_entry_uuid	2024-07-15 13:00:11.760743+00
122	wagtailcore	0066_collection_management_permissions	2024-07-15 13:00:11.777707+00
123	wagtailcore	0067_alter_pagerevision_content_json	2024-07-15 13:00:11.813656+00
124	wagtailcore	0068_log_entry_empty_object	2024-07-15 13:00:11.864588+00
125	wagtailcore	0069_log_entry_jsonfield	2024-07-15 13:00:11.912411+00
126	wagtailcore	0070_rename_pagerevision_revision	2024-07-15 13:00:12.032795+00
127	wagtailcore	0071_populate_revision_content_type	2024-07-15 13:00:12.044284+00
128	wagtailcore	0072_alter_revision_content_type_notnull	2024-07-15 13:00:12.066983+00
129	wagtailcore	0073_page_latest_revision	2024-07-15 13:00:12.080686+00
130	wagtailcore	0074_revision_object_str	2024-07-15 13:00:12.087332+00
131	wagtailcore	0075_populate_latest_revision_and_revision_object_str	2024-07-15 13:00:12.114833+00
132	wagtailcore	0076_modellogentry_revision	2024-07-15 13:00:12.169216+00
133	wagtailcore	0077_alter_revision_user	2024-07-15 13:00:12.179228+00
134	wagtailcore	0078_referenceindex	2024-07-15 13:00:12.198699+00
135	wagtailcore	0079_rename_taskstate_page_revision	2024-07-15 13:00:12.207901+00
136	wagtailcore	0080_generic_workflowstate	2024-07-15 13:00:12.286092+00
137	wagtailcore	0081_populate_workflowstate_content_type	2024-07-15 13:00:12.297666+00
138	wagtailcore	0082_alter_workflowstate_content_type_notnull	2024-07-15 13:00:12.321059+00
139	wagtailcore	0083_workflowcontenttype	2024-07-15 13:00:12.33626+00
140	wagtailcore	0084_add_default_page_permissions	2024-07-15 13:00:12.345693+00
141	wagtailcore	0085_add_grouppagepermission_permission	2024-07-15 13:00:12.365658+00
142	wagtailcore	0086_populate_grouppagepermission_permission	2024-07-15 13:00:12.399318+00
143	wagtailcore	0087_alter_grouppagepermission_unique_together_and_more	2024-07-15 13:00:12.469333+00
144	wagtailcore	0088_fix_log_entry_json_timestamps	2024-07-15 13:00:12.497167+00
145	wagtailcore	0089_log_entry_data_json_null_to_object	2024-07-15 13:00:12.508768+00
146	wagtailcore	0090_remove_grouppagepermission_permission_type	2024-07-15 13:00:12.540368+00
147	wagtailcore	0091_remove_revision_submitted_for_moderation	2024-07-15 13:00:12.549002+00
148	wagtailcore	0092_alter_collectionviewrestriction_password_and_more	2024-07-15 13:00:12.568985+00
149	wagtailcore	0093_uploadedfile	2024-07-15 13:00:12.586705+00
150	home	0001_initial	2024-07-15 13:00:12.600205+00
151	home	0002_sampleentryform_switchlabpage_homepage_body_and_more	2024-07-15 13:00:12.677242+00
152	sessions	0001_initial	2024-07-15 13:00:12.683401+00
153	socialaccount	0001_initial	2024-07-15 13:00:12.769002+00
154	socialaccount	0002_token_max_lengths	2024-07-15 13:00:12.78108+00
155	socialaccount	0003_extra_data_default_dict	2024-07-15 13:00:12.788145+00
156	socialaccount	0004_app_provider_id_settings	2024-07-15 13:00:12.79771+00
157	socialaccount	0005_socialtoken_nullable_app	2024-07-15 13:00:12.812494+00
158	socialaccount	0006_alter_socialaccount_extra_data	2024-07-15 13:00:12.826079+00
159	taggit	0002_auto_20150616_2121	2024-07-15 13:00:12.833543+00
160	taggit	0003_taggeditem_add_unique_index	2024-07-15 13:00:12.841428+00
161	taggit	0004_alter_taggeditem_content_type_alter_taggeditem_tag	2024-07-15 13:00:12.866653+00
162	taggit	0005_auto_20220424_2025	2024-07-15 13:00:12.878628+00
163	taggit	0006_rename_taggeditem_content_type_object_id_taggit_tagg_content_8fc721_idx	2024-07-15 13:00:12.890057+00
164	wagtailadmin	0001_create_admin_access_permissions	2024-07-15 13:00:12.905596+00
165	wagtailadmin	0002_admin	2024-07-15 13:00:12.906779+00
166	wagtailadmin	0003_admin_managed	2024-07-15 13:00:12.910237+00
167	wagtaildocs	0001_initial	2024-07-15 13:00:12.927906+00
168	wagtaildocs	0002_initial_data	2024-07-15 13:00:12.946718+00
169	wagtaildocs	0003_add_verbose_names	2024-07-15 13:00:13.013894+00
170	wagtaildocs	0004_capitalizeverbose	2024-07-15 13:00:13.083023+00
171	wagtaildocs	0005_document_collection	2024-07-15 13:00:13.103607+00
172	wagtaildocs	0006_copy_document_permissions_to_collections	2024-07-15 13:00:13.122495+00
173	wagtaildocs	0005_alter_uploaded_by_user_on_delete_action	2024-07-15 13:00:13.138651+00
174	wagtaildocs	0007_merge	2024-07-15 13:00:13.13942+00
175	wagtaildocs	0008_document_file_size	2024-07-15 13:00:13.148519+00
176	wagtaildocs	0009_document_verbose_name_plural	2024-07-15 13:00:13.157677+00
177	wagtaildocs	0010_document_file_hash	2024-07-15 13:00:13.166394+00
178	wagtaildocs	0011_add_choose_permissions	2024-07-15 13:00:13.203742+00
179	wagtaildocs	0012_uploadeddocument	2024-07-15 13:00:13.22259+00
180	wagtaildocs	0013_delete_uploadeddocument	2024-07-15 13:00:13.22363+00
181	wagtailembeds	0001_initial	2024-07-15 13:00:13.230243+00
182	wagtailembeds	0002_add_verbose_names	2024-07-15 13:00:13.231657+00
183	wagtailembeds	0003_capitalizeverbose	2024-07-15 13:00:13.233157+00
184	wagtailembeds	0004_embed_verbose_name_plural	2024-07-15 13:00:13.234304+00
185	wagtailembeds	0005_specify_thumbnail_url_max_length	2024-07-15 13:00:13.235853+00
186	wagtailembeds	0006_add_embed_hash	2024-07-15 13:00:13.237637+00
187	wagtailembeds	0007_populate_hash	2024-07-15 13:00:13.252463+00
188	wagtailembeds	0008_allow_long_urls	2024-07-15 13:00:13.261982+00
189	wagtailembeds	0009_embed_cache_until	2024-07-15 13:00:13.265168+00
190	wagtailforms	0001_initial	2024-07-15 13:00:13.3243+00
191	wagtailforms	0002_add_verbose_names	2024-07-15 13:00:13.335191+00
192	wagtailforms	0003_capitalizeverbose	2024-07-15 13:00:13.346261+00
193	wagtailforms	0004_add_verbose_name_plural	2024-07-15 13:00:13.351725+00
194	wagtailforms	0005_alter_formsubmission_form_data	2024-07-15 13:00:13.362209+00
195	wagtailredirects	0001_initial	2024-07-15 13:00:13.392623+00
196	wagtailredirects	0002_add_verbose_names	2024-07-15 13:00:13.424978+00
197	wagtailredirects	0003_make_site_field_editable	2024-07-15 13:00:13.441749+00
198	wagtailredirects	0004_set_unique_on_path_and_site	2024-07-15 13:00:13.459282+00
199	wagtailredirects	0005_capitalizeverbose	2024-07-15 13:00:13.508374+00
200	wagtailredirects	0006_redirect_increase_max_length	2024-07-15 13:00:13.51706+00
201	wagtailredirects	0007_add_autocreate_fields	2024-07-15 13:00:13.536208+00
202	wagtailredirects	0008_add_verbose_name_plural	2024-07-15 13:00:13.543034+00
203	wagtailsearch	0001_initial	2024-07-15 13:00:13.593112+00
204	wagtailsearch	0002_add_verbose_names	2024-07-15 13:00:13.655058+00
205	wagtailsearch	0003_remove_editors_pick	2024-07-15 13:00:13.655956+00
206	wagtailsearch	0004_querydailyhits_verbose_name_plural	2024-07-15 13:00:13.658023+00
207	wagtailsearch	0005_create_indexentry	2024-07-15 13:00:13.683489+00
208	wagtailsearch	0006_customise_indexentry	2024-07-15 13:00:13.718066+00
209	wagtailsearch	0007_delete_editorspick	2024-07-15 13:00:13.72017+00
210	wagtailsearch	0008_remove_query_and_querydailyhits_models	2024-07-15 13:00:13.727713+00
211	wagtailusers	0001_initial	2024-07-15 13:00:13.748298+00
212	wagtailusers	0002_add_verbose_name_on_userprofile	2024-07-15 13:00:13.773481+00
213	wagtailusers	0003_add_verbose_names	2024-07-15 13:00:13.78163+00
214	wagtailusers	0004_capitalizeverbose	2024-07-15 13:00:13.810122+00
215	wagtailusers	0005_make_related_name_wagtail_specific	2024-07-15 13:00:13.824434+00
216	wagtailusers	0006_userprofile_prefered_language	2024-07-15 13:00:13.833298+00
217	wagtailusers	0007_userprofile_current_time_zone	2024-07-15 13:00:13.840992+00
218	wagtailusers	0008_userprofile_avatar	2024-07-15 13:00:13.848421+00
219	wagtailusers	0009_userprofile_verbose_name_plural	2024-07-15 13:00:13.856861+00
220	wagtailusers	0010_userprofile_updated_comments_notifications	2024-07-15 13:00:13.86444+00
221	wagtailusers	0011_userprofile_dismissibles	2024-07-15 13:00:13.87361+00
222	wagtailusers	0012_userprofile_theme	2024-07-15 13:00:13.916163+00
223	wagtailusers	0013_userprofile_density	2024-07-15 13:00:13.924152+00
224	wagtailimages	0001_squashed_0021	2024-07-15 13:00:13.925452+00
225	wagtailcore	0001_squashed_0016_change_page_url_path_to_text_field	2024-07-15 13:00:13.925774+00
226	PRP_CDM_app	0003_alter_administration_uuid_and_more	2024-07-15 13:03:18.743853+00
227	PRP_CDM_app	0004_lagesample_file_in_alter_administration_dmptitle_and_more	2024-07-17 11:34:24.105069+00
228	PRP_CDM_app	0005_alter_administration_uuid_and_more	2024-07-17 11:34:24.127044+00
229	PRP_CDM_app	0006_remove_lagesample_file_in_and_more	2024-07-17 11:34:24.132856+00
230	PRP_CDM_app	0007_labdmp_alter_administration_uuid_and_more	2024-07-17 11:34:24.136968+00
231	home	0003_dmppage	2024-07-17 11:34:24.199165+00
232	PRP_CDM_app	0008_alter_administration_uuid_and_more	2024-07-17 11:54:22.587305+00
233	PRP_CDM_app	0009_labdmp_additional_enotebook_open_collection_and_more	2024-07-18 14:24:17.325541+00
234	PRP_CDM_app	0010_remove_labdmp_additional_enotebook_open_collection_and_more	2024-07-18 14:24:17.335257+00
235	PRP_CDM_app	0011_labdmp_additional_enotebook_open_collection_and_more	2024-07-18 14:24:17.34976+00
236	PRP_CDM_app	0012_alter_administration_uuid_and_more	2024-07-18 14:24:17.35639+00
237	PRP_CDM_app	0013_alter_administration_uuid_and_more	2024-07-18 14:24:17.360359+00
238	PRP_CDM_app	0014_alter_administration_uuid_and_more	2024-07-18 14:24:17.363367+00
239	PRP_CDM_app	0015_alter_administration_uuid_and_more	2024-07-18 14:24:17.379948+00
240	PRP_CDM_app	0016_remove_labdmp_datageneric_alter_administration_uuid_and_more	2024-07-18 14:24:17.384409+00
241	PRP_CDM_app	0017_alter_administration_uuid_and_more	2024-07-18 14:24:17.392893+00
242	PRP_CDM_app	0018_alter_administration_uuid_and_more	2024-07-18 14:24:17.396562+00
243	home	0004_dmpsearchpage	2024-07-18 14:24:17.45843+00
244	PRP_CDM_app	0019_administration_labname_alter_administration_uuid_and_more	2024-07-18 14:56:11.795082+00
245	PRP_CDM_app	0020_alter_administration_uuid_and_more	2024-07-18 14:56:11.814676+00
246	home	0005_dmpviewpage	2024-07-18 14:56:11.861659+00
247	PRP_CDM_app	0021_alter_administration_uuid_and_more	2024-07-18 15:28:06.585141+00
\.


--
-- Data for Name: django_session; Type: TABLE DATA; Schema: public; Owner: easydmp
--

COPY public.django_session (session_key, session_data, expire_date) FROM stdin;
isgq2su6ngtc7j58py51i07xrtxn9xux	.eJxVj8FOxCAQht-F87alQAV608R40WdoBhgW1qY0QBON8d2lyR7W4_z_N99kfsgCRw3LUTAv0ZGZjOTymBmwn7idhbvBdk29TVvN0fQn0t_b0n8kh-vLnf0nCFBC29beA5PAGBMChVLKc22ppJZzePKTVhY1N1RozpkeJ8ssjMwJpY2h1KE5pQVLiWlb8GuP-ZvM9EIy1iNvyw5XbEdCrfs8DGuysIZU6qyookNByDZ0JzM0zQqmmVa0Fc-33p_fXlt6HNE9xsY7I6YRO6km3wnjWddm2UmmtaTohaKe_P4BYCVmtw:1sUmeT:daORyfNABCSsyNr3caexO15zm9ngOt6NqSnXFJf2G0Y	2024-08-02 12:23:57.035144+00
\.


--
-- Data for Name: home_dmppage; Type: TABLE DATA; Schema: public; Owner: easydmp
--

COPY public.home_dmppage (page_ptr_id, intro, thankyou_page_title) FROM stdin;
7	<p data-block-key="oqhxx">This page is the fixed data management plan of your laboratory</p>	Thank you!
\.


--
-- Data for Name: home_dmpsearchpage; Type: TABLE DATA; Schema: public; Owner: easydmp
--

COPY public.home_dmpsearchpage (page_ptr_id, intro) FROM stdin;
8	<p data-block-key="p7g3e">Intro Text sample</p>
\.


--
-- Data for Name: home_dmpviewpage; Type: TABLE DATA; Schema: public; Owner: easydmp
--

COPY public.home_dmpviewpage (page_ptr_id, intro) FROM stdin;
9	<p data-block-key="ww4w1">text intro</p>
\.


--
-- Data for Name: home_footersettings; Type: TABLE DATA; Schema: public; Owner: easydmp
--

COPY public.home_footersettings (id, footer_text, github_url, github_icon_id) FROM stdin;
1	<p data-block-key="aon2t">This is a footer</p>	https://github.com/marcoprenassi/django_dev	3
\.


--
-- Data for Name: home_headersettings; Type: TABLE DATA; Schema: public; Owner: easydmp
--

COPY public.home_headersettings (id, header_text, prp_icon_id) FROM stdin;
1		2
\.


--
-- Data for Name: home_homepage; Type: TABLE DATA; Schema: public; Owner: easydmp
--

COPY public.home_homepage (page_ptr_id, body, intro) FROM stdin;
3	<p data-block-key="h26tv"></p><embed embedtype="image" format="fullwidth" id="1" alt="AFM"/><p data-block-key="93uh3"></p>	easyDMP - Home Page
6	<h2 data-block-key="uuo13">TEST</h2>	test
\.


--
-- Data for Name: home_sampleentryform; Type: TABLE DATA; Schema: public; Owner: easydmp
--

COPY public.home_sampleentryform (page_ptr_id, intro, thankyou_page_title) FROM stdin;
5		Thank you!
\.


--
-- Data for Name: home_switchlabpage; Type: TABLE DATA; Schema: public; Owner: easydmp
--

COPY public.home_switchlabpage (page_ptr_id, intro) FROM stdin;
4	
\.


--
-- Data for Name: socialaccount_socialaccount; Type: TABLE DATA; Schema: public; Owner: easydmp
--

COPY public.socialaccount_socialaccount (id, provider, uid, last_login, date_joined, extra_data, user_id) FROM stdin;
\.


--
-- Data for Name: socialaccount_socialapp; Type: TABLE DATA; Schema: public; Owner: easydmp
--

COPY public.socialaccount_socialapp (id, provider, name, client_id, secret, key, provider_id, settings) FROM stdin;
\.


--
-- Data for Name: socialaccount_socialtoken; Type: TABLE DATA; Schema: public; Owner: easydmp
--

COPY public.socialaccount_socialtoken (id, token, token_secret, expires_at, account_id, app_id) FROM stdin;
\.


--
-- Data for Name: taggit_tag; Type: TABLE DATA; Schema: public; Owner: easydmp
--

COPY public.taggit_tag (id, name, slug) FROM stdin;
\.


--
-- Data for Name: taggit_taggeditem; Type: TABLE DATA; Schema: public; Owner: easydmp
--

COPY public.taggit_taggeditem (id, object_id, content_type_id, tag_id) FROM stdin;
\.


--
-- Data for Name: wagtailadmin_admin; Type: TABLE DATA; Schema: public; Owner: easydmp
--

COPY public.wagtailadmin_admin (id) FROM stdin;
\.


--
-- Data for Name: wagtailcore_collection; Type: TABLE DATA; Schema: public; Owner: easydmp
--

COPY public.wagtailcore_collection (id, path, depth, numchild, name) FROM stdin;
1	0001	1	0	Root
\.


--
-- Data for Name: wagtailcore_collectionviewrestriction; Type: TABLE DATA; Schema: public; Owner: easydmp
--

COPY public.wagtailcore_collectionviewrestriction (id, restriction_type, password, collection_id) FROM stdin;
\.


--
-- Data for Name: wagtailcore_collectionviewrestriction_groups; Type: TABLE DATA; Schema: public; Owner: easydmp
--

COPY public.wagtailcore_collectionviewrestriction_groups (id, collectionviewrestriction_id, group_id) FROM stdin;
\.


--
-- Data for Name: wagtailcore_comment; Type: TABLE DATA; Schema: public; Owner: easydmp
--

COPY public.wagtailcore_comment (id, text, contentpath, "position", created_at, updated_at, resolved_at, page_id, resolved_by_id, revision_created_id, user_id) FROM stdin;
\.


--
-- Data for Name: wagtailcore_commentreply; Type: TABLE DATA; Schema: public; Owner: easydmp
--

COPY public.wagtailcore_commentreply (id, text, created_at, updated_at, comment_id, user_id) FROM stdin;
\.


--
-- Data for Name: wagtailcore_groupapprovaltask; Type: TABLE DATA; Schema: public; Owner: easydmp
--

COPY public.wagtailcore_groupapprovaltask (task_ptr_id) FROM stdin;
1
\.


--
-- Data for Name: wagtailcore_groupapprovaltask_groups; Type: TABLE DATA; Schema: public; Owner: easydmp
--

COPY public.wagtailcore_groupapprovaltask_groups (id, groupapprovaltask_id, group_id) FROM stdin;
1	1	1
\.


--
-- Data for Name: wagtailcore_groupcollectionpermission; Type: TABLE DATA; Schema: public; Owner: easydmp
--

COPY public.wagtailcore_groupcollectionpermission (id, collection_id, group_id, permission_id) FROM stdin;
1	1	1	1
2	1	2	1
3	1	1	2
4	1	2	2
5	1	1	106
6	1	2	106
7	1	1	107
8	1	2	107
9	1	1	109
10	1	2	109
\.


--
-- Data for Name: wagtailcore_grouppagepermission; Type: TABLE DATA; Schema: public; Owner: easydmp
--

COPY public.wagtailcore_grouppagepermission (id, group_id, page_id, permission_id) FROM stdin;
1	1	1	37
2	1	1	38
3	1	1	43
4	2	1	37
5	2	1	38
6	1	1	42
7	1	1	44
\.


--
-- Data for Name: wagtailcore_locale; Type: TABLE DATA; Schema: public; Owner: easydmp
--

COPY public.wagtailcore_locale (id, language_code) FROM stdin;
1	en
\.


--
-- Data for Name: wagtailcore_modellogentry; Type: TABLE DATA; Schema: public; Owner: easydmp
--

COPY public.wagtailcore_modellogentry (id, label, action, data, "timestamp", content_changed, deleted, object_id, content_type_id, user_id, uuid, revision_id) FROM stdin;
1	easydmp [default]	wagtail.create	{}	2024-07-15 13:06:17.270306+00	t	f	2	5	1	8684b5c9-d7ef-4be0-9baa-3b383e86e0a8	\N
2	header settings	wagtail.edit	{}	2024-07-15 13:07:08.00166+00	t	f	1	32	1	4e70ed7a-ee84-4aa7-a8b6-b809b7891ca4	\N
3	test_lage	wagtail.create	{}	2024-07-15 13:09:46.128868+00	t	f	2	44	1	ae25171b-d3e1-46ca-92db-87166df91756	\N
4	LAGE	wagtail.create	{}	2024-07-15 13:10:35.616121+00	t	f	3	43	1	ba744f59-6f78-4f78-bf31-b7917a2bc7a0	\N
5	LAME	wagtail.create	{}	2024-07-15 13:11:07.642533+00	t	f	4	43	1	4d9a8b26-e9cd-4a5d-8d5c-b274b12d4009	\N
6	admin	wagtail.edit	{}	2024-07-15 13:11:37.529345+00	t	f	1	44	1	7074629e-2ef8-4605-b4de-67ad9c2270d5	\N
7	admin	wagtail.edit	{}	2024-07-15 13:11:59.276014+00	f	f	1	44	1	1376eecb-f9a5-4ca2-b1cc-f388d51e6b2d	\N
8	test_lage	wagtail.edit	{}	2024-07-15 13:12:04.775823+00	t	f	2	44	1	0de9ed1c-2569-4bcb-ba89-c5c1304cda63	\N
9	footer settings	wagtail.edit	{}	2024-07-15 13:23:15.707152+00	t	f	1	31	1	8a8a8321-6744-47c2-9664-422460043916	\N
\.


--
-- Data for Name: wagtailcore_page; Type: TABLE DATA; Schema: public; Owner: easydmp
--

COPY public.wagtailcore_page (id, path, depth, numchild, title, slug, live, has_unpublished_changes, url_path, seo_title, show_in_menus, search_description, go_live_at, expire_at, expired, content_type_id, owner_id, locked, latest_revision_created_at, first_published_at, live_revision_id, last_published_at, draft_title, locked_at, locked_by_id, translation_key, locale_id, alias_of_id, latest_revision_id) FROM stdin;
6	000100010003	3	0	Pagina pubblica di test	public-page-test	t	f	/easydmp-home/public-page-test/		t		\N	\N	f	28	1	f	2024-07-15 13:21:13.768317+00	2024-07-15 13:21:13.795354+00	12	2024-07-15 13:21:13.795354+00	Pagina pubblica di test	\N	\N	4b43cdf1-868e-4fd0-ba3f-ee199ea5690a	1	\N	12
1	0001	1	1	Root	root	t	f	/		f		\N	\N	f	1	\N	f	\N	\N	\N	\N	Root	\N	\N	c68dcccf-a5ca-4443-9533-cda24d72ecfb	1	\N	\N
7	000100010004	3	0	Laboratory Core Data Management Plan	laboratory-data-management-plan	t	f	/easydmp-home/laboratory-data-management-plan/		t		\N	\N	f	55	1	f	2024-07-18 10:41:01.343397+00	2024-07-17 11:36:43.07986+00	15	2024-07-18 10:41:01.414495+00	Laboratory Core Data Management Plan	\N	\N	8dbd0b28-3c5e-42d4-a4e4-7b2f89595c42	1	\N	15
4	000100010001	3	0	Switch Laboratory	switch-laboratory	t	f	/easydmp-home/switch-laboratory/		f		\N	\N	f	30	1	f	2024-07-15 13:12:39.345858+00	2024-07-15 13:07:52.523934+00	8	2024-07-15 13:12:39.386125+00	Switch Laboratory	\N	\N	7438160a-dbed-4f74-9210-63d322acdd3f	1	\N	8
5	000100010002	3	0	Sample Entry	sample-entry	t	f	/easydmp-home/sample-entry/		t		\N	\N	f	29	1	f	2024-07-15 13:14:04.709638+00	2024-07-15 13:08:58.115888+00	10	2024-07-15 13:14:04.752161+00	Sample Entry	\N	\N	5cf1ac1f-f640-457e-9f4d-f03c92547b29	1	\N	10
8	000100010005	3	0	Search Page	search-page	t	f	/easydmp-home/search-page/		t		\N	\N	f	57	1	f	2024-07-18 14:25:49.081498+00	2024-07-18 14:25:02.349261+00	18	2024-07-18 14:25:49.113558+00	Search Page	\N	\N	547ca438-03ee-4ede-8da4-3f3699e23e21	1	\N	18
3	00010001	2	6	Home Page	easydmp-home	t	f	/easydmp-home/		f		\N	\N	f	28	1	f	2024-07-15 13:05:48.874034+00	2024-07-15 13:05:14.903223+00	3	2024-07-15 13:05:48.90994+00	Home Page	\N	\N	92cb4c9f-5884-4d44-849e-529631c84406	1	\N	3
9	000100010006	3	0	DMP VIEW	dmp-view	t	f	/easydmp-home/dmp-view/		f		\N	\N	f	58	1	f	2024-07-18 14:56:49.169082+00	2024-07-18 14:56:49.193322+00	19	2024-07-18 14:56:49.193322+00	DMP VIEW	\N	\N	869e6704-7128-4cbb-acfa-987d1c5fb83e	1	\N	19
\.


--
-- Data for Name: wagtailcore_pagelogentry; Type: TABLE DATA; Schema: public; Owner: easydmp
--

COPY public.wagtailcore_pagelogentry (id, label, action, data, "timestamp", content_changed, deleted, content_type_id, page_id, revision_id, user_id, uuid) FROM stdin;
1	Welcome to your new Wagtail site!	wagtail.delete	{}	2024-07-15 13:04:09.808886+00	f	t	1	2	\N	1	6118a29f-f6d2-46e3-acb6-de419f58be3a
2	Home Page	wagtail.create	{}	2024-07-15 13:05:14.864415+00	t	f	28	3	\N	1	5eaea4ad-bef1-4397-8671-e8dc829a5764
3	Home Page	wagtail.edit	{}	2024-07-15 13:05:14.891987+00	t	f	28	3	1	1	5eaea4ad-bef1-4397-8671-e8dc829a5764
4	Home Page	wagtail.publish	{}	2024-07-15 13:05:14.94223+00	t	f	28	3	1	1	5eaea4ad-bef1-4397-8671-e8dc829a5764
5	Home Page	wagtail.edit	{}	2024-07-15 13:05:37.729414+00	t	f	28	3	2	1	32ca5811-b498-4553-829c-81e77af58bc6
6	Home Page	wagtail.publish	{}	2024-07-15 13:05:37.801909+00	f	f	28	3	2	1	32ca5811-b498-4553-829c-81e77af58bc6
7	Home Page	wagtail.edit	{}	2024-07-15 13:05:48.894676+00	t	f	28	3	3	1	310c61c7-e2a8-4dd4-a110-a181831da450
8	Home Page	wagtail.publish	{}	2024-07-15 13:05:48.944167+00	f	f	28	3	3	1	310c61c7-e2a8-4dd4-a110-a181831da450
9	Switch Lab	wagtail.create	{}	2024-07-15 13:07:52.483553+00	t	f	30	4	\N	1	9bd27755-900b-474a-87d3-d2b009529cc8
10	Switch Lab	wagtail.edit	{}	2024-07-15 13:07:52.513499+00	t	f	30	4	4	1	9bd27755-900b-474a-87d3-d2b009529cc8
11	Switch Lab	wagtail.publish	{}	2024-07-15 13:07:52.558809+00	t	f	30	4	4	1	9bd27755-900b-474a-87d3-d2b009529cc8
12	Switch Lab	wagtail.edit	{}	2024-07-15 13:08:10.176033+00	t	f	30	4	5	1	7838949d-3f78-4ec8-9b28-cdeb9f2db3ad
13	Switch Laboratory	wagtail.rename	{"title": {"new": "Switch Laboratory", "old": "Switch Lab"}}	2024-07-15 13:08:10.22185+00	f	f	30	4	5	1	7838949d-3f78-4ec8-9b28-cdeb9f2db3ad
14	Switch Laboratory	wagtail.publish	{"title": {"new": "Switch Laboratory", "old": "Switch Lab"}}	2024-07-15 13:08:10.225733+00	t	f	30	4	5	1	7838949d-3f78-4ec8-9b28-cdeb9f2db3ad
15	Switch Laboratory	wagtail.edit	{}	2024-07-15 13:08:29.517881+00	t	f	30	4	6	1	7ce29405-1c8a-4f34-bf53-2f6742783a37
16	Switch Laboratory	wagtail.publish	{}	2024-07-15 13:08:29.587773+00	t	f	30	4	6	1	7ce29405-1c8a-4f34-bf53-2f6742783a37
17	Sample Entry	wagtail.create	{}	2024-07-15 13:08:58.084077+00	t	f	29	5	\N	1	ffbc4081-d339-4ce6-ba0b-0d37a1878759
18	Sample Entry	wagtail.edit	{}	2024-07-15 13:08:58.106349+00	t	f	29	5	7	1	ffbc4081-d339-4ce6-ba0b-0d37a1878759
19	Sample Entry	wagtail.publish	{}	2024-07-15 13:08:58.144639+00	t	f	29	5	7	1	ffbc4081-d339-4ce6-ba0b-0d37a1878759
20	Switch Laboratory	wagtail.view_restriction.create	{"restriction": {"type": "login", "title": "Private, accessible to any logged-in users"}}	2024-07-15 13:12:35.529399+00	f	f	30	4	\N	1	a5cc7c05-805e-4595-b6b6-eded4e870250
21	Switch Laboratory	wagtail.edit	{}	2024-07-15 13:12:39.369685+00	t	f	30	4	8	1	95b8b8ea-88a1-46ce-9609-aa77cb15d7cd
22	Switch Laboratory	wagtail.publish	{}	2024-07-15 13:12:39.42205+00	f	f	30	4	8	1	95b8b8ea-88a1-46ce-9609-aa77cb15d7cd
23	Sample Entry	wagtail.view_restriction.create	{"restriction": {"type": "login", "title": "Private, accessible to any logged-in users"}}	2024-07-15 13:12:47.263705+00	f	f	29	5	\N	1	438a78a0-d9e0-4785-bed2-6ef244d29883
24	Sample Entry	wagtail.edit	{}	2024-07-15 13:12:49.756597+00	t	f	29	5	9	1	e1d2f8bd-de47-4ab2-9839-963ee5eddfe1
25	Sample Entry	wagtail.publish	{}	2024-07-15 13:12:49.804361+00	f	f	29	5	9	1	e1d2f8bd-de47-4ab2-9839-963ee5eddfe1
26	Sample Entry	wagtail.edit	{}	2024-07-15 13:14:04.732259+00	t	f	29	5	10	1	11da99c6-e539-467b-8239-c6568a720618
27	Sample Entry	wagtail.publish	{}	2024-07-15 13:14:04.787435+00	t	f	29	5	10	1	11da99c6-e539-467b-8239-c6568a720618
28	Pagina pubblica di test	wagtail.create	{}	2024-07-15 13:20:46.184349+00	t	f	28	6	\N	1	26fd4980-efbe-4312-b80f-97e108fe99a8
29	Pagina pubblica di test	wagtail.edit	{}	2024-07-15 13:20:46.220568+00	t	f	28	6	11	1	26fd4980-efbe-4312-b80f-97e108fe99a8
30	Pagina pubblica di test	wagtail.edit	{}	2024-07-15 13:21:13.785438+00	t	f	28	6	12	1	e84965a7-c1fc-46b4-af85-8edf57c8b945
31	Pagina pubblica di test	wagtail.publish	{}	2024-07-15 13:21:13.824721+00	f	f	28	6	12	1	e84965a7-c1fc-46b4-af85-8edf57c8b945
32	Laboratory Data Management Plan	wagtail.create	{}	2024-07-17 11:36:43.044835+00	t	f	55	7	\N	1	06691b6b-9573-4301-a3df-32c8cb0a49f5
33	Laboratory Data Management Plan	wagtail.edit	{}	2024-07-17 11:36:43.069797+00	t	f	55	7	13	1	06691b6b-9573-4301-a3df-32c8cb0a49f5
34	Laboratory Data Management Plan	wagtail.publish	{}	2024-07-17 11:36:43.112024+00	t	f	55	7	13	1	06691b6b-9573-4301-a3df-32c8cb0a49f5
35	Laboratory Data Management Plan	wagtail.view_restriction.create	{"restriction": {"type": "login", "title": "Private, accessible to any logged-in users"}}	2024-07-17 11:36:55.511494+00	f	f	55	7	\N	1	78a234a1-8dc0-4897-87b0-3a703af9942a
36	Laboratory Data Management Plan	wagtail.edit	{}	2024-07-17 11:36:58.196024+00	t	f	55	7	14	1	d7496518-924c-417f-9ef3-4c5bd5d40796
37	Laboratory Data Management Plan	wagtail.publish	{}	2024-07-17 11:36:58.240914+00	f	f	55	7	14	1	d7496518-924c-417f-9ef3-4c5bd5d40796
38	Laboratory Data Management Plan	wagtail.edit	{}	2024-07-18 10:41:01.396363+00	t	f	55	7	15	1	1a42bdc2-4fd6-4f8a-b006-170233b585ed
39	Laboratory Core Data Management Plan	wagtail.rename	{"title": {"new": "Laboratory Core Data Management Plan", "old": "Laboratory Data Management Plan"}}	2024-07-18 10:41:01.451036+00	f	f	55	7	15	1	1a42bdc2-4fd6-4f8a-b006-170233b585ed
40	Laboratory Core Data Management Plan	wagtail.publish	{"title": {"new": "Laboratory Core Data Management Plan", "old": "Laboratory Data Management Plan"}}	2024-07-18 10:41:01.455159+00	t	f	55	7	15	1	1a42bdc2-4fd6-4f8a-b006-170233b585ed
41	Search Page	wagtail.create	{}	2024-07-18 14:25:02.300668+00	t	f	57	8	\N	1	ef2771aa-5649-4e18-a01f-938fbe19f614
42	Search Page	wagtail.edit	{}	2024-07-18 14:25:02.337438+00	t	f	57	8	16	1	ef2771aa-5649-4e18-a01f-938fbe19f614
43	Search Page	wagtail.publish	{}	2024-07-18 14:25:02.380828+00	t	f	57	8	16	1	ef2771aa-5649-4e18-a01f-938fbe19f614
44	Search Page	wagtail.view_restriction.create	{"restriction": {"type": "login", "title": "Private, accessible to any logged-in users"}}	2024-07-18 14:25:13.879091+00	f	f	57	8	\N	1	37155c1c-5ce3-4100-b2e8-e74feabb5a9c
45	Search Page	wagtail.edit	{}	2024-07-18 14:25:20.737611+00	t	f	57	8	17	1	8499b06d-1275-4916-9fb4-815b5b596468
46	Search Page	wagtail.publish	{}	2024-07-18 14:25:20.795111+00	f	f	57	8	17	1	8499b06d-1275-4916-9fb4-815b5b596468
47	Search Page	wagtail.edit	{}	2024-07-18 14:25:49.101092+00	t	f	57	8	18	1	297bb390-c05d-4bf9-91b8-3ff661857d03
48	Search Page	wagtail.publish	{}	2024-07-18 14:25:49.142373+00	t	f	57	8	18	1	297bb390-c05d-4bf9-91b8-3ff661857d03
49	DMP VIEW	wagtail.create	{}	2024-07-18 14:56:49.155964+00	t	f	58	9	\N	1	8ae1ec9b-b11d-425a-83c0-c80e1cbd91cb
50	DMP VIEW	wagtail.edit	{}	2024-07-18 14:56:49.182698+00	t	f	58	9	19	1	8ae1ec9b-b11d-425a-83c0-c80e1cbd91cb
51	DMP VIEW	wagtail.publish	{}	2024-07-18 14:56:49.222798+00	t	f	58	9	19	1	8ae1ec9b-b11d-425a-83c0-c80e1cbd91cb
\.


--
-- Data for Name: wagtailcore_pagesubscription; Type: TABLE DATA; Schema: public; Owner: easydmp
--

COPY public.wagtailcore_pagesubscription (id, comment_notifications, page_id, user_id) FROM stdin;
2	t	3	1
3	t	4	1
4	t	5	1
5	t	6	1
6	t	7	1
7	t	8	1
8	t	9	1
\.


--
-- Data for Name: wagtailcore_pageviewrestriction; Type: TABLE DATA; Schema: public; Owner: easydmp
--

COPY public.wagtailcore_pageviewrestriction (id, password, page_id, restriction_type) FROM stdin;
1		4	login
2		5	login
3		7	login
4		8	login
\.


--
-- Data for Name: wagtailcore_pageviewrestriction_groups; Type: TABLE DATA; Schema: public; Owner: easydmp
--

COPY public.wagtailcore_pageviewrestriction_groups (id, pageviewrestriction_id, group_id) FROM stdin;
\.


--
-- Data for Name: wagtailcore_referenceindex; Type: TABLE DATA; Schema: public; Owner: easydmp
--

COPY public.wagtailcore_referenceindex (id, object_id, to_object_id, model_path, content_path, content_path_hash, base_content_type_id, content_type_id, to_content_type_id) FROM stdin;
1	1	1	collection	collection	b40b1263-e929-57f2-a7f8-9dbce56b887b	2	2	8
2	3	1	body.	body.	4d332296-be98-5f77-a5ad-cbe1e1aacda5	1	28	2
3	2	1	collection	collection	b40b1263-e929-57f2-a7f8-9dbce56b887b	2	2	8
4	3	1	collection	collection	b40b1263-e929-57f2-a7f8-9dbce56b887b	2	2	8
\.


--
-- Data for Name: wagtailcore_revision; Type: TABLE DATA; Schema: public; Owner: easydmp
--

COPY public.wagtailcore_revision (id, created_at, content, approved_go_live_at, object_id, user_id, content_type_id, base_content_type_id, object_str) FROM stdin;
1	2024-07-15 13:05:14.877325+00	{"pk": 3, "body": "<p data-block-key=\\"h26tv\\"></p><embed embedtype=\\"image\\" format=\\"fullwidth\\" id=\\"1\\" alt=\\"AFM\\"/><p data-block-key=\\"93uh3\\"></p>", "live": true, "path": "00010001", "slug": "easydmp-home", "depth": 2, "intro": "easyDMP - Home Page", "owner": 1, "title": "Home Page", "locale": 1, "locked": false, "expired": false, "alias_of": null, "numchild": 0, "url_path": "/easydmp-home/", "expire_at": null, "locked_at": null, "locked_by": null, "seo_title": "", "go_live_at": null, "draft_title": "Home Page", "content_type": 28, "live_revision": null, "show_in_menus": false, "latest_revision": null, "translation_key": "92cb4c9f-5884-4d44-849e-529631c84406", "last_published_at": null, "first_published_at": null, "search_description": "", "wagtail_admin_comments": [], "has_unpublished_changes": false, "latest_revision_created_at": null}	\N	3	1	28	1	Home Page
2	2024-07-15 13:05:37.709667+00	{"pk": 3, "body": "<p data-block-key=\\"h26tv\\"></p><embed embedtype=\\"image\\" format=\\"fullwidth\\" id=\\"1\\" alt=\\"AFM\\"/><p data-block-key=\\"93uh3\\"></p>", "live": true, "path": "00010001", "slug": "easydmp-home", "depth": 2, "intro": "easyDMP - Home Page", "owner": 1, "title": "Home Page", "locale": 1, "locked": false, "expired": false, "alias_of": null, "numchild": 0, "url_path": "/easydmp-home/", "expire_at": null, "locked_at": null, "locked_by": null, "seo_title": "", "go_live_at": null, "draft_title": "Home Page", "content_type": 28, "live_revision": 1, "show_in_menus": false, "latest_revision": 1, "translation_key": "92cb4c9f-5884-4d44-849e-529631c84406", "last_published_at": "2024-07-15T13:05:14.903Z", "first_published_at": "2024-07-15T13:05:14.903Z", "search_description": "", "wagtail_admin_comments": [], "has_unpublished_changes": false, "latest_revision_created_at": "2024-07-15T13:05:14.877Z"}	\N	3	1	28	1	Home Page
3	2024-07-15 13:05:48.874034+00	{"pk": 3, "body": "<p data-block-key=\\"h26tv\\"></p><embed embedtype=\\"image\\" format=\\"fullwidth\\" id=\\"1\\" alt=\\"AFM\\"/><p data-block-key=\\"93uh3\\"></p>", "live": true, "path": "00010001", "slug": "easydmp-home", "depth": 2, "intro": "easyDMP - Home Page", "owner": 1, "title": "Home Page", "locale": 1, "locked": false, "expired": false, "alias_of": null, "numchild": 0, "url_path": "/easydmp-home/", "expire_at": null, "locked_at": null, "locked_by": null, "seo_title": "", "go_live_at": null, "draft_title": "Home Page", "content_type": 28, "live_revision": 2, "show_in_menus": false, "latest_revision": 2, "translation_key": "92cb4c9f-5884-4d44-849e-529631c84406", "last_published_at": "2024-07-15T13:05:37.743Z", "first_published_at": "2024-07-15T13:05:14.903Z", "search_description": "", "wagtail_admin_comments": [], "has_unpublished_changes": false, "latest_revision_created_at": "2024-07-15T13:05:37.709Z"}	\N	3	1	28	1	Home Page
4	2024-07-15 13:07:52.499668+00	{"pk": 4, "live": true, "path": "000100010001", "slug": "switch-lab", "depth": 3, "intro": "", "owner": 1, "title": "Switch Lab", "locale": 1, "locked": false, "expired": false, "alias_of": null, "numchild": 0, "url_path": "/easydmp-home/switch-lab/", "expire_at": null, "locked_at": null, "locked_by": null, "seo_title": "", "go_live_at": null, "draft_title": "Switch Lab", "content_type": 30, "live_revision": null, "show_in_menus": false, "latest_revision": null, "translation_key": "7438160a-dbed-4f74-9210-63d322acdd3f", "last_published_at": null, "first_published_at": null, "search_description": "", "wagtail_admin_comments": [], "has_unpublished_changes": false, "latest_revision_created_at": null}	\N	4	1	30	1	Switch Lab
5	2024-07-15 13:08:10.155539+00	{"pk": 4, "live": true, "path": "000100010001", "slug": "switch-lab", "depth": 3, "intro": "", "owner": 1, "title": "Switch Laboratory", "locale": 1, "locked": false, "expired": false, "alias_of": null, "numchild": 0, "url_path": "/easydmp-home/switch-lab/", "expire_at": null, "locked_at": null, "locked_by": null, "seo_title": "", "go_live_at": null, "draft_title": "Switch Lab", "content_type": 30, "live_revision": 4, "show_in_menus": false, "latest_revision": 4, "translation_key": "7438160a-dbed-4f74-9210-63d322acdd3f", "last_published_at": "2024-07-15T13:07:52.523Z", "first_published_at": "2024-07-15T13:07:52.523Z", "search_description": "", "wagtail_admin_comments": [], "has_unpublished_changes": false, "latest_revision_created_at": "2024-07-15T13:07:52.499Z"}	\N	4	1	30	1	Switch Laboratory
7	2024-07-15 13:08:58.094985+00	{"pk": 5, "live": true, "path": "000100010002", "slug": "sample-entry", "depth": 3, "intro": "", "owner": 1, "title": "Sample Entry", "locale": 1, "locked": false, "expired": false, "alias_of": null, "numchild": 0, "url_path": "/easydmp-home/sample-entry/", "expire_at": null, "locked_at": null, "locked_by": null, "seo_title": "", "go_live_at": null, "draft_title": "Sample Entry", "content_type": 29, "live_revision": null, "show_in_menus": false, "latest_revision": null, "translation_key": "5cf1ac1f-f640-457e-9f4d-f03c92547b29", "last_published_at": null, "first_published_at": null, "search_description": "", "thankyou_page_title": "Thank you!", "wagtail_admin_comments": [], "has_unpublished_changes": false, "latest_revision_created_at": null}	\N	5	1	29	1	Sample Entry
6	2024-07-15 13:08:29.482623+00	{"pk": 4, "live": true, "path": "000100010001", "slug": "switch-laboratory", "depth": 3, "intro": "", "owner": 1, "title": "Switch Laboratory", "locale": 1, "locked": false, "expired": false, "alias_of": null, "numchild": 0, "url_path": "/easydmp-home/switch-lab/", "expire_at": null, "locked_at": null, "locked_by": null, "seo_title": "", "go_live_at": null, "draft_title": "Switch Laboratory", "content_type": 30, "live_revision": 5, "show_in_menus": false, "latest_revision": 5, "translation_key": "7438160a-dbed-4f74-9210-63d322acdd3f", "last_published_at": "2024-07-15T13:08:10.189Z", "first_published_at": "2024-07-15T13:07:52.523Z", "search_description": "", "wagtail_admin_comments": [], "has_unpublished_changes": false, "latest_revision_created_at": "2024-07-15T13:08:10.155Z"}	\N	4	1	30	1	Switch Laboratory
8	2024-07-15 13:12:39.345858+00	{"pk": 4, "live": true, "path": "000100010001", "slug": "switch-laboratory", "depth": 3, "intro": "", "owner": 1, "title": "Switch Laboratory", "locale": 1, "locked": false, "expired": false, "alias_of": null, "numchild": 0, "url_path": "/easydmp-home/switch-laboratory/", "expire_at": null, "locked_at": null, "locked_by": null, "seo_title": "", "go_live_at": null, "draft_title": "Switch Laboratory", "content_type": 30, "live_revision": 6, "show_in_menus": false, "latest_revision": 6, "translation_key": "7438160a-dbed-4f74-9210-63d322acdd3f", "last_published_at": "2024-07-15T13:08:29.531Z", "first_published_at": "2024-07-15T13:07:52.523Z", "search_description": "", "wagtail_admin_comments": [], "has_unpublished_changes": false, "latest_revision_created_at": "2024-07-15T13:08:29.482Z"}	\N	4	1	30	1	Switch Laboratory
9	2024-07-15 13:12:49.737003+00	{"pk": 5, "live": true, "path": "000100010002", "slug": "sample-entry", "depth": 3, "intro": "", "owner": 1, "title": "Sample Entry", "locale": 1, "locked": false, "expired": false, "alias_of": null, "numchild": 0, "url_path": "/easydmp-home/sample-entry/", "expire_at": null, "locked_at": null, "locked_by": null, "seo_title": "", "go_live_at": null, "draft_title": "Sample Entry", "content_type": 29, "live_revision": 7, "show_in_menus": false, "latest_revision": 7, "translation_key": "5cf1ac1f-f640-457e-9f4d-f03c92547b29", "last_published_at": "2024-07-15T13:08:58.115Z", "first_published_at": "2024-07-15T13:08:58.115Z", "search_description": "", "thankyou_page_title": "Thank you!", "wagtail_admin_comments": [], "has_unpublished_changes": false, "latest_revision_created_at": "2024-07-15T13:08:58.094Z"}	\N	5	1	29	1	Sample Entry
10	2024-07-15 13:14:04.709638+00	{"pk": 5, "live": true, "path": "000100010002", "slug": "sample-entry", "depth": 3, "intro": "", "owner": 1, "title": "Sample Entry", "locale": 1, "locked": false, "expired": false, "alias_of": null, "numchild": 0, "url_path": "/easydmp-home/sample-entry/", "expire_at": null, "locked_at": null, "locked_by": null, "seo_title": "", "go_live_at": null, "draft_title": "Sample Entry", "content_type": 29, "live_revision": 9, "show_in_menus": true, "latest_revision": 9, "translation_key": "5cf1ac1f-f640-457e-9f4d-f03c92547b29", "last_published_at": "2024-07-15T13:12:49.771Z", "first_published_at": "2024-07-15T13:08:58.115Z", "search_description": "", "thankyou_page_title": "Thank you!", "wagtail_admin_comments": [], "has_unpublished_changes": false, "latest_revision_created_at": "2024-07-15T13:12:49.737Z"}	\N	5	1	29	1	Sample Entry
11	2024-07-15 13:20:46.204462+00	{"pk": 6, "body": "<h2 data-block-key=\\"uuo13\\">TEST</h2>", "live": false, "path": "000100010003", "slug": "public-page-test", "depth": 3, "intro": "test", "owner": 1, "title": "Pagina pubblica di test", "locale": 1, "locked": false, "expired": false, "alias_of": null, "numchild": 0, "url_path": "/easydmp-home/public-page-test/", "expire_at": null, "locked_at": null, "locked_by": null, "seo_title": "", "go_live_at": null, "draft_title": "Pagina pubblica di test", "content_type": 28, "live_revision": null, "show_in_menus": true, "latest_revision": null, "translation_key": "4b43cdf1-868e-4fd0-ba3f-ee199ea5690a", "last_published_at": null, "first_published_at": null, "search_description": "", "wagtail_admin_comments": [], "has_unpublished_changes": false, "latest_revision_created_at": null}	\N	6	1	28	1	Pagina pubblica di test
12	2024-07-15 13:21:13.768317+00	{"pk": 6, "body": "<h2 data-block-key=\\"uuo13\\">TEST</h2>", "live": false, "path": "000100010003", "slug": "public-page-test", "depth": 3, "intro": "test", "owner": 1, "title": "Pagina pubblica di test", "locale": 1, "locked": false, "expired": false, "alias_of": null, "numchild": 0, "url_path": "/easydmp-home/public-page-test/", "expire_at": null, "locked_at": null, "locked_by": null, "seo_title": "", "go_live_at": null, "draft_title": "Pagina pubblica di test", "content_type": 28, "live_revision": null, "show_in_menus": true, "latest_revision": 11, "translation_key": "4b43cdf1-868e-4fd0-ba3f-ee199ea5690a", "last_published_at": null, "first_published_at": null, "search_description": "", "wagtail_admin_comments": [], "has_unpublished_changes": true, "latest_revision_created_at": "2024-07-15T13:20:46.204Z"}	\N	6	1	28	1	Pagina pubblica di test
13	2024-07-17 11:36:43.057376+00	{"pk": 7, "live": true, "path": "000100010004", "slug": "laboratory-data-management-plan", "depth": 3, "intro": "<p data-block-key=\\"oqhxx\\">This page is the fixed data management plan of your laboratory</p>", "owner": 1, "title": "Laboratory Data Management Plan", "locale": 1, "locked": false, "expired": false, "alias_of": null, "numchild": 0, "url_path": "/easydmp-home/laboratory-data-management-plan/", "expire_at": null, "locked_at": null, "locked_by": null, "seo_title": "", "go_live_at": null, "draft_title": "Laboratory Data Management Plan", "content_type": 55, "live_revision": null, "show_in_menus": true, "latest_revision": null, "translation_key": "8dbd0b28-3c5e-42d4-a4e4-7b2f89595c42", "last_published_at": null, "first_published_at": null, "search_description": "", "thankyou_page_title": "Thank you!", "wagtail_admin_comments": [], "has_unpublished_changes": false, "latest_revision_created_at": null}	\N	7	1	55	1	Laboratory Data Management Plan
14	2024-07-17 11:36:58.175956+00	{"pk": 7, "live": true, "path": "000100010004", "slug": "laboratory-data-management-plan", "depth": 3, "intro": "<p data-block-key=\\"oqhxx\\">This page is the fixed data management plan of your laboratory</p>", "owner": 1, "title": "Laboratory Data Management Plan", "locale": 1, "locked": false, "expired": false, "alias_of": null, "numchild": 0, "url_path": "/easydmp-home/laboratory-data-management-plan/", "expire_at": null, "locked_at": null, "locked_by": null, "seo_title": "", "go_live_at": null, "draft_title": "Laboratory Data Management Plan", "content_type": 55, "live_revision": 13, "show_in_menus": true, "latest_revision": 13, "translation_key": "8dbd0b28-3c5e-42d4-a4e4-7b2f89595c42", "last_published_at": "2024-07-17T11:36:43.079Z", "first_published_at": "2024-07-17T11:36:43.079Z", "search_description": "", "thankyou_page_title": "Thank you!", "wagtail_admin_comments": [], "has_unpublished_changes": false, "latest_revision_created_at": "2024-07-17T11:36:43.057Z"}	\N	7	1	55	1	Laboratory Data Management Plan
15	2024-07-18 10:41:01.343397+00	{"pk": 7, "live": true, "path": "000100010004", "slug": "laboratory-data-management-plan", "depth": 3, "intro": "<p data-block-key=\\"oqhxx\\">This page is the fixed data management plan of your laboratory</p>", "owner": 1, "title": "Laboratory Core Data Management Plan", "locale": 1, "locked": false, "expired": false, "alias_of": null, "numchild": 0, "url_path": "/easydmp-home/laboratory-data-management-plan/", "expire_at": null, "locked_at": null, "locked_by": null, "seo_title": "", "go_live_at": null, "draft_title": "Laboratory Data Management Plan", "content_type": 55, "live_revision": 14, "show_in_menus": true, "latest_revision": 14, "translation_key": "8dbd0b28-3c5e-42d4-a4e4-7b2f89595c42", "last_published_at": "2024-07-17T11:36:58.210Z", "first_published_at": "2024-07-17T11:36:43.079Z", "search_description": "", "thankyou_page_title": "Thank you!", "wagtail_admin_comments": [], "has_unpublished_changes": false, "latest_revision_created_at": "2024-07-17T11:36:58.175Z"}	\N	7	1	55	1	Laboratory Core Data Management Plan
16	2024-07-18 14:25:02.323087+00	{"pk": 8, "live": true, "path": "000100010005", "slug": "search-page", "depth": 3, "intro": "<p data-block-key=\\"p7g3e\\">Intro Text sample</p>", "owner": 1, "title": "Search Page", "locale": 1, "locked": false, "expired": false, "alias_of": null, "numchild": 0, "url_path": "/easydmp-home/search-page/", "expire_at": null, "locked_at": null, "locked_by": null, "seo_title": "", "go_live_at": null, "draft_title": "Search Page", "content_type": 57, "live_revision": null, "show_in_menus": false, "latest_revision": null, "translation_key": "547ca438-03ee-4ede-8da4-3f3699e23e21", "last_published_at": null, "first_published_at": null, "search_description": "", "wagtail_admin_comments": [], "has_unpublished_changes": false, "latest_revision_created_at": null}	\N	8	1	57	1	Search Page
17	2024-07-18 14:25:20.717979+00	{"pk": 8, "live": true, "path": "000100010005", "slug": "search-page", "depth": 3, "intro": "<p data-block-key=\\"p7g3e\\">Intro Text sample</p>", "owner": 1, "title": "Search Page", "locale": 1, "locked": false, "expired": false, "alias_of": null, "numchild": 0, "url_path": "/easydmp-home/search-page/", "expire_at": null, "locked_at": null, "locked_by": null, "seo_title": "", "go_live_at": null, "draft_title": "Search Page", "content_type": 57, "live_revision": 16, "show_in_menus": false, "latest_revision": 16, "translation_key": "547ca438-03ee-4ede-8da4-3f3699e23e21", "last_published_at": "2024-07-18T14:25:02.349Z", "first_published_at": "2024-07-18T14:25:02.349Z", "search_description": "", "wagtail_admin_comments": [], "has_unpublished_changes": false, "latest_revision_created_at": "2024-07-18T14:25:02.323Z"}	\N	8	1	57	1	Search Page
18	2024-07-18 14:25:49.081498+00	{"pk": 8, "live": true, "path": "000100010005", "slug": "search-page", "depth": 3, "intro": "<p data-block-key=\\"p7g3e\\">Intro Text sample</p>", "owner": 1, "title": "Search Page", "locale": 1, "locked": false, "expired": false, "alias_of": null, "numchild": 0, "url_path": "/easydmp-home/search-page/", "expire_at": null, "locked_at": null, "locked_by": null, "seo_title": "", "go_live_at": null, "draft_title": "Search Page", "content_type": 57, "live_revision": 17, "show_in_menus": true, "latest_revision": 17, "translation_key": "547ca438-03ee-4ede-8da4-3f3699e23e21", "last_published_at": "2024-07-18T14:25:20.759Z", "first_published_at": "2024-07-18T14:25:02.349Z", "search_description": "", "wagtail_admin_comments": [], "has_unpublished_changes": false, "latest_revision_created_at": "2024-07-18T14:25:20.717Z"}	\N	8	1	57	1	Search Page
19	2024-07-18 14:56:49.169082+00	{"pk": 9, "live": true, "path": "000100010006", "slug": "dmp-view", "depth": 3, "intro": "<p data-block-key=\\"ww4w1\\">text intro</p>", "owner": 1, "title": "DMP VIEW", "locale": 1, "locked": false, "expired": false, "alias_of": null, "numchild": 0, "url_path": "/easydmp-home/dmp-view/", "expire_at": null, "locked_at": null, "locked_by": null, "seo_title": "", "go_live_at": null, "draft_title": "DMP VIEW", "content_type": 58, "live_revision": null, "show_in_menus": false, "latest_revision": null, "translation_key": "869e6704-7128-4cbb-acfa-987d1c5fb83e", "last_published_at": null, "first_published_at": null, "search_description": "", "wagtail_admin_comments": [], "has_unpublished_changes": false, "latest_revision_created_at": null}	\N	9	1	58	1	DMP VIEW
\.


--
-- Data for Name: wagtailcore_site; Type: TABLE DATA; Schema: public; Owner: easydmp
--

COPY public.wagtailcore_site (id, hostname, port, is_default_site, root_page_id, site_name) FROM stdin;
2	localhost	8080	t	3	easydmp
\.


--
-- Data for Name: wagtailcore_task; Type: TABLE DATA; Schema: public; Owner: easydmp
--

COPY public.wagtailcore_task (id, name, active, content_type_id) FROM stdin;
1	Moderators approval	t	3
\.


--
-- Data for Name: wagtailcore_taskstate; Type: TABLE DATA; Schema: public; Owner: easydmp
--

COPY public.wagtailcore_taskstate (id, status, started_at, finished_at, content_type_id, revision_id, task_id, workflow_state_id, finished_by_id, comment) FROM stdin;
\.


--
-- Data for Name: wagtailcore_uploadedfile; Type: TABLE DATA; Schema: public; Owner: easydmp
--

COPY public.wagtailcore_uploadedfile (id, file, for_content_type_id, uploaded_by_user_id) FROM stdin;
\.


--
-- Data for Name: wagtailcore_workflow; Type: TABLE DATA; Schema: public; Owner: easydmp
--

COPY public.wagtailcore_workflow (id, name, active) FROM stdin;
1	Moderators approval	t
\.


--
-- Data for Name: wagtailcore_workflowcontenttype; Type: TABLE DATA; Schema: public; Owner: easydmp
--

COPY public.wagtailcore_workflowcontenttype (content_type_id, workflow_id) FROM stdin;
\.


--
-- Data for Name: wagtailcore_workflowpage; Type: TABLE DATA; Schema: public; Owner: easydmp
--

COPY public.wagtailcore_workflowpage (page_id, workflow_id) FROM stdin;
1	1
\.


--
-- Data for Name: wagtailcore_workflowstate; Type: TABLE DATA; Schema: public; Owner: easydmp
--

COPY public.wagtailcore_workflowstate (id, status, created_at, current_task_state_id, object_id, requested_by_id, workflow_id, content_type_id, base_content_type_id) FROM stdin;
\.


--
-- Data for Name: wagtailcore_workflowtask; Type: TABLE DATA; Schema: public; Owner: easydmp
--

COPY public.wagtailcore_workflowtask (id, sort_order, task_id, workflow_id) FROM stdin;
1	0	1	1
\.


--
-- Data for Name: wagtaildocs_document; Type: TABLE DATA; Schema: public; Owner: easydmp
--

COPY public.wagtaildocs_document (id, title, file, created_at, uploaded_by_user_id, collection_id, file_size, file_hash) FROM stdin;
\.


--
-- Data for Name: wagtailembeds_embed; Type: TABLE DATA; Schema: public; Owner: easydmp
--

COPY public.wagtailembeds_embed (id, url, max_width, type, html, title, author_name, provider_name, thumbnail_url, width, height, last_updated, hash, cache_until) FROM stdin;
\.


--
-- Data for Name: wagtailforms_formsubmission; Type: TABLE DATA; Schema: public; Owner: easydmp
--

COPY public.wagtailforms_formsubmission (id, form_data, submit_time, page_id) FROM stdin;
\.


--
-- Data for Name: wagtailimages_image; Type: TABLE DATA; Schema: public; Owner: easydmp
--

COPY public.wagtailimages_image (id, title, file, width, height, created_at, focal_point_x, focal_point_y, focal_point_width, focal_point_height, uploaded_by_user_id, file_size, collection_id, file_hash) FROM stdin;
1	AFM	original_images/AFM.png	462	400	2024-07-15 13:04:49.988059+00	\N	\N	\N	\N	1	278656	1	72e823c380e6e14dbd72c378219531d044614396
2	PRPLogo_lowRes_inv	original_images/PRPLogo_lowRes_inv.png	718	312	2024-07-15 13:07:04.043396+00	\N	\N	\N	\N	1	84142	1	eff99bd240743ee63a378f7400263532ea577a43
3	github-142-svgrepo-com.max-165x165	original_images/github-142-svgrepo-com.max-165x165.png	165	165	2024-07-15 13:23:13.447283+00	\N	\N	\N	\N	1	5809	1	ca0c957416733f4d41b00194aa02845f44bb681a
\.


--
-- Data for Name: wagtailimages_rendition; Type: TABLE DATA; Schema: public; Owner: easydmp
--

COPY public.wagtailimages_rendition (id, file, width, height, focal_point_key, filter_spec, image_id) FROM stdin;
1	images/AFM.max-800x600.png	462	400		max-800x600	1
2	images/AFM.width-800.png	462	400		width-800	1
3	images/AFM.max-165x165.png	165	142		max-165x165	1
4	images/PRPLogo_lowRes_inv.max-165x165.png	165	71		max-165x165	2
5	images/PRPLogo_lowRes_inv.2e16d0ba.fill-250x100.png	250	100	2e16d0ba	fill-250x100	2
6	images/github-142-svgrepo-com.max-165x165.max-165x165.png	165	165		max-165x165	3
7	images/github-142-svgrepo-com.max-165x165.2e16d0ba.fill-14x14.png	14	14	2e16d0ba	fill-14x14	3
\.


--
-- Data for Name: wagtailredirects_redirect; Type: TABLE DATA; Schema: public; Owner: easydmp
--

COPY public.wagtailredirects_redirect (id, old_path, is_permanent, redirect_link, redirect_page_id, site_id, automatically_created, created_at, redirect_page_route_path) FROM stdin;
1	/switch-lab	t		4	2	t	2024-07-15 13:08:29.579276+00	
\.


--
-- Data for Name: wagtailsearch_indexentry; Type: TABLE DATA; Schema: public; Owner: easydmp
--

COPY public.wagtailsearch_indexentry (id, object_id, title_norm, content_type_id, autocomplete, title, body) FROM stdin;
50	9	1.2272727272727273	58	'dmp':1 'view':2	'dmp':1B 'view':2B	
1	1	1.3333333333333333	1	'root':1	'root':1B	
2	1	1.3333333333333333	2	'afm':1	'afm':1A	
29	6	0.5357142857142857	28	'di':3 'pagina':1 'pubblica':2 'test':4	'di':3B 'pagina':1B 'pubblica':2B 'test':4B	
34	3	0.75	2	'-165':2 'github-142-svgrepo-com.max':1 'x165':3	'-165':2A 'github-142-svgrepo-com.max':1A 'x165':3A	
4	3	0.6666666666666666	28	'home':1 'page':2	'home':1B 'page':2B	
11	2	0.5833333333333334	2	'inv':3 'lowres':2 'prplogo':1	'inv':3A 'lowr':2A 'prplogo':1A	
36	7	0.5111111111111112	55	'core':2 'data':3 'laboratory':1 'management':4 'plan':5	'core':2B 'data':3B 'laboratori':1B 'manag':4B 'plan':5B	
13	4	0.9166666666666666	30	'laboratory':2 'switch':1	'laboratori':2B 'switch':1B	
43	8	1.25	57	'page':2 'search':1	'page':2B 'search':1B	
20	5	0.9166666666666666	29	'entry':2 'sample':1	'entri':2B 'sampl':1B	
\.


--
-- Data for Name: wagtailusers_userprofile; Type: TABLE DATA; Schema: public; Owner: easydmp
--

COPY public.wagtailusers_userprofile (id, submitted_notifications, approved_notifications, rejected_notifications, user_id, preferred_language, current_time_zone, avatar, updated_comments_notifications, dismissibles, theme, density) FROM stdin;
\.


--
-- Name: account_emailaddress_id_seq; Type: SEQUENCE SET; Schema: public; Owner: easydmp
--

SELECT pg_catalog.setval('public.account_emailaddress_id_seq', 1, false);


--
-- Name: account_emailconfirmation_id_seq; Type: SEQUENCE SET; Schema: public; Owner: easydmp
--

SELECT pg_catalog.setval('public.account_emailconfirmation_id_seq', 1, false);


--
-- Name: auth_group_id_seq; Type: SEQUENCE SET; Schema: public; Owner: easydmp
--

SELECT pg_catalog.setval('public.auth_group_id_seq', 4, true);


--
-- Name: auth_group_permissions_id_seq; Type: SEQUENCE SET; Schema: public; Owner: easydmp
--

SELECT pg_catalog.setval('public.auth_group_permissions_id_seq', 16, true);


--
-- Name: auth_permission_id_seq; Type: SEQUENCE SET; Schema: public; Owner: easydmp
--

SELECT pg_catalog.setval('public.auth_permission_id_seq', 235, true);


--
-- Name: auth_user_groups_id_seq; Type: SEQUENCE SET; Schema: public; Owner: easydmp
--

SELECT pg_catalog.setval('public.auth_user_groups_id_seq', 3, true);


--
-- Name: auth_user_id_seq; Type: SEQUENCE SET; Schema: public; Owner: easydmp
--

SELECT pg_catalog.setval('public.auth_user_id_seq', 2, true);


--
-- Name: auth_user_user_permissions_id_seq; Type: SEQUENCE SET; Schema: public; Owner: easydmp
--

SELECT pg_catalog.setval('public.auth_user_user_permissions_id_seq', 1, false);


--
-- Name: django_admin_log_id_seq; Type: SEQUENCE SET; Schema: public; Owner: easydmp
--

SELECT pg_catalog.setval('public.django_admin_log_id_seq', 1, false);


--
-- Name: django_content_type_id_seq; Type: SEQUENCE SET; Schema: public; Owner: easydmp
--

SELECT pg_catalog.setval('public.django_content_type_id_seq', 58, true);


--
-- Name: django_migrations_id_seq; Type: SEQUENCE SET; Schema: public; Owner: easydmp
--

SELECT pg_catalog.setval('public.django_migrations_id_seq', 247, true);


--
-- Name: home_footersettings_id_seq; Type: SEQUENCE SET; Schema: public; Owner: easydmp
--

SELECT pg_catalog.setval('public.home_footersettings_id_seq', 1, true);


--
-- Name: home_headersettings_id_seq; Type: SEQUENCE SET; Schema: public; Owner: easydmp
--

SELECT pg_catalog.setval('public.home_headersettings_id_seq', 1, true);


--
-- Name: socialaccount_socialaccount_id_seq; Type: SEQUENCE SET; Schema: public; Owner: easydmp
--

SELECT pg_catalog.setval('public.socialaccount_socialaccount_id_seq', 1, false);


--
-- Name: socialaccount_socialapp_id_seq; Type: SEQUENCE SET; Schema: public; Owner: easydmp
--

SELECT pg_catalog.setval('public.socialaccount_socialapp_id_seq', 1, false);


--
-- Name: socialaccount_socialtoken_id_seq; Type: SEQUENCE SET; Schema: public; Owner: easydmp
--

SELECT pg_catalog.setval('public.socialaccount_socialtoken_id_seq', 1, false);


--
-- Name: taggit_tag_id_seq; Type: SEQUENCE SET; Schema: public; Owner: easydmp
--

SELECT pg_catalog.setval('public.taggit_tag_id_seq', 1, false);


--
-- Name: taggit_taggeditem_id_seq; Type: SEQUENCE SET; Schema: public; Owner: easydmp
--

SELECT pg_catalog.setval('public.taggit_taggeditem_id_seq', 1, false);


--
-- Name: wagtailadmin_admin_id_seq; Type: SEQUENCE SET; Schema: public; Owner: easydmp
--

SELECT pg_catalog.setval('public.wagtailadmin_admin_id_seq', 1, false);


--
-- Name: wagtailcore_collection_id_seq; Type: SEQUENCE SET; Schema: public; Owner: easydmp
--

SELECT pg_catalog.setval('public.wagtailcore_collection_id_seq', 1, true);


--
-- Name: wagtailcore_collectionviewrestriction_groups_id_seq; Type: SEQUENCE SET; Schema: public; Owner: easydmp
--

SELECT pg_catalog.setval('public.wagtailcore_collectionviewrestriction_groups_id_seq', 1, false);


--
-- Name: wagtailcore_collectionviewrestriction_id_seq; Type: SEQUENCE SET; Schema: public; Owner: easydmp
--

SELECT pg_catalog.setval('public.wagtailcore_collectionviewrestriction_id_seq', 1, false);


--
-- Name: wagtailcore_comment_id_seq; Type: SEQUENCE SET; Schema: public; Owner: easydmp
--

SELECT pg_catalog.setval('public.wagtailcore_comment_id_seq', 1, false);


--
-- Name: wagtailcore_commentreply_id_seq; Type: SEQUENCE SET; Schema: public; Owner: easydmp
--

SELECT pg_catalog.setval('public.wagtailcore_commentreply_id_seq', 1, false);


--
-- Name: wagtailcore_groupapprovaltask_groups_id_seq; Type: SEQUENCE SET; Schema: public; Owner: easydmp
--

SELECT pg_catalog.setval('public.wagtailcore_groupapprovaltask_groups_id_seq', 1, true);


--
-- Name: wagtailcore_groupcollectionpermission_id_seq; Type: SEQUENCE SET; Schema: public; Owner: easydmp
--

SELECT pg_catalog.setval('public.wagtailcore_groupcollectionpermission_id_seq', 10, true);


--
-- Name: wagtailcore_grouppagepermission_id_seq; Type: SEQUENCE SET; Schema: public; Owner: easydmp
--

SELECT pg_catalog.setval('public.wagtailcore_grouppagepermission_id_seq', 7, true);


--
-- Name: wagtailcore_locale_id_seq; Type: SEQUENCE SET; Schema: public; Owner: easydmp
--

SELECT pg_catalog.setval('public.wagtailcore_locale_id_seq', 1, true);


--
-- Name: wagtailcore_modellogentry_id_seq; Type: SEQUENCE SET; Schema: public; Owner: easydmp
--

SELECT pg_catalog.setval('public.wagtailcore_modellogentry_id_seq', 9, true);


--
-- Name: wagtailcore_page_id_seq; Type: SEQUENCE SET; Schema: public; Owner: easydmp
--

SELECT pg_catalog.setval('public.wagtailcore_page_id_seq', 9, true);


--
-- Name: wagtailcore_pagelogentry_id_seq; Type: SEQUENCE SET; Schema: public; Owner: easydmp
--

SELECT pg_catalog.setval('public.wagtailcore_pagelogentry_id_seq', 51, true);


--
-- Name: wagtailcore_pagerevision_id_seq; Type: SEQUENCE SET; Schema: public; Owner: easydmp
--

SELECT pg_catalog.setval('public.wagtailcore_pagerevision_id_seq', 19, true);


--
-- Name: wagtailcore_pagesubscription_id_seq; Type: SEQUENCE SET; Schema: public; Owner: easydmp
--

SELECT pg_catalog.setval('public.wagtailcore_pagesubscription_id_seq', 8, true);


--
-- Name: wagtailcore_pageviewrestriction_groups_id_seq; Type: SEQUENCE SET; Schema: public; Owner: easydmp
--

SELECT pg_catalog.setval('public.wagtailcore_pageviewrestriction_groups_id_seq', 1, false);


--
-- Name: wagtailcore_pageviewrestriction_id_seq; Type: SEQUENCE SET; Schema: public; Owner: easydmp
--

SELECT pg_catalog.setval('public.wagtailcore_pageviewrestriction_id_seq', 4, true);


--
-- Name: wagtailcore_referenceindex_id_seq; Type: SEQUENCE SET; Schema: public; Owner: easydmp
--

SELECT pg_catalog.setval('public.wagtailcore_referenceindex_id_seq', 4, true);


--
-- Name: wagtailcore_site_id_seq; Type: SEQUENCE SET; Schema: public; Owner: easydmp
--

SELECT pg_catalog.setval('public.wagtailcore_site_id_seq', 2, true);


--
-- Name: wagtailcore_task_id_seq; Type: SEQUENCE SET; Schema: public; Owner: easydmp
--

SELECT pg_catalog.setval('public.wagtailcore_task_id_seq', 1, true);


--
-- Name: wagtailcore_taskstate_id_seq; Type: SEQUENCE SET; Schema: public; Owner: easydmp
--

SELECT pg_catalog.setval('public.wagtailcore_taskstate_id_seq', 1, false);


--
-- Name: wagtailcore_uploadedfile_id_seq; Type: SEQUENCE SET; Schema: public; Owner: easydmp
--

SELECT pg_catalog.setval('public.wagtailcore_uploadedfile_id_seq', 1, false);


--
-- Name: wagtailcore_workflow_id_seq; Type: SEQUENCE SET; Schema: public; Owner: easydmp
--

SELECT pg_catalog.setval('public.wagtailcore_workflow_id_seq', 1, true);


--
-- Name: wagtailcore_workflowstate_id_seq; Type: SEQUENCE SET; Schema: public; Owner: easydmp
--

SELECT pg_catalog.setval('public.wagtailcore_workflowstate_id_seq', 1, false);


--
-- Name: wagtailcore_workflowtask_id_seq; Type: SEQUENCE SET; Schema: public; Owner: easydmp
--

SELECT pg_catalog.setval('public.wagtailcore_workflowtask_id_seq', 1, true);


--
-- Name: wagtaildocs_document_id_seq; Type: SEQUENCE SET; Schema: public; Owner: easydmp
--

SELECT pg_catalog.setval('public.wagtaildocs_document_id_seq', 1, false);


--
-- Name: wagtailembeds_embed_id_seq; Type: SEQUENCE SET; Schema: public; Owner: easydmp
--

SELECT pg_catalog.setval('public.wagtailembeds_embed_id_seq', 1, false);


--
-- Name: wagtailforms_formsubmission_id_seq; Type: SEQUENCE SET; Schema: public; Owner: easydmp
--

SELECT pg_catalog.setval('public.wagtailforms_formsubmission_id_seq', 1, false);


--
-- Name: wagtailimages_image_id_seq; Type: SEQUENCE SET; Schema: public; Owner: easydmp
--

SELECT pg_catalog.setval('public.wagtailimages_image_id_seq', 3, true);


--
-- Name: wagtailimages_rendition_id_seq; Type: SEQUENCE SET; Schema: public; Owner: easydmp
--

SELECT pg_catalog.setval('public.wagtailimages_rendition_id_seq', 7, true);


--
-- Name: wagtailredirects_redirect_id_seq; Type: SEQUENCE SET; Schema: public; Owner: easydmp
--

SELECT pg_catalog.setval('public.wagtailredirects_redirect_id_seq', 1, true);


--
-- Name: wagtailsearch_indexentry_id_seq; Type: SEQUENCE SET; Schema: public; Owner: easydmp
--

SELECT pg_catalog.setval('public.wagtailsearch_indexentry_id_seq', 52, true);


--
-- Name: wagtailusers_userprofile_id_seq; Type: SEQUENCE SET; Schema: public; Owner: easydmp
--

SELECT pg_catalog.setval('public.wagtailusers_userprofile_id_seq', 1, false);


--
-- Name: account_emailaddress account_emailaddress_pkey; Type: CONSTRAINT; Schema: public; Owner: easydmp
--

ALTER TABLE ONLY public.account_emailaddress
    ADD CONSTRAINT account_emailaddress_pkey PRIMARY KEY (id);


--
-- Name: account_emailaddress account_emailaddress_user_id_email_987c8728_uniq; Type: CONSTRAINT; Schema: public; Owner: easydmp
--

ALTER TABLE ONLY public.account_emailaddress
    ADD CONSTRAINT account_emailaddress_user_id_email_987c8728_uniq UNIQUE (user_id, email);


--
-- Name: account_emailconfirmation account_emailconfirmation_key_key; Type: CONSTRAINT; Schema: public; Owner: easydmp
--

ALTER TABLE ONLY public.account_emailconfirmation
    ADD CONSTRAINT account_emailconfirmation_key_key UNIQUE (key);


--
-- Name: account_emailconfirmation account_emailconfirmation_pkey; Type: CONSTRAINT; Schema: public; Owner: easydmp
--

ALTER TABLE ONLY public.account_emailconfirmation
    ADD CONSTRAINT account_emailconfirmation_pkey PRIMARY KEY (id);


--
-- Name: auth_group auth_group_name_key; Type: CONSTRAINT; Schema: public; Owner: easydmp
--

ALTER TABLE ONLY public.auth_group
    ADD CONSTRAINT auth_group_name_key UNIQUE (name);


--
-- Name: auth_group_permissions auth_group_permissions_group_id_permission_id_0cd325b0_uniq; Type: CONSTRAINT; Schema: public; Owner: easydmp
--

ALTER TABLE ONLY public.auth_group_permissions
    ADD CONSTRAINT auth_group_permissions_group_id_permission_id_0cd325b0_uniq UNIQUE (group_id, permission_id);


--
-- Name: auth_group_permissions auth_group_permissions_pkey; Type: CONSTRAINT; Schema: public; Owner: easydmp
--

ALTER TABLE ONLY public.auth_group_permissions
    ADD CONSTRAINT auth_group_permissions_pkey PRIMARY KEY (id);


--
-- Name: auth_group auth_group_pkey; Type: CONSTRAINT; Schema: public; Owner: easydmp
--

ALTER TABLE ONLY public.auth_group
    ADD CONSTRAINT auth_group_pkey PRIMARY KEY (id);


--
-- Name: auth_permission auth_permission_content_type_id_codename_01ab375a_uniq; Type: CONSTRAINT; Schema: public; Owner: easydmp
--

ALTER TABLE ONLY public.auth_permission
    ADD CONSTRAINT auth_permission_content_type_id_codename_01ab375a_uniq UNIQUE (content_type_id, codename);


--
-- Name: auth_permission auth_permission_pkey; Type: CONSTRAINT; Schema: public; Owner: easydmp
--

ALTER TABLE ONLY public.auth_permission
    ADD CONSTRAINT auth_permission_pkey PRIMARY KEY (id);


--
-- Name: auth_user_groups auth_user_groups_pkey; Type: CONSTRAINT; Schema: public; Owner: easydmp
--

ALTER TABLE ONLY public.auth_user_groups
    ADD CONSTRAINT auth_user_groups_pkey PRIMARY KEY (id);


--
-- Name: auth_user_groups auth_user_groups_user_id_group_id_94350c0c_uniq; Type: CONSTRAINT; Schema: public; Owner: easydmp
--

ALTER TABLE ONLY public.auth_user_groups
    ADD CONSTRAINT auth_user_groups_user_id_group_id_94350c0c_uniq UNIQUE (user_id, group_id);


--
-- Name: auth_user auth_user_pkey; Type: CONSTRAINT; Schema: public; Owner: easydmp
--

ALTER TABLE ONLY public.auth_user
    ADD CONSTRAINT auth_user_pkey PRIMARY KEY (id);


--
-- Name: auth_user_user_permissions auth_user_user_permissions_pkey; Type: CONSTRAINT; Schema: public; Owner: easydmp
--

ALTER TABLE ONLY public.auth_user_user_permissions
    ADD CONSTRAINT auth_user_user_permissions_pkey PRIMARY KEY (id);


--
-- Name: auth_user_user_permissions auth_user_user_permissions_user_id_permission_id_14a6b632_uniq; Type: CONSTRAINT; Schema: public; Owner: easydmp
--

ALTER TABLE ONLY public.auth_user_user_permissions
    ADD CONSTRAINT auth_user_user_permissions_user_id_permission_id_14a6b632_uniq UNIQUE (user_id, permission_id);


--
-- Name: auth_user auth_user_username_key; Type: CONSTRAINT; Schema: public; Owner: easydmp
--

ALTER TABLE ONLY public.auth_user
    ADD CONSTRAINT auth_user_username_key UNIQUE (username);


--
-- Name: django_admin_log django_admin_log_pkey; Type: CONSTRAINT; Schema: public; Owner: easydmp
--

ALTER TABLE ONLY public.django_admin_log
    ADD CONSTRAINT django_admin_log_pkey PRIMARY KEY (id);


--
-- Name: django_content_type django_content_type_app_label_model_76bd3d3b_uniq; Type: CONSTRAINT; Schema: public; Owner: easydmp
--

ALTER TABLE ONLY public.django_content_type
    ADD CONSTRAINT django_content_type_app_label_model_76bd3d3b_uniq UNIQUE (app_label, model);


--
-- Name: django_content_type django_content_type_pkey; Type: CONSTRAINT; Schema: public; Owner: easydmp
--

ALTER TABLE ONLY public.django_content_type
    ADD CONSTRAINT django_content_type_pkey PRIMARY KEY (id);


--
-- Name: django_migrations django_migrations_pkey; Type: CONSTRAINT; Schema: public; Owner: easydmp
--

ALTER TABLE ONLY public.django_migrations
    ADD CONSTRAINT django_migrations_pkey PRIMARY KEY (id);


--
-- Name: django_session django_session_pkey; Type: CONSTRAINT; Schema: public; Owner: easydmp
--

ALTER TABLE ONLY public.django_session
    ADD CONSTRAINT django_session_pkey PRIMARY KEY (session_key);


--
-- Name: home_dmppage home_dmppage_pkey; Type: CONSTRAINT; Schema: public; Owner: easydmp
--

ALTER TABLE ONLY public.home_dmppage
    ADD CONSTRAINT home_dmppage_pkey PRIMARY KEY (page_ptr_id);


--
-- Name: home_dmpsearchpage home_dmpsearchpage_pkey; Type: CONSTRAINT; Schema: public; Owner: easydmp
--

ALTER TABLE ONLY public.home_dmpsearchpage
    ADD CONSTRAINT home_dmpsearchpage_pkey PRIMARY KEY (page_ptr_id);


--
-- Name: home_dmpviewpage home_dmpviewpage_pkey; Type: CONSTRAINT; Schema: public; Owner: easydmp
--

ALTER TABLE ONLY public.home_dmpviewpage
    ADD CONSTRAINT home_dmpviewpage_pkey PRIMARY KEY (page_ptr_id);


--
-- Name: home_footersettings home_footersettings_pkey; Type: CONSTRAINT; Schema: public; Owner: easydmp
--

ALTER TABLE ONLY public.home_footersettings
    ADD CONSTRAINT home_footersettings_pkey PRIMARY KEY (id);


--
-- Name: home_headersettings home_headersettings_pkey; Type: CONSTRAINT; Schema: public; Owner: easydmp
--

ALTER TABLE ONLY public.home_headersettings
    ADD CONSTRAINT home_headersettings_pkey PRIMARY KEY (id);


--
-- Name: home_homepage home_homepage_pkey; Type: CONSTRAINT; Schema: public; Owner: easydmp
--

ALTER TABLE ONLY public.home_homepage
    ADD CONSTRAINT home_homepage_pkey PRIMARY KEY (page_ptr_id);


--
-- Name: home_sampleentryform home_sampleentryform_pkey; Type: CONSTRAINT; Schema: public; Owner: easydmp
--

ALTER TABLE ONLY public.home_sampleentryform
    ADD CONSTRAINT home_sampleentryform_pkey PRIMARY KEY (page_ptr_id);


--
-- Name: home_switchlabpage home_switchlabpage_pkey; Type: CONSTRAINT; Schema: public; Owner: easydmp
--

ALTER TABLE ONLY public.home_switchlabpage
    ADD CONSTRAINT home_switchlabpage_pkey PRIMARY KEY (page_ptr_id);


--
-- Name: socialaccount_socialaccount socialaccount_socialaccount_pkey; Type: CONSTRAINT; Schema: public; Owner: easydmp
--

ALTER TABLE ONLY public.socialaccount_socialaccount
    ADD CONSTRAINT socialaccount_socialaccount_pkey PRIMARY KEY (id);


--
-- Name: socialaccount_socialaccount socialaccount_socialaccount_provider_uid_fc810c6e_uniq; Type: CONSTRAINT; Schema: public; Owner: easydmp
--

ALTER TABLE ONLY public.socialaccount_socialaccount
    ADD CONSTRAINT socialaccount_socialaccount_provider_uid_fc810c6e_uniq UNIQUE (provider, uid);


--
-- Name: socialaccount_socialapp socialaccount_socialapp_pkey; Type: CONSTRAINT; Schema: public; Owner: easydmp
--

ALTER TABLE ONLY public.socialaccount_socialapp
    ADD CONSTRAINT socialaccount_socialapp_pkey PRIMARY KEY (id);


--
-- Name: socialaccount_socialtoken socialaccount_socialtoken_app_id_account_id_fca4e0ac_uniq; Type: CONSTRAINT; Schema: public; Owner: easydmp
--

ALTER TABLE ONLY public.socialaccount_socialtoken
    ADD CONSTRAINT socialaccount_socialtoken_app_id_account_id_fca4e0ac_uniq UNIQUE (app_id, account_id);


--
-- Name: socialaccount_socialtoken socialaccount_socialtoken_pkey; Type: CONSTRAINT; Schema: public; Owner: easydmp
--

ALTER TABLE ONLY public.socialaccount_socialtoken
    ADD CONSTRAINT socialaccount_socialtoken_pkey PRIMARY KEY (id);


--
-- Name: taggit_tag taggit_tag_name_key; Type: CONSTRAINT; Schema: public; Owner: easydmp
--

ALTER TABLE ONLY public.taggit_tag
    ADD CONSTRAINT taggit_tag_name_key UNIQUE (name);


--
-- Name: taggit_tag taggit_tag_pkey; Type: CONSTRAINT; Schema: public; Owner: easydmp
--

ALTER TABLE ONLY public.taggit_tag
    ADD CONSTRAINT taggit_tag_pkey PRIMARY KEY (id);


--
-- Name: taggit_tag taggit_tag_slug_key; Type: CONSTRAINT; Schema: public; Owner: easydmp
--

ALTER TABLE ONLY public.taggit_tag
    ADD CONSTRAINT taggit_tag_slug_key UNIQUE (slug);


--
-- Name: taggit_taggeditem taggit_taggeditem_content_type_id_object_id_tag_id_4bb97a8e_uni; Type: CONSTRAINT; Schema: public; Owner: easydmp
--

ALTER TABLE ONLY public.taggit_taggeditem
    ADD CONSTRAINT taggit_taggeditem_content_type_id_object_id_tag_id_4bb97a8e_uni UNIQUE (content_type_id, object_id, tag_id);


--
-- Name: taggit_taggeditem taggit_taggeditem_pkey; Type: CONSTRAINT; Schema: public; Owner: easydmp
--

ALTER TABLE ONLY public.taggit_taggeditem
    ADD CONSTRAINT taggit_taggeditem_pkey PRIMARY KEY (id);


--
-- Name: wagtailcore_grouppagepermission unique_permission; Type: CONSTRAINT; Schema: public; Owner: easydmp
--

ALTER TABLE ONLY public.wagtailcore_grouppagepermission
    ADD CONSTRAINT unique_permission UNIQUE (group_id, page_id, permission_id);


--
-- Name: wagtailadmin_admin wagtailadmin_admin_pkey; Type: CONSTRAINT; Schema: public; Owner: easydmp
--

ALTER TABLE ONLY public.wagtailadmin_admin
    ADD CONSTRAINT wagtailadmin_admin_pkey PRIMARY KEY (id);


--
-- Name: wagtailcore_collection wagtailcore_collection_path_key; Type: CONSTRAINT; Schema: public; Owner: easydmp
--

ALTER TABLE ONLY public.wagtailcore_collection
    ADD CONSTRAINT wagtailcore_collection_path_key UNIQUE (path);


--
-- Name: wagtailcore_collection wagtailcore_collection_pkey; Type: CONSTRAINT; Schema: public; Owner: easydmp
--

ALTER TABLE ONLY public.wagtailcore_collection
    ADD CONSTRAINT wagtailcore_collection_pkey PRIMARY KEY (id);


--
-- Name: wagtailcore_collectionviewrestriction_groups wagtailcore_collectionvi_collectionviewrestrictio_988995ae_uniq; Type: CONSTRAINT; Schema: public; Owner: easydmp
--

ALTER TABLE ONLY public.wagtailcore_collectionviewrestriction_groups
    ADD CONSTRAINT wagtailcore_collectionvi_collectionviewrestrictio_988995ae_uniq UNIQUE (collectionviewrestriction_id, group_id);


--
-- Name: wagtailcore_collectionviewrestriction_groups wagtailcore_collectionviewrestriction_groups_pkey; Type: CONSTRAINT; Schema: public; Owner: easydmp
--

ALTER TABLE ONLY public.wagtailcore_collectionviewrestriction_groups
    ADD CONSTRAINT wagtailcore_collectionviewrestriction_groups_pkey PRIMARY KEY (id);


--
-- Name: wagtailcore_collectionviewrestriction wagtailcore_collectionviewrestriction_pkey; Type: CONSTRAINT; Schema: public; Owner: easydmp
--

ALTER TABLE ONLY public.wagtailcore_collectionviewrestriction
    ADD CONSTRAINT wagtailcore_collectionviewrestriction_pkey PRIMARY KEY (id);


--
-- Name: wagtailcore_comment wagtailcore_comment_pkey; Type: CONSTRAINT; Schema: public; Owner: easydmp
--

ALTER TABLE ONLY public.wagtailcore_comment
    ADD CONSTRAINT wagtailcore_comment_pkey PRIMARY KEY (id);


--
-- Name: wagtailcore_commentreply wagtailcore_commentreply_pkey; Type: CONSTRAINT; Schema: public; Owner: easydmp
--

ALTER TABLE ONLY public.wagtailcore_commentreply
    ADD CONSTRAINT wagtailcore_commentreply_pkey PRIMARY KEY (id);


--
-- Name: wagtailcore_groupapprovaltask_groups wagtailcore_groupapprova_groupapprovaltask_id_gro_bb5ee7eb_uniq; Type: CONSTRAINT; Schema: public; Owner: easydmp
--

ALTER TABLE ONLY public.wagtailcore_groupapprovaltask_groups
    ADD CONSTRAINT wagtailcore_groupapprova_groupapprovaltask_id_gro_bb5ee7eb_uniq UNIQUE (groupapprovaltask_id, group_id);


--
-- Name: wagtailcore_groupapprovaltask_groups wagtailcore_groupapprovaltask_groups_pkey; Type: CONSTRAINT; Schema: public; Owner: easydmp
--

ALTER TABLE ONLY public.wagtailcore_groupapprovaltask_groups
    ADD CONSTRAINT wagtailcore_groupapprovaltask_groups_pkey PRIMARY KEY (id);


--
-- Name: wagtailcore_groupapprovaltask wagtailcore_groupapprovaltask_pkey; Type: CONSTRAINT; Schema: public; Owner: easydmp
--

ALTER TABLE ONLY public.wagtailcore_groupapprovaltask
    ADD CONSTRAINT wagtailcore_groupapprovaltask_pkey PRIMARY KEY (task_ptr_id);


--
-- Name: wagtailcore_groupcollectionpermission wagtailcore_groupcollect_group_id_collection_id_p_a21cefe9_uniq; Type: CONSTRAINT; Schema: public; Owner: easydmp
--

ALTER TABLE ONLY public.wagtailcore_groupcollectionpermission
    ADD CONSTRAINT wagtailcore_groupcollect_group_id_collection_id_p_a21cefe9_uniq UNIQUE (group_id, collection_id, permission_id);


--
-- Name: wagtailcore_groupcollectionpermission wagtailcore_groupcollectionpermission_pkey; Type: CONSTRAINT; Schema: public; Owner: easydmp
--

ALTER TABLE ONLY public.wagtailcore_groupcollectionpermission
    ADD CONSTRAINT wagtailcore_groupcollectionpermission_pkey PRIMARY KEY (id);


--
-- Name: wagtailcore_grouppagepermission wagtailcore_grouppagepermission_pkey; Type: CONSTRAINT; Schema: public; Owner: easydmp
--

ALTER TABLE ONLY public.wagtailcore_grouppagepermission
    ADD CONSTRAINT wagtailcore_grouppagepermission_pkey PRIMARY KEY (id);


--
-- Name: wagtailcore_locale wagtailcore_locale_language_code_key; Type: CONSTRAINT; Schema: public; Owner: easydmp
--

ALTER TABLE ONLY public.wagtailcore_locale
    ADD CONSTRAINT wagtailcore_locale_language_code_key UNIQUE (language_code);


--
-- Name: wagtailcore_locale wagtailcore_locale_pkey; Type: CONSTRAINT; Schema: public; Owner: easydmp
--

ALTER TABLE ONLY public.wagtailcore_locale
    ADD CONSTRAINT wagtailcore_locale_pkey PRIMARY KEY (id);


--
-- Name: wagtailcore_modellogentry wagtailcore_modellogentry_pkey; Type: CONSTRAINT; Schema: public; Owner: easydmp
--

ALTER TABLE ONLY public.wagtailcore_modellogentry
    ADD CONSTRAINT wagtailcore_modellogentry_pkey PRIMARY KEY (id);


--
-- Name: wagtailcore_page wagtailcore_page_path_key; Type: CONSTRAINT; Schema: public; Owner: easydmp
--

ALTER TABLE ONLY public.wagtailcore_page
    ADD CONSTRAINT wagtailcore_page_path_key UNIQUE (path);


--
-- Name: wagtailcore_page wagtailcore_page_pkey; Type: CONSTRAINT; Schema: public; Owner: easydmp
--

ALTER TABLE ONLY public.wagtailcore_page
    ADD CONSTRAINT wagtailcore_page_pkey PRIMARY KEY (id);


--
-- Name: wagtailcore_page wagtailcore_page_translation_key_locale_id_9b041bad_uniq; Type: CONSTRAINT; Schema: public; Owner: easydmp
--

ALTER TABLE ONLY public.wagtailcore_page
    ADD CONSTRAINT wagtailcore_page_translation_key_locale_id_9b041bad_uniq UNIQUE (translation_key, locale_id);


--
-- Name: wagtailcore_pagelogentry wagtailcore_pagelogentry_pkey; Type: CONSTRAINT; Schema: public; Owner: easydmp
--

ALTER TABLE ONLY public.wagtailcore_pagelogentry
    ADD CONSTRAINT wagtailcore_pagelogentry_pkey PRIMARY KEY (id);


--
-- Name: wagtailcore_revision wagtailcore_pagerevision_pkey; Type: CONSTRAINT; Schema: public; Owner: easydmp
--

ALTER TABLE ONLY public.wagtailcore_revision
    ADD CONSTRAINT wagtailcore_pagerevision_pkey PRIMARY KEY (id);


--
-- Name: wagtailcore_pagesubscription wagtailcore_pagesubscription_page_id_user_id_0cef73ed_uniq; Type: CONSTRAINT; Schema: public; Owner: easydmp
--

ALTER TABLE ONLY public.wagtailcore_pagesubscription
    ADD CONSTRAINT wagtailcore_pagesubscription_page_id_user_id_0cef73ed_uniq UNIQUE (page_id, user_id);


--
-- Name: wagtailcore_pagesubscription wagtailcore_pagesubscription_pkey; Type: CONSTRAINT; Schema: public; Owner: easydmp
--

ALTER TABLE ONLY public.wagtailcore_pagesubscription
    ADD CONSTRAINT wagtailcore_pagesubscription_pkey PRIMARY KEY (id);


--
-- Name: wagtailcore_pageviewrestriction_groups wagtailcore_pageviewrest_pageviewrestriction_id_g_d23f80bb_uniq; Type: CONSTRAINT; Schema: public; Owner: easydmp
--

ALTER TABLE ONLY public.wagtailcore_pageviewrestriction_groups
    ADD CONSTRAINT wagtailcore_pageviewrest_pageviewrestriction_id_g_d23f80bb_uniq UNIQUE (pageviewrestriction_id, group_id);


--
-- Name: wagtailcore_pageviewrestriction_groups wagtailcore_pageviewrestriction_groups_pkey; Type: CONSTRAINT; Schema: public; Owner: easydmp
--

ALTER TABLE ONLY public.wagtailcore_pageviewrestriction_groups
    ADD CONSTRAINT wagtailcore_pageviewrestriction_groups_pkey PRIMARY KEY (id);


--
-- Name: wagtailcore_pageviewrestriction wagtailcore_pageviewrestriction_pkey; Type: CONSTRAINT; Schema: public; Owner: easydmp
--

ALTER TABLE ONLY public.wagtailcore_pageviewrestriction
    ADD CONSTRAINT wagtailcore_pageviewrestriction_pkey PRIMARY KEY (id);


--
-- Name: wagtailcore_referenceindex wagtailcore_referenceind_base_content_type_id_obj_9e6ccd6a_uniq; Type: CONSTRAINT; Schema: public; Owner: easydmp
--

ALTER TABLE ONLY public.wagtailcore_referenceindex
    ADD CONSTRAINT wagtailcore_referenceind_base_content_type_id_obj_9e6ccd6a_uniq UNIQUE (base_content_type_id, object_id, to_content_type_id, to_object_id, content_path_hash);


--
-- Name: wagtailcore_referenceindex wagtailcore_referenceindex_pkey; Type: CONSTRAINT; Schema: public; Owner: easydmp
--

ALTER TABLE ONLY public.wagtailcore_referenceindex
    ADD CONSTRAINT wagtailcore_referenceindex_pkey PRIMARY KEY (id);


--
-- Name: wagtailcore_site wagtailcore_site_hostname_port_2c626d70_uniq; Type: CONSTRAINT; Schema: public; Owner: easydmp
--

ALTER TABLE ONLY public.wagtailcore_site
    ADD CONSTRAINT wagtailcore_site_hostname_port_2c626d70_uniq UNIQUE (hostname, port);


--
-- Name: wagtailcore_site wagtailcore_site_pkey; Type: CONSTRAINT; Schema: public; Owner: easydmp
--

ALTER TABLE ONLY public.wagtailcore_site
    ADD CONSTRAINT wagtailcore_site_pkey PRIMARY KEY (id);


--
-- Name: wagtailcore_task wagtailcore_task_pkey; Type: CONSTRAINT; Schema: public; Owner: easydmp
--

ALTER TABLE ONLY public.wagtailcore_task
    ADD CONSTRAINT wagtailcore_task_pkey PRIMARY KEY (id);


--
-- Name: wagtailcore_taskstate wagtailcore_taskstate_pkey; Type: CONSTRAINT; Schema: public; Owner: easydmp
--

ALTER TABLE ONLY public.wagtailcore_taskstate
    ADD CONSTRAINT wagtailcore_taskstate_pkey PRIMARY KEY (id);


--
-- Name: wagtailcore_uploadedfile wagtailcore_uploadedfile_pkey; Type: CONSTRAINT; Schema: public; Owner: easydmp
--

ALTER TABLE ONLY public.wagtailcore_uploadedfile
    ADD CONSTRAINT wagtailcore_uploadedfile_pkey PRIMARY KEY (id);


--
-- Name: wagtailcore_workflow wagtailcore_workflow_pkey; Type: CONSTRAINT; Schema: public; Owner: easydmp
--

ALTER TABLE ONLY public.wagtailcore_workflow
    ADD CONSTRAINT wagtailcore_workflow_pkey PRIMARY KEY (id);


--
-- Name: wagtailcore_workflowcontenttype wagtailcore_workflowcontenttype_pkey; Type: CONSTRAINT; Schema: public; Owner: easydmp
--

ALTER TABLE ONLY public.wagtailcore_workflowcontenttype
    ADD CONSTRAINT wagtailcore_workflowcontenttype_pkey PRIMARY KEY (content_type_id);


--
-- Name: wagtailcore_workflowpage wagtailcore_workflowpage_pkey; Type: CONSTRAINT; Schema: public; Owner: easydmp
--

ALTER TABLE ONLY public.wagtailcore_workflowpage
    ADD CONSTRAINT wagtailcore_workflowpage_pkey PRIMARY KEY (page_id);


--
-- Name: wagtailcore_workflowstate wagtailcore_workflowstate_current_task_state_id_key; Type: CONSTRAINT; Schema: public; Owner: easydmp
--

ALTER TABLE ONLY public.wagtailcore_workflowstate
    ADD CONSTRAINT wagtailcore_workflowstate_current_task_state_id_key UNIQUE (current_task_state_id);


--
-- Name: wagtailcore_workflowstate wagtailcore_workflowstate_pkey; Type: CONSTRAINT; Schema: public; Owner: easydmp
--

ALTER TABLE ONLY public.wagtailcore_workflowstate
    ADD CONSTRAINT wagtailcore_workflowstate_pkey PRIMARY KEY (id);


--
-- Name: wagtailcore_workflowtask wagtailcore_workflowtask_pkey; Type: CONSTRAINT; Schema: public; Owner: easydmp
--

ALTER TABLE ONLY public.wagtailcore_workflowtask
    ADD CONSTRAINT wagtailcore_workflowtask_pkey PRIMARY KEY (id);


--
-- Name: wagtailcore_workflowtask wagtailcore_workflowtask_workflow_id_task_id_4ec7a62b_uniq; Type: CONSTRAINT; Schema: public; Owner: easydmp
--

ALTER TABLE ONLY public.wagtailcore_workflowtask
    ADD CONSTRAINT wagtailcore_workflowtask_workflow_id_task_id_4ec7a62b_uniq UNIQUE (workflow_id, task_id);


--
-- Name: wagtaildocs_document wagtaildocs_document_pkey; Type: CONSTRAINT; Schema: public; Owner: easydmp
--

ALTER TABLE ONLY public.wagtaildocs_document
    ADD CONSTRAINT wagtaildocs_document_pkey PRIMARY KEY (id);


--
-- Name: wagtailembeds_embed wagtailembeds_embed_hash_c9bd8c9a_uniq; Type: CONSTRAINT; Schema: public; Owner: easydmp
--

ALTER TABLE ONLY public.wagtailembeds_embed
    ADD CONSTRAINT wagtailembeds_embed_hash_c9bd8c9a_uniq UNIQUE (hash);


--
-- Name: wagtailembeds_embed wagtailembeds_embed_pkey; Type: CONSTRAINT; Schema: public; Owner: easydmp
--

ALTER TABLE ONLY public.wagtailembeds_embed
    ADD CONSTRAINT wagtailembeds_embed_pkey PRIMARY KEY (id);


--
-- Name: wagtailforms_formsubmission wagtailforms_formsubmission_pkey; Type: CONSTRAINT; Schema: public; Owner: easydmp
--

ALTER TABLE ONLY public.wagtailforms_formsubmission
    ADD CONSTRAINT wagtailforms_formsubmission_pkey PRIMARY KEY (id);


--
-- Name: wagtailimages_image wagtailimages_image_pkey; Type: CONSTRAINT; Schema: public; Owner: easydmp
--

ALTER TABLE ONLY public.wagtailimages_image
    ADD CONSTRAINT wagtailimages_image_pkey PRIMARY KEY (id);


--
-- Name: wagtailimages_rendition wagtailimages_rendition_image_id_filter_spec_foc_323c8fe0_uniq; Type: CONSTRAINT; Schema: public; Owner: easydmp
--

ALTER TABLE ONLY public.wagtailimages_rendition
    ADD CONSTRAINT wagtailimages_rendition_image_id_filter_spec_foc_323c8fe0_uniq UNIQUE (image_id, filter_spec, focal_point_key);


--
-- Name: wagtailimages_rendition wagtailimages_rendition_pkey; Type: CONSTRAINT; Schema: public; Owner: easydmp
--

ALTER TABLE ONLY public.wagtailimages_rendition
    ADD CONSTRAINT wagtailimages_rendition_pkey PRIMARY KEY (id);


--
-- Name: wagtailredirects_redirect wagtailredirects_redirect_old_path_site_id_783622d7_uniq; Type: CONSTRAINT; Schema: public; Owner: easydmp
--

ALTER TABLE ONLY public.wagtailredirects_redirect
    ADD CONSTRAINT wagtailredirects_redirect_old_path_site_id_783622d7_uniq UNIQUE (old_path, site_id);


--
-- Name: wagtailredirects_redirect wagtailredirects_redirect_pkey; Type: CONSTRAINT; Schema: public; Owner: easydmp
--

ALTER TABLE ONLY public.wagtailredirects_redirect
    ADD CONSTRAINT wagtailredirects_redirect_pkey PRIMARY KEY (id);


--
-- Name: wagtailsearch_indexentry wagtailsearch_indexentry_content_type_id_object_i_bcd7ba73_uniq; Type: CONSTRAINT; Schema: public; Owner: easydmp
--

ALTER TABLE ONLY public.wagtailsearch_indexentry
    ADD CONSTRAINT wagtailsearch_indexentry_content_type_id_object_i_bcd7ba73_uniq UNIQUE (content_type_id, object_id);


--
-- Name: wagtailsearch_indexentry wagtailsearch_indexentry_pkey; Type: CONSTRAINT; Schema: public; Owner: easydmp
--

ALTER TABLE ONLY public.wagtailsearch_indexentry
    ADD CONSTRAINT wagtailsearch_indexentry_pkey PRIMARY KEY (id);


--
-- Name: wagtailusers_userprofile wagtailusers_userprofile_pkey; Type: CONSTRAINT; Schema: public; Owner: easydmp
--

ALTER TABLE ONLY public.wagtailusers_userprofile
    ADD CONSTRAINT wagtailusers_userprofile_pkey PRIMARY KEY (id);


--
-- Name: wagtailusers_userprofile wagtailusers_userprofile_user_id_key; Type: CONSTRAINT; Schema: public; Owner: easydmp
--

ALTER TABLE ONLY public.wagtailusers_userprofile
    ADD CONSTRAINT wagtailusers_userprofile_user_id_key UNIQUE (user_id);


--
-- Name: account_emailaddress_email_03be32b2; Type: INDEX; Schema: public; Owner: easydmp
--

CREATE INDEX account_emailaddress_email_03be32b2 ON public.account_emailaddress USING btree (email);


--
-- Name: account_emailaddress_email_03be32b2_like; Type: INDEX; Schema: public; Owner: easydmp
--

CREATE INDEX account_emailaddress_email_03be32b2_like ON public.account_emailaddress USING btree (email varchar_pattern_ops);


--
-- Name: account_emailaddress_user_id_2c513194; Type: INDEX; Schema: public; Owner: easydmp
--

CREATE INDEX account_emailaddress_user_id_2c513194 ON public.account_emailaddress USING btree (user_id);


--
-- Name: account_emailconfirmation_email_address_id_5b7f8c58; Type: INDEX; Schema: public; Owner: easydmp
--

CREATE INDEX account_emailconfirmation_email_address_id_5b7f8c58 ON public.account_emailconfirmation USING btree (email_address_id);


--
-- Name: account_emailconfirmation_key_f43612bd_like; Type: INDEX; Schema: public; Owner: easydmp
--

CREATE INDEX account_emailconfirmation_key_f43612bd_like ON public.account_emailconfirmation USING btree (key varchar_pattern_ops);


--
-- Name: auth_group_name_a6ea08ec_like; Type: INDEX; Schema: public; Owner: easydmp
--

CREATE INDEX auth_group_name_a6ea08ec_like ON public.auth_group USING btree (name varchar_pattern_ops);


--
-- Name: auth_group_permissions_group_id_b120cbf9; Type: INDEX; Schema: public; Owner: easydmp
--

CREATE INDEX auth_group_permissions_group_id_b120cbf9 ON public.auth_group_permissions USING btree (group_id);


--
-- Name: auth_group_permissions_permission_id_84c5c92e; Type: INDEX; Schema: public; Owner: easydmp
--

CREATE INDEX auth_group_permissions_permission_id_84c5c92e ON public.auth_group_permissions USING btree (permission_id);


--
-- Name: auth_permission_content_type_id_2f476e4b; Type: INDEX; Schema: public; Owner: easydmp
--

CREATE INDEX auth_permission_content_type_id_2f476e4b ON public.auth_permission USING btree (content_type_id);


--
-- Name: auth_user_groups_group_id_97559544; Type: INDEX; Schema: public; Owner: easydmp
--

CREATE INDEX auth_user_groups_group_id_97559544 ON public.auth_user_groups USING btree (group_id);


--
-- Name: auth_user_groups_user_id_6a12ed8b; Type: INDEX; Schema: public; Owner: easydmp
--

CREATE INDEX auth_user_groups_user_id_6a12ed8b ON public.auth_user_groups USING btree (user_id);


--
-- Name: auth_user_user_permissions_permission_id_1fbb5f2c; Type: INDEX; Schema: public; Owner: easydmp
--

CREATE INDEX auth_user_user_permissions_permission_id_1fbb5f2c ON public.auth_user_user_permissions USING btree (permission_id);


--
-- Name: auth_user_user_permissions_user_id_a95ead1b; Type: INDEX; Schema: public; Owner: easydmp
--

CREATE INDEX auth_user_user_permissions_user_id_a95ead1b ON public.auth_user_user_permissions USING btree (user_id);


--
-- Name: auth_user_username_6821ab7c_like; Type: INDEX; Schema: public; Owner: easydmp
--

CREATE INDEX auth_user_username_6821ab7c_like ON public.auth_user USING btree (username varchar_pattern_ops);


--
-- Name: base_content_object_idx; Type: INDEX; Schema: public; Owner: easydmp
--

CREATE INDEX base_content_object_idx ON public.wagtailcore_revision USING btree (base_content_type_id, object_id);


--
-- Name: content_object_idx; Type: INDEX; Schema: public; Owner: easydmp
--

CREATE INDEX content_object_idx ON public.wagtailcore_revision USING btree (content_type_id, object_id);


--
-- Name: django_admin_log_content_type_id_c4bce8eb; Type: INDEX; Schema: public; Owner: easydmp
--

CREATE INDEX django_admin_log_content_type_id_c4bce8eb ON public.django_admin_log USING btree (content_type_id);


--
-- Name: django_admin_log_user_id_c564eba6; Type: INDEX; Schema: public; Owner: easydmp
--

CREATE INDEX django_admin_log_user_id_c564eba6 ON public.django_admin_log USING btree (user_id);


--
-- Name: django_session_expire_date_a5c62663; Type: INDEX; Schema: public; Owner: easydmp
--

CREATE INDEX django_session_expire_date_a5c62663 ON public.django_session USING btree (expire_date);


--
-- Name: django_session_session_key_c0390e0f_like; Type: INDEX; Schema: public; Owner: easydmp
--

CREATE INDEX django_session_session_key_c0390e0f_like ON public.django_session USING btree (session_key varchar_pattern_ops);


--
-- Name: home_footersettings_github_icon_id_0c0eda4c; Type: INDEX; Schema: public; Owner: easydmp
--

CREATE INDEX home_footersettings_github_icon_id_0c0eda4c ON public.home_footersettings USING btree (github_icon_id);


--
-- Name: home_headersettings_prp_icon_id_730a9cab; Type: INDEX; Schema: public; Owner: easydmp
--

CREATE INDEX home_headersettings_prp_icon_id_730a9cab ON public.home_headersettings USING btree (prp_icon_id);


--
-- Name: socialaccount_socialaccount_user_id_8146e70c; Type: INDEX; Schema: public; Owner: easydmp
--

CREATE INDEX socialaccount_socialaccount_user_id_8146e70c ON public.socialaccount_socialaccount USING btree (user_id);


--
-- Name: socialaccount_socialtoken_account_id_951f210e; Type: INDEX; Schema: public; Owner: easydmp
--

CREATE INDEX socialaccount_socialtoken_account_id_951f210e ON public.socialaccount_socialtoken USING btree (account_id);


--
-- Name: socialaccount_socialtoken_app_id_636a42d7; Type: INDEX; Schema: public; Owner: easydmp
--

CREATE INDEX socialaccount_socialtoken_app_id_636a42d7 ON public.socialaccount_socialtoken USING btree (app_id);


--
-- Name: taggit_tag_name_58eb2ed9_like; Type: INDEX; Schema: public; Owner: easydmp
--

CREATE INDEX taggit_tag_name_58eb2ed9_like ON public.taggit_tag USING btree (name varchar_pattern_ops);


--
-- Name: taggit_tag_slug_6be58b2c_like; Type: INDEX; Schema: public; Owner: easydmp
--

CREATE INDEX taggit_tag_slug_6be58b2c_like ON public.taggit_tag USING btree (slug varchar_pattern_ops);


--
-- Name: taggit_tagg_content_8fc721_idx; Type: INDEX; Schema: public; Owner: easydmp
--

CREATE INDEX taggit_tagg_content_8fc721_idx ON public.taggit_taggeditem USING btree (content_type_id, object_id);


--
-- Name: taggit_taggeditem_content_type_id_9957a03c; Type: INDEX; Schema: public; Owner: easydmp
--

CREATE INDEX taggit_taggeditem_content_type_id_9957a03c ON public.taggit_taggeditem USING btree (content_type_id);


--
-- Name: taggit_taggeditem_object_id_e2d7d1df; Type: INDEX; Schema: public; Owner: easydmp
--

CREATE INDEX taggit_taggeditem_object_id_e2d7d1df ON public.taggit_taggeditem USING btree (object_id);


--
-- Name: taggit_taggeditem_tag_id_f4f5b767; Type: INDEX; Schema: public; Owner: easydmp
--

CREATE INDEX taggit_taggeditem_tag_id_f4f5b767 ON public.taggit_taggeditem USING btree (tag_id);


--
-- Name: unique_in_progress_workflow; Type: INDEX; Schema: public; Owner: easydmp
--

CREATE UNIQUE INDEX unique_in_progress_workflow ON public.wagtailcore_workflowstate USING btree (base_content_type_id, object_id) WHERE ((status)::text = ANY ((ARRAY['in_progress'::character varying, 'needs_changes'::character varying])::text[]));


--
-- Name: unique_primary_email; Type: INDEX; Schema: public; Owner: easydmp
--

CREATE UNIQUE INDEX unique_primary_email ON public.account_emailaddress USING btree (user_id, "primary") WHERE "primary";


--
-- Name: unique_verified_email; Type: INDEX; Schema: public; Owner: easydmp
--

CREATE UNIQUE INDEX unique_verified_email ON public.account_emailaddress USING btree (email) WHERE verified;


--
-- Name: wagtailcore_collection_path_d848dc19_like; Type: INDEX; Schema: public; Owner: easydmp
--

CREATE INDEX wagtailcore_collection_path_d848dc19_like ON public.wagtailcore_collection USING btree (path varchar_pattern_ops);


--
-- Name: wagtailcore_collectionview_collectionviewrestriction__47320efd; Type: INDEX; Schema: public; Owner: easydmp
--

CREATE INDEX wagtailcore_collectionview_collectionviewrestriction__47320efd ON public.wagtailcore_collectionviewrestriction_groups USING btree (collectionviewrestriction_id);


--
-- Name: wagtailcore_collectionviewrestriction_collection_id_761908ec; Type: INDEX; Schema: public; Owner: easydmp
--

CREATE INDEX wagtailcore_collectionviewrestriction_collection_id_761908ec ON public.wagtailcore_collectionviewrestriction USING btree (collection_id);


--
-- Name: wagtailcore_collectionviewrestriction_groups_group_id_1823f2a3; Type: INDEX; Schema: public; Owner: easydmp
--

CREATE INDEX wagtailcore_collectionviewrestriction_groups_group_id_1823f2a3 ON public.wagtailcore_collectionviewrestriction_groups USING btree (group_id);


--
-- Name: wagtailcore_comment_page_id_108444b5; Type: INDEX; Schema: public; Owner: easydmp
--

CREATE INDEX wagtailcore_comment_page_id_108444b5 ON public.wagtailcore_comment USING btree (page_id);


--
-- Name: wagtailcore_comment_resolved_by_id_a282aa0e; Type: INDEX; Schema: public; Owner: easydmp
--

CREATE INDEX wagtailcore_comment_resolved_by_id_a282aa0e ON public.wagtailcore_comment USING btree (resolved_by_id);


--
-- Name: wagtailcore_comment_revision_created_id_1d058279; Type: INDEX; Schema: public; Owner: easydmp
--

CREATE INDEX wagtailcore_comment_revision_created_id_1d058279 ON public.wagtailcore_comment USING btree (revision_created_id);


--
-- Name: wagtailcore_comment_user_id_0c577ca6; Type: INDEX; Schema: public; Owner: easydmp
--

CREATE INDEX wagtailcore_comment_user_id_0c577ca6 ON public.wagtailcore_comment USING btree (user_id);


--
-- Name: wagtailcore_commentreply_comment_id_afc7e027; Type: INDEX; Schema: public; Owner: easydmp
--

CREATE INDEX wagtailcore_commentreply_comment_id_afc7e027 ON public.wagtailcore_commentreply USING btree (comment_id);


--
-- Name: wagtailcore_commentreply_user_id_d0b3b9c3; Type: INDEX; Schema: public; Owner: easydmp
--

CREATE INDEX wagtailcore_commentreply_user_id_d0b3b9c3 ON public.wagtailcore_commentreply USING btree (user_id);


--
-- Name: wagtailcore_groupapprovalt_groupapprovaltask_id_9a9255ea; Type: INDEX; Schema: public; Owner: easydmp
--

CREATE INDEX wagtailcore_groupapprovalt_groupapprovaltask_id_9a9255ea ON public.wagtailcore_groupapprovaltask_groups USING btree (groupapprovaltask_id);


--
-- Name: wagtailcore_groupapprovaltask_groups_group_id_2e64b61f; Type: INDEX; Schema: public; Owner: easydmp
--

CREATE INDEX wagtailcore_groupapprovaltask_groups_group_id_2e64b61f ON public.wagtailcore_groupapprovaltask_groups USING btree (group_id);


--
-- Name: wagtailcore_groupcollectionpermission_collection_id_5423575a; Type: INDEX; Schema: public; Owner: easydmp
--

CREATE INDEX wagtailcore_groupcollectionpermission_collection_id_5423575a ON public.wagtailcore_groupcollectionpermission USING btree (collection_id);


--
-- Name: wagtailcore_groupcollectionpermission_group_id_05d61460; Type: INDEX; Schema: public; Owner: easydmp
--

CREATE INDEX wagtailcore_groupcollectionpermission_group_id_05d61460 ON public.wagtailcore_groupcollectionpermission USING btree (group_id);


--
-- Name: wagtailcore_groupcollectionpermission_permission_id_1b626275; Type: INDEX; Schema: public; Owner: easydmp
--

CREATE INDEX wagtailcore_groupcollectionpermission_permission_id_1b626275 ON public.wagtailcore_groupcollectionpermission USING btree (permission_id);


--
-- Name: wagtailcore_grouppagepermission_group_id_fc07e671; Type: INDEX; Schema: public; Owner: easydmp
--

CREATE INDEX wagtailcore_grouppagepermission_group_id_fc07e671 ON public.wagtailcore_grouppagepermission USING btree (group_id);


--
-- Name: wagtailcore_grouppagepermission_page_id_710b114a; Type: INDEX; Schema: public; Owner: easydmp
--

CREATE INDEX wagtailcore_grouppagepermission_page_id_710b114a ON public.wagtailcore_grouppagepermission USING btree (page_id);


--
-- Name: wagtailcore_grouppagepermission_permission_id_05acb22e; Type: INDEX; Schema: public; Owner: easydmp
--

CREATE INDEX wagtailcore_grouppagepermission_permission_id_05acb22e ON public.wagtailcore_grouppagepermission USING btree (permission_id);


--
-- Name: wagtailcore_locale_language_code_03149338_like; Type: INDEX; Schema: public; Owner: easydmp
--

CREATE INDEX wagtailcore_locale_language_code_03149338_like ON public.wagtailcore_locale USING btree (language_code varchar_pattern_ops);


--
-- Name: wagtailcore_modellogentry_action_d2d856ee; Type: INDEX; Schema: public; Owner: easydmp
--

CREATE INDEX wagtailcore_modellogentry_action_d2d856ee ON public.wagtailcore_modellogentry USING btree (action);


--
-- Name: wagtailcore_modellogentry_action_d2d856ee_like; Type: INDEX; Schema: public; Owner: easydmp
--

CREATE INDEX wagtailcore_modellogentry_action_d2d856ee_like ON public.wagtailcore_modellogentry USING btree (action varchar_pattern_ops);


--
-- Name: wagtailcore_modellogentry_content_changed_8bc39742; Type: INDEX; Schema: public; Owner: easydmp
--

CREATE INDEX wagtailcore_modellogentry_content_changed_8bc39742 ON public.wagtailcore_modellogentry USING btree (content_changed);


--
-- Name: wagtailcore_modellogentry_content_type_id_68849e77; Type: INDEX; Schema: public; Owner: easydmp
--

CREATE INDEX wagtailcore_modellogentry_content_type_id_68849e77 ON public.wagtailcore_modellogentry USING btree (content_type_id);


--
-- Name: wagtailcore_modellogentry_object_id_e0e7d4ef; Type: INDEX; Schema: public; Owner: easydmp
--

CREATE INDEX wagtailcore_modellogentry_object_id_e0e7d4ef ON public.wagtailcore_modellogentry USING btree (object_id);


--
-- Name: wagtailcore_modellogentry_object_id_e0e7d4ef_like; Type: INDEX; Schema: public; Owner: easydmp
--

CREATE INDEX wagtailcore_modellogentry_object_id_e0e7d4ef_like ON public.wagtailcore_modellogentry USING btree (object_id varchar_pattern_ops);


--
-- Name: wagtailcore_modellogentry_revision_id_df6ca33a; Type: INDEX; Schema: public; Owner: easydmp
--

CREATE INDEX wagtailcore_modellogentry_revision_id_df6ca33a ON public.wagtailcore_modellogentry USING btree (revision_id);


--
-- Name: wagtailcore_modellogentry_timestamp_9694521b; Type: INDEX; Schema: public; Owner: easydmp
--

CREATE INDEX wagtailcore_modellogentry_timestamp_9694521b ON public.wagtailcore_modellogentry USING btree ("timestamp");


--
-- Name: wagtailcore_modellogentry_user_id_0278d1bf; Type: INDEX; Schema: public; Owner: easydmp
--

CREATE INDEX wagtailcore_modellogentry_user_id_0278d1bf ON public.wagtailcore_modellogentry USING btree (user_id);


--
-- Name: wagtailcore_page_alias_of_id_12945502; Type: INDEX; Schema: public; Owner: easydmp
--

CREATE INDEX wagtailcore_page_alias_of_id_12945502 ON public.wagtailcore_page USING btree (alias_of_id);


--
-- Name: wagtailcore_page_content_type_id_c28424df; Type: INDEX; Schema: public; Owner: easydmp
--

CREATE INDEX wagtailcore_page_content_type_id_c28424df ON public.wagtailcore_page USING btree (content_type_id);


--
-- Name: wagtailcore_page_first_published_at_2b5dd637; Type: INDEX; Schema: public; Owner: easydmp
--

CREATE INDEX wagtailcore_page_first_published_at_2b5dd637 ON public.wagtailcore_page USING btree (first_published_at);


--
-- Name: wagtailcore_page_latest_revision_id_e60fef51; Type: INDEX; Schema: public; Owner: easydmp
--

CREATE INDEX wagtailcore_page_latest_revision_id_e60fef51 ON public.wagtailcore_page USING btree (latest_revision_id);


--
-- Name: wagtailcore_page_live_revision_id_930bd822; Type: INDEX; Schema: public; Owner: easydmp
--

CREATE INDEX wagtailcore_page_live_revision_id_930bd822 ON public.wagtailcore_page USING btree (live_revision_id);


--
-- Name: wagtailcore_page_locale_id_3c7e30a6; Type: INDEX; Schema: public; Owner: easydmp
--

CREATE INDEX wagtailcore_page_locale_id_3c7e30a6 ON public.wagtailcore_page USING btree (locale_id);


--
-- Name: wagtailcore_page_locked_by_id_bcb86245; Type: INDEX; Schema: public; Owner: easydmp
--

CREATE INDEX wagtailcore_page_locked_by_id_bcb86245 ON public.wagtailcore_page USING btree (locked_by_id);


--
-- Name: wagtailcore_page_owner_id_fbf7c332; Type: INDEX; Schema: public; Owner: easydmp
--

CREATE INDEX wagtailcore_page_owner_id_fbf7c332 ON public.wagtailcore_page USING btree (owner_id);


--
-- Name: wagtailcore_page_path_98eba2c8_like; Type: INDEX; Schema: public; Owner: easydmp
--

CREATE INDEX wagtailcore_page_path_98eba2c8_like ON public.wagtailcore_page USING btree (path varchar_pattern_ops);


--
-- Name: wagtailcore_page_slug_e7c11b8f; Type: INDEX; Schema: public; Owner: easydmp
--

CREATE INDEX wagtailcore_page_slug_e7c11b8f ON public.wagtailcore_page USING btree (slug);


--
-- Name: wagtailcore_page_slug_e7c11b8f_like; Type: INDEX; Schema: public; Owner: easydmp
--

CREATE INDEX wagtailcore_page_slug_e7c11b8f_like ON public.wagtailcore_page USING btree (slug varchar_pattern_ops);


--
-- Name: wagtailcore_pagelogentry_action_c2408198; Type: INDEX; Schema: public; Owner: easydmp
--

CREATE INDEX wagtailcore_pagelogentry_action_c2408198 ON public.wagtailcore_pagelogentry USING btree (action);


--
-- Name: wagtailcore_pagelogentry_action_c2408198_like; Type: INDEX; Schema: public; Owner: easydmp
--

CREATE INDEX wagtailcore_pagelogentry_action_c2408198_like ON public.wagtailcore_pagelogentry USING btree (action varchar_pattern_ops);


--
-- Name: wagtailcore_pagelogentry_content_changed_99f27ade; Type: INDEX; Schema: public; Owner: easydmp
--

CREATE INDEX wagtailcore_pagelogentry_content_changed_99f27ade ON public.wagtailcore_pagelogentry USING btree (content_changed);


--
-- Name: wagtailcore_pagelogentry_content_type_id_74e7708a; Type: INDEX; Schema: public; Owner: easydmp
--

CREATE INDEX wagtailcore_pagelogentry_content_type_id_74e7708a ON public.wagtailcore_pagelogentry USING btree (content_type_id);


--
-- Name: wagtailcore_pagelogentry_page_id_8464e327; Type: INDEX; Schema: public; Owner: easydmp
--

CREATE INDEX wagtailcore_pagelogentry_page_id_8464e327 ON public.wagtailcore_pagelogentry USING btree (page_id);


--
-- Name: wagtailcore_pagelogentry_revision_id_8043d103; Type: INDEX; Schema: public; Owner: easydmp
--

CREATE INDEX wagtailcore_pagelogentry_revision_id_8043d103 ON public.wagtailcore_pagelogentry USING btree (revision_id);


--
-- Name: wagtailcore_pagelogentry_timestamp_deb774c4; Type: INDEX; Schema: public; Owner: easydmp
--

CREATE INDEX wagtailcore_pagelogentry_timestamp_deb774c4 ON public.wagtailcore_pagelogentry USING btree ("timestamp");


--
-- Name: wagtailcore_pagelogentry_user_id_604ccfd8; Type: INDEX; Schema: public; Owner: easydmp
--

CREATE INDEX wagtailcore_pagelogentry_user_id_604ccfd8 ON public.wagtailcore_pagelogentry USING btree (user_id);


--
-- Name: wagtailcore_pagerevision_approved_go_live_at_e56afc67; Type: INDEX; Schema: public; Owner: easydmp
--

CREATE INDEX wagtailcore_pagerevision_approved_go_live_at_e56afc67 ON public.wagtailcore_revision USING btree (approved_go_live_at);


--
-- Name: wagtailcore_pagerevision_created_at_66954e3b; Type: INDEX; Schema: public; Owner: easydmp
--

CREATE INDEX wagtailcore_pagerevision_created_at_66954e3b ON public.wagtailcore_revision USING btree (created_at);


--
-- Name: wagtailcore_pagerevision_user_id_2409d2f4; Type: INDEX; Schema: public; Owner: easydmp
--

CREATE INDEX wagtailcore_pagerevision_user_id_2409d2f4 ON public.wagtailcore_revision USING btree (user_id);


--
-- Name: wagtailcore_pagesubscription_page_id_a085e7a6; Type: INDEX; Schema: public; Owner: easydmp
--

CREATE INDEX wagtailcore_pagesubscription_page_id_a085e7a6 ON public.wagtailcore_pagesubscription USING btree (page_id);


--
-- Name: wagtailcore_pagesubscription_user_id_89d7def9; Type: INDEX; Schema: public; Owner: easydmp
--

CREATE INDEX wagtailcore_pagesubscription_user_id_89d7def9 ON public.wagtailcore_pagesubscription USING btree (user_id);


--
-- Name: wagtailcore_pageviewrestri_pageviewrestriction_id_f147a99a; Type: INDEX; Schema: public; Owner: easydmp
--

CREATE INDEX wagtailcore_pageviewrestri_pageviewrestriction_id_f147a99a ON public.wagtailcore_pageviewrestriction_groups USING btree (pageviewrestriction_id);


--
-- Name: wagtailcore_pageviewrestriction_groups_group_id_6460f223; Type: INDEX; Schema: public; Owner: easydmp
--

CREATE INDEX wagtailcore_pageviewrestriction_groups_group_id_6460f223 ON public.wagtailcore_pageviewrestriction_groups USING btree (group_id);


--
-- Name: wagtailcore_pageviewrestriction_page_id_15a8bea6; Type: INDEX; Schema: public; Owner: easydmp
--

CREATE INDEX wagtailcore_pageviewrestriction_page_id_15a8bea6 ON public.wagtailcore_pageviewrestriction USING btree (page_id);


--
-- Name: wagtailcore_referenceindex_base_content_type_id_313cf40f; Type: INDEX; Schema: public; Owner: easydmp
--

CREATE INDEX wagtailcore_referenceindex_base_content_type_id_313cf40f ON public.wagtailcore_referenceindex USING btree (base_content_type_id);


--
-- Name: wagtailcore_referenceindex_content_type_id_766e0336; Type: INDEX; Schema: public; Owner: easydmp
--

CREATE INDEX wagtailcore_referenceindex_content_type_id_766e0336 ON public.wagtailcore_referenceindex USING btree (content_type_id);


--
-- Name: wagtailcore_referenceindex_to_content_type_id_93690bbd; Type: INDEX; Schema: public; Owner: easydmp
--

CREATE INDEX wagtailcore_referenceindex_to_content_type_id_93690bbd ON public.wagtailcore_referenceindex USING btree (to_content_type_id);


--
-- Name: wagtailcore_revision_base_content_type_id_5b4ef7bd; Type: INDEX; Schema: public; Owner: easydmp
--

CREATE INDEX wagtailcore_revision_base_content_type_id_5b4ef7bd ON public.wagtailcore_revision USING btree (base_content_type_id);


--
-- Name: wagtailcore_revision_content_type_id_c8cb69c0; Type: INDEX; Schema: public; Owner: easydmp
--

CREATE INDEX wagtailcore_revision_content_type_id_c8cb69c0 ON public.wagtailcore_revision USING btree (content_type_id);


--
-- Name: wagtailcore_site_hostname_96b20b46; Type: INDEX; Schema: public; Owner: easydmp
--

CREATE INDEX wagtailcore_site_hostname_96b20b46 ON public.wagtailcore_site USING btree (hostname);


--
-- Name: wagtailcore_site_hostname_96b20b46_like; Type: INDEX; Schema: public; Owner: easydmp
--

CREATE INDEX wagtailcore_site_hostname_96b20b46_like ON public.wagtailcore_site USING btree (hostname varchar_pattern_ops);


--
-- Name: wagtailcore_site_root_page_id_e02fb95c; Type: INDEX; Schema: public; Owner: easydmp
--

CREATE INDEX wagtailcore_site_root_page_id_e02fb95c ON public.wagtailcore_site USING btree (root_page_id);


--
-- Name: wagtailcore_task_content_type_id_249ab8ba; Type: INDEX; Schema: public; Owner: easydmp
--

CREATE INDEX wagtailcore_task_content_type_id_249ab8ba ON public.wagtailcore_task USING btree (content_type_id);


--
-- Name: wagtailcore_taskstate_content_type_id_0a758fdc; Type: INDEX; Schema: public; Owner: easydmp
--

CREATE INDEX wagtailcore_taskstate_content_type_id_0a758fdc ON public.wagtailcore_taskstate USING btree (content_type_id);


--
-- Name: wagtailcore_taskstate_finished_by_id_13f98229; Type: INDEX; Schema: public; Owner: easydmp
--

CREATE INDEX wagtailcore_taskstate_finished_by_id_13f98229 ON public.wagtailcore_taskstate USING btree (finished_by_id);


--
-- Name: wagtailcore_taskstate_page_revision_id_9f52c88e; Type: INDEX; Schema: public; Owner: easydmp
--

CREATE INDEX wagtailcore_taskstate_page_revision_id_9f52c88e ON public.wagtailcore_taskstate USING btree (revision_id);


--
-- Name: wagtailcore_taskstate_task_id_c3677c34; Type: INDEX; Schema: public; Owner: easydmp
--

CREATE INDEX wagtailcore_taskstate_task_id_c3677c34 ON public.wagtailcore_taskstate USING btree (task_id);


--
-- Name: wagtailcore_taskstate_workflow_state_id_9239a775; Type: INDEX; Schema: public; Owner: easydmp
--

CREATE INDEX wagtailcore_taskstate_workflow_state_id_9239a775 ON public.wagtailcore_taskstate USING btree (workflow_state_id);


--
-- Name: wagtailcore_uploadedfile_for_content_type_id_b0fc87b2; Type: INDEX; Schema: public; Owner: easydmp
--

CREATE INDEX wagtailcore_uploadedfile_for_content_type_id_b0fc87b2 ON public.wagtailcore_uploadedfile USING btree (for_content_type_id);


--
-- Name: wagtailcore_uploadedfile_uploaded_by_user_id_c7580fe8; Type: INDEX; Schema: public; Owner: easydmp
--

CREATE INDEX wagtailcore_uploadedfile_uploaded_by_user_id_c7580fe8 ON public.wagtailcore_uploadedfile USING btree (uploaded_by_user_id);


--
-- Name: wagtailcore_workflowcontenttype_workflow_id_9aad7cd2; Type: INDEX; Schema: public; Owner: easydmp
--

CREATE INDEX wagtailcore_workflowcontenttype_workflow_id_9aad7cd2 ON public.wagtailcore_workflowcontenttype USING btree (workflow_id);


--
-- Name: wagtailcore_workflowpage_workflow_id_56f56ff6; Type: INDEX; Schema: public; Owner: easydmp
--

CREATE INDEX wagtailcore_workflowpage_workflow_id_56f56ff6 ON public.wagtailcore_workflowpage USING btree (workflow_id);


--
-- Name: wagtailcore_workflowstate_base_content_type_id_a30dc576; Type: INDEX; Schema: public; Owner: easydmp
--

CREATE INDEX wagtailcore_workflowstate_base_content_type_id_a30dc576 ON public.wagtailcore_workflowstate USING btree (base_content_type_id);


--
-- Name: wagtailcore_workflowstate_content_type_id_2bb78ce1; Type: INDEX; Schema: public; Owner: easydmp
--

CREATE INDEX wagtailcore_workflowstate_content_type_id_2bb78ce1 ON public.wagtailcore_workflowstate USING btree (content_type_id);


--
-- Name: wagtailcore_workflowstate_requested_by_id_4090bca3; Type: INDEX; Schema: public; Owner: easydmp
--

CREATE INDEX wagtailcore_workflowstate_requested_by_id_4090bca3 ON public.wagtailcore_workflowstate USING btree (requested_by_id);


--
-- Name: wagtailcore_workflowstate_workflow_id_1f18378f; Type: INDEX; Schema: public; Owner: easydmp
--

CREATE INDEX wagtailcore_workflowstate_workflow_id_1f18378f ON public.wagtailcore_workflowstate USING btree (workflow_id);


--
-- Name: wagtailcore_workflowtask_task_id_ce7716fe; Type: INDEX; Schema: public; Owner: easydmp
--

CREATE INDEX wagtailcore_workflowtask_task_id_ce7716fe ON public.wagtailcore_workflowtask USING btree (task_id);


--
-- Name: wagtailcore_workflowtask_workflow_id_b9717175; Type: INDEX; Schema: public; Owner: easydmp
--

CREATE INDEX wagtailcore_workflowtask_workflow_id_b9717175 ON public.wagtailcore_workflowtask USING btree (workflow_id);


--
-- Name: wagtaildocs_document_collection_id_23881625; Type: INDEX; Schema: public; Owner: easydmp
--

CREATE INDEX wagtaildocs_document_collection_id_23881625 ON public.wagtaildocs_document USING btree (collection_id);


--
-- Name: wagtaildocs_document_uploaded_by_user_id_17258b41; Type: INDEX; Schema: public; Owner: easydmp
--

CREATE INDEX wagtaildocs_document_uploaded_by_user_id_17258b41 ON public.wagtaildocs_document USING btree (uploaded_by_user_id);


--
-- Name: wagtailembeds_embed_cache_until_26c94bb0; Type: INDEX; Schema: public; Owner: easydmp
--

CREATE INDEX wagtailembeds_embed_cache_until_26c94bb0 ON public.wagtailembeds_embed USING btree (cache_until);


--
-- Name: wagtailembeds_embed_hash_c9bd8c9a_like; Type: INDEX; Schema: public; Owner: easydmp
--

CREATE INDEX wagtailembeds_embed_hash_c9bd8c9a_like ON public.wagtailembeds_embed USING btree (hash varchar_pattern_ops);


--
-- Name: wagtailforms_formsubmission_page_id_e48e93e7; Type: INDEX; Schema: public; Owner: easydmp
--

CREATE INDEX wagtailforms_formsubmission_page_id_e48e93e7 ON public.wagtailforms_formsubmission USING btree (page_id);


--
-- Name: wagtailimages_image_collection_id_c2f8af7e; Type: INDEX; Schema: public; Owner: easydmp
--

CREATE INDEX wagtailimages_image_collection_id_c2f8af7e ON public.wagtailimages_image USING btree (collection_id);


--
-- Name: wagtailimages_image_created_at_86fa6cd4; Type: INDEX; Schema: public; Owner: easydmp
--

CREATE INDEX wagtailimages_image_created_at_86fa6cd4 ON public.wagtailimages_image USING btree (created_at);


--
-- Name: wagtailimages_image_file_hash_fb5bbb23; Type: INDEX; Schema: public; Owner: easydmp
--

CREATE INDEX wagtailimages_image_file_hash_fb5bbb23 ON public.wagtailimages_image USING btree (file_hash);


--
-- Name: wagtailimages_image_file_hash_fb5bbb23_like; Type: INDEX; Schema: public; Owner: easydmp
--

CREATE INDEX wagtailimages_image_file_hash_fb5bbb23_like ON public.wagtailimages_image USING btree (file_hash varchar_pattern_ops);


--
-- Name: wagtailimages_image_uploaded_by_user_id_5d73dc75; Type: INDEX; Schema: public; Owner: easydmp
--

CREATE INDEX wagtailimages_image_uploaded_by_user_id_5d73dc75 ON public.wagtailimages_image USING btree (uploaded_by_user_id);


--
-- Name: wagtailimages_rendition_filter_spec_1cba3201; Type: INDEX; Schema: public; Owner: easydmp
--

CREATE INDEX wagtailimages_rendition_filter_spec_1cba3201 ON public.wagtailimages_rendition USING btree (filter_spec);


--
-- Name: wagtailimages_rendition_filter_spec_1cba3201_like; Type: INDEX; Schema: public; Owner: easydmp
--

CREATE INDEX wagtailimages_rendition_filter_spec_1cba3201_like ON public.wagtailimages_rendition USING btree (filter_spec varchar_pattern_ops);


--
-- Name: wagtailimages_rendition_image_id_3e1fd774; Type: INDEX; Schema: public; Owner: easydmp
--

CREATE INDEX wagtailimages_rendition_image_id_3e1fd774 ON public.wagtailimages_rendition USING btree (image_id);


--
-- Name: wagtailredirects_redirect_old_path_bb35247b; Type: INDEX; Schema: public; Owner: easydmp
--

CREATE INDEX wagtailredirects_redirect_old_path_bb35247b ON public.wagtailredirects_redirect USING btree (old_path);


--
-- Name: wagtailredirects_redirect_old_path_bb35247b_like; Type: INDEX; Schema: public; Owner: easydmp
--

CREATE INDEX wagtailredirects_redirect_old_path_bb35247b_like ON public.wagtailredirects_redirect USING btree (old_path varchar_pattern_ops);


--
-- Name: wagtailredirects_redirect_redirect_page_id_b5728a8f; Type: INDEX; Schema: public; Owner: easydmp
--

CREATE INDEX wagtailredirects_redirect_redirect_page_id_b5728a8f ON public.wagtailredirects_redirect USING btree (redirect_page_id);


--
-- Name: wagtailredirects_redirect_site_id_780a0e1e; Type: INDEX; Schema: public; Owner: easydmp
--

CREATE INDEX wagtailredirects_redirect_site_id_780a0e1e ON public.wagtailredirects_redirect USING btree (site_id);


--
-- Name: wagtailsear_autocom_476c89_gin; Type: INDEX; Schema: public; Owner: easydmp
--

CREATE INDEX wagtailsear_autocom_476c89_gin ON public.wagtailsearch_indexentry USING gin (autocomplete);


--
-- Name: wagtailsear_body_90c85d_gin; Type: INDEX; Schema: public; Owner: easydmp
--

CREATE INDEX wagtailsear_body_90c85d_gin ON public.wagtailsearch_indexentry USING gin (body);


--
-- Name: wagtailsear_title_9caae0_gin; Type: INDEX; Schema: public; Owner: easydmp
--

CREATE INDEX wagtailsear_title_9caae0_gin ON public.wagtailsearch_indexentry USING gin (title);


--
-- Name: wagtailsearch_indexentry_content_type_id_62ed694f; Type: INDEX; Schema: public; Owner: easydmp
--

CREATE INDEX wagtailsearch_indexentry_content_type_id_62ed694f ON public.wagtailsearch_indexentry USING btree (content_type_id);


--
-- Name: workflowstate_base_ct_id_idx; Type: INDEX; Schema: public; Owner: easydmp
--

CREATE INDEX workflowstate_base_ct_id_idx ON public.wagtailcore_workflowstate USING btree (base_content_type_id, object_id);


--
-- Name: workflowstate_ct_id_idx; Type: INDEX; Schema: public; Owner: easydmp
--

CREATE INDEX workflowstate_ct_id_idx ON public.wagtailcore_workflowstate USING btree (content_type_id, object_id);


--
-- Name: account_emailaddress account_emailaddress_user_id_2c513194_fk_auth_user_id; Type: FK CONSTRAINT; Schema: public; Owner: easydmp
--

ALTER TABLE ONLY public.account_emailaddress
    ADD CONSTRAINT account_emailaddress_user_id_2c513194_fk_auth_user_id FOREIGN KEY (user_id) REFERENCES public.auth_user(id) DEFERRABLE INITIALLY DEFERRED;


--
-- Name: account_emailconfirmation account_emailconfirm_email_address_id_5b7f8c58_fk_account_e; Type: FK CONSTRAINT; Schema: public; Owner: easydmp
--

ALTER TABLE ONLY public.account_emailconfirmation
    ADD CONSTRAINT account_emailconfirm_email_address_id_5b7f8c58_fk_account_e FOREIGN KEY (email_address_id) REFERENCES public.account_emailaddress(id) DEFERRABLE INITIALLY DEFERRED;


--
-- Name: auth_group_permissions auth_group_permissio_permission_id_84c5c92e_fk_auth_perm; Type: FK CONSTRAINT; Schema: public; Owner: easydmp
--

ALTER TABLE ONLY public.auth_group_permissions
    ADD CONSTRAINT auth_group_permissio_permission_id_84c5c92e_fk_auth_perm FOREIGN KEY (permission_id) REFERENCES public.auth_permission(id) DEFERRABLE INITIALLY DEFERRED;


--
-- Name: auth_group_permissions auth_group_permissions_group_id_b120cbf9_fk_auth_group_id; Type: FK CONSTRAINT; Schema: public; Owner: easydmp
--

ALTER TABLE ONLY public.auth_group_permissions
    ADD CONSTRAINT auth_group_permissions_group_id_b120cbf9_fk_auth_group_id FOREIGN KEY (group_id) REFERENCES public.auth_group(id) DEFERRABLE INITIALLY DEFERRED;


--
-- Name: auth_permission auth_permission_content_type_id_2f476e4b_fk_django_co; Type: FK CONSTRAINT; Schema: public; Owner: easydmp
--

ALTER TABLE ONLY public.auth_permission
    ADD CONSTRAINT auth_permission_content_type_id_2f476e4b_fk_django_co FOREIGN KEY (content_type_id) REFERENCES public.django_content_type(id) DEFERRABLE INITIALLY DEFERRED;


--
-- Name: auth_user_groups auth_user_groups_group_id_97559544_fk_auth_group_id; Type: FK CONSTRAINT; Schema: public; Owner: easydmp
--

ALTER TABLE ONLY public.auth_user_groups
    ADD CONSTRAINT auth_user_groups_group_id_97559544_fk_auth_group_id FOREIGN KEY (group_id) REFERENCES public.auth_group(id) DEFERRABLE INITIALLY DEFERRED;


--
-- Name: auth_user_groups auth_user_groups_user_id_6a12ed8b_fk_auth_user_id; Type: FK CONSTRAINT; Schema: public; Owner: easydmp
--

ALTER TABLE ONLY public.auth_user_groups
    ADD CONSTRAINT auth_user_groups_user_id_6a12ed8b_fk_auth_user_id FOREIGN KEY (user_id) REFERENCES public.auth_user(id) DEFERRABLE INITIALLY DEFERRED;


--
-- Name: auth_user_user_permissions auth_user_user_permi_permission_id_1fbb5f2c_fk_auth_perm; Type: FK CONSTRAINT; Schema: public; Owner: easydmp
--

ALTER TABLE ONLY public.auth_user_user_permissions
    ADD CONSTRAINT auth_user_user_permi_permission_id_1fbb5f2c_fk_auth_perm FOREIGN KEY (permission_id) REFERENCES public.auth_permission(id) DEFERRABLE INITIALLY DEFERRED;


--
-- Name: auth_user_user_permissions auth_user_user_permissions_user_id_a95ead1b_fk_auth_user_id; Type: FK CONSTRAINT; Schema: public; Owner: easydmp
--

ALTER TABLE ONLY public.auth_user_user_permissions
    ADD CONSTRAINT auth_user_user_permissions_user_id_a95ead1b_fk_auth_user_id FOREIGN KEY (user_id) REFERENCES public.auth_user(id) DEFERRABLE INITIALLY DEFERRED;


--
-- Name: django_admin_log django_admin_log_content_type_id_c4bce8eb_fk_django_co; Type: FK CONSTRAINT; Schema: public; Owner: easydmp
--

ALTER TABLE ONLY public.django_admin_log
    ADD CONSTRAINT django_admin_log_content_type_id_c4bce8eb_fk_django_co FOREIGN KEY (content_type_id) REFERENCES public.django_content_type(id) DEFERRABLE INITIALLY DEFERRED;


--
-- Name: django_admin_log django_admin_log_user_id_c564eba6_fk_auth_user_id; Type: FK CONSTRAINT; Schema: public; Owner: easydmp
--

ALTER TABLE ONLY public.django_admin_log
    ADD CONSTRAINT django_admin_log_user_id_c564eba6_fk_auth_user_id FOREIGN KEY (user_id) REFERENCES public.auth_user(id) DEFERRABLE INITIALLY DEFERRED;


--
-- Name: home_dmppage home_dmppage_page_ptr_id_71cc66eb_fk_wagtailcore_page_id; Type: FK CONSTRAINT; Schema: public; Owner: easydmp
--

ALTER TABLE ONLY public.home_dmppage
    ADD CONSTRAINT home_dmppage_page_ptr_id_71cc66eb_fk_wagtailcore_page_id FOREIGN KEY (page_ptr_id) REFERENCES public.wagtailcore_page(id) DEFERRABLE INITIALLY DEFERRED;


--
-- Name: home_dmpsearchpage home_dmpsearchpage_page_ptr_id_1ad9ce83_fk_wagtailcore_page_id; Type: FK CONSTRAINT; Schema: public; Owner: easydmp
--

ALTER TABLE ONLY public.home_dmpsearchpage
    ADD CONSTRAINT home_dmpsearchpage_page_ptr_id_1ad9ce83_fk_wagtailcore_page_id FOREIGN KEY (page_ptr_id) REFERENCES public.wagtailcore_page(id) DEFERRABLE INITIALLY DEFERRED;


--
-- Name: home_dmpviewpage home_dmpviewpage_page_ptr_id_b3c1cd37_fk_wagtailcore_page_id; Type: FK CONSTRAINT; Schema: public; Owner: easydmp
--

ALTER TABLE ONLY public.home_dmpviewpage
    ADD CONSTRAINT home_dmpviewpage_page_ptr_id_b3c1cd37_fk_wagtailcore_page_id FOREIGN KEY (page_ptr_id) REFERENCES public.wagtailcore_page(id) DEFERRABLE INITIALLY DEFERRED;


--
-- Name: home_footersettings home_footersettings_github_icon_id_0c0eda4c_fk_wagtailim; Type: FK CONSTRAINT; Schema: public; Owner: easydmp
--

ALTER TABLE ONLY public.home_footersettings
    ADD CONSTRAINT home_footersettings_github_icon_id_0c0eda4c_fk_wagtailim FOREIGN KEY (github_icon_id) REFERENCES public.wagtailimages_image(id) DEFERRABLE INITIALLY DEFERRED;


--
-- Name: home_headersettings home_headersettings_prp_icon_id_730a9cab_fk_wagtailim; Type: FK CONSTRAINT; Schema: public; Owner: easydmp
--

ALTER TABLE ONLY public.home_headersettings
    ADD CONSTRAINT home_headersettings_prp_icon_id_730a9cab_fk_wagtailim FOREIGN KEY (prp_icon_id) REFERENCES public.wagtailimages_image(id) DEFERRABLE INITIALLY DEFERRED;


--
-- Name: home_homepage home_homepage_page_ptr_id_e5b77cf7_fk_wagtailcore_page_id; Type: FK CONSTRAINT; Schema: public; Owner: easydmp
--

ALTER TABLE ONLY public.home_homepage
    ADD CONSTRAINT home_homepage_page_ptr_id_e5b77cf7_fk_wagtailcore_page_id FOREIGN KEY (page_ptr_id) REFERENCES public.wagtailcore_page(id) DEFERRABLE INITIALLY DEFERRED;


--
-- Name: home_sampleentryform home_sampleentryform_page_ptr_id_05ff6c64_fk_wagtailco; Type: FK CONSTRAINT; Schema: public; Owner: easydmp
--

ALTER TABLE ONLY public.home_sampleentryform
    ADD CONSTRAINT home_sampleentryform_page_ptr_id_05ff6c64_fk_wagtailco FOREIGN KEY (page_ptr_id) REFERENCES public.wagtailcore_page(id) DEFERRABLE INITIALLY DEFERRED;


--
-- Name: home_switchlabpage home_switchlabpage_page_ptr_id_c37abf4a_fk_wagtailcore_page_id; Type: FK CONSTRAINT; Schema: public; Owner: easydmp
--

ALTER TABLE ONLY public.home_switchlabpage
    ADD CONSTRAINT home_switchlabpage_page_ptr_id_c37abf4a_fk_wagtailcore_page_id FOREIGN KEY (page_ptr_id) REFERENCES public.wagtailcore_page(id) DEFERRABLE INITIALLY DEFERRED;


--
-- Name: socialaccount_socialtoken socialaccount_social_account_id_951f210e_fk_socialacc; Type: FK CONSTRAINT; Schema: public; Owner: easydmp
--

ALTER TABLE ONLY public.socialaccount_socialtoken
    ADD CONSTRAINT socialaccount_social_account_id_951f210e_fk_socialacc FOREIGN KEY (account_id) REFERENCES public.socialaccount_socialaccount(id) DEFERRABLE INITIALLY DEFERRED;


--
-- Name: socialaccount_socialtoken socialaccount_social_app_id_636a42d7_fk_socialacc; Type: FK CONSTRAINT; Schema: public; Owner: easydmp
--

ALTER TABLE ONLY public.socialaccount_socialtoken
    ADD CONSTRAINT socialaccount_social_app_id_636a42d7_fk_socialacc FOREIGN KEY (app_id) REFERENCES public.socialaccount_socialapp(id) DEFERRABLE INITIALLY DEFERRED;


--
-- Name: socialaccount_socialaccount socialaccount_socialaccount_user_id_8146e70c_fk_auth_user_id; Type: FK CONSTRAINT; Schema: public; Owner: easydmp
--

ALTER TABLE ONLY public.socialaccount_socialaccount
    ADD CONSTRAINT socialaccount_socialaccount_user_id_8146e70c_fk_auth_user_id FOREIGN KEY (user_id) REFERENCES public.auth_user(id) DEFERRABLE INITIALLY DEFERRED;


--
-- Name: taggit_taggeditem taggit_taggeditem_content_type_id_9957a03c_fk_django_co; Type: FK CONSTRAINT; Schema: public; Owner: easydmp
--

ALTER TABLE ONLY public.taggit_taggeditem
    ADD CONSTRAINT taggit_taggeditem_content_type_id_9957a03c_fk_django_co FOREIGN KEY (content_type_id) REFERENCES public.django_content_type(id) DEFERRABLE INITIALLY DEFERRED;


--
-- Name: taggit_taggeditem taggit_taggeditem_tag_id_f4f5b767_fk_taggit_tag_id; Type: FK CONSTRAINT; Schema: public; Owner: easydmp
--

ALTER TABLE ONLY public.taggit_taggeditem
    ADD CONSTRAINT taggit_taggeditem_tag_id_f4f5b767_fk_taggit_tag_id FOREIGN KEY (tag_id) REFERENCES public.taggit_tag(id) DEFERRABLE INITIALLY DEFERRED;


--
-- Name: wagtailcore_collectionviewrestriction wagtailcore_collecti_collection_id_761908ec_fk_wagtailco; Type: FK CONSTRAINT; Schema: public; Owner: easydmp
--

ALTER TABLE ONLY public.wagtailcore_collectionviewrestriction
    ADD CONSTRAINT wagtailcore_collecti_collection_id_761908ec_fk_wagtailco FOREIGN KEY (collection_id) REFERENCES public.wagtailcore_collection(id) DEFERRABLE INITIALLY DEFERRED;


--
-- Name: wagtailcore_collectionviewrestriction_groups wagtailcore_collecti_collectionviewrestri_47320efd_fk_wagtailco; Type: FK CONSTRAINT; Schema: public; Owner: easydmp
--

ALTER TABLE ONLY public.wagtailcore_collectionviewrestriction_groups
    ADD CONSTRAINT wagtailcore_collecti_collectionviewrestri_47320efd_fk_wagtailco FOREIGN KEY (collectionviewrestriction_id) REFERENCES public.wagtailcore_collectionviewrestriction(id) DEFERRABLE INITIALLY DEFERRED;


--
-- Name: wagtailcore_collectionviewrestriction_groups wagtailcore_collecti_group_id_1823f2a3_fk_auth_grou; Type: FK CONSTRAINT; Schema: public; Owner: easydmp
--

ALTER TABLE ONLY public.wagtailcore_collectionviewrestriction_groups
    ADD CONSTRAINT wagtailcore_collecti_group_id_1823f2a3_fk_auth_grou FOREIGN KEY (group_id) REFERENCES public.auth_group(id) DEFERRABLE INITIALLY DEFERRED;


--
-- Name: wagtailcore_comment wagtailcore_comment_page_id_108444b5_fk_wagtailcore_page_id; Type: FK CONSTRAINT; Schema: public; Owner: easydmp
--

ALTER TABLE ONLY public.wagtailcore_comment
    ADD CONSTRAINT wagtailcore_comment_page_id_108444b5_fk_wagtailcore_page_id FOREIGN KEY (page_id) REFERENCES public.wagtailcore_page(id) DEFERRABLE INITIALLY DEFERRED;


--
-- Name: wagtailcore_comment wagtailcore_comment_resolved_by_id_a282aa0e_fk_auth_user_id; Type: FK CONSTRAINT; Schema: public; Owner: easydmp
--

ALTER TABLE ONLY public.wagtailcore_comment
    ADD CONSTRAINT wagtailcore_comment_resolved_by_id_a282aa0e_fk_auth_user_id FOREIGN KEY (resolved_by_id) REFERENCES public.auth_user(id) DEFERRABLE INITIALLY DEFERRED;


--
-- Name: wagtailcore_comment wagtailcore_comment_revision_created_id_1d058279_fk_wagtailco; Type: FK CONSTRAINT; Schema: public; Owner: easydmp
--

ALTER TABLE ONLY public.wagtailcore_comment
    ADD CONSTRAINT wagtailcore_comment_revision_created_id_1d058279_fk_wagtailco FOREIGN KEY (revision_created_id) REFERENCES public.wagtailcore_revision(id) DEFERRABLE INITIALLY DEFERRED;


--
-- Name: wagtailcore_comment wagtailcore_comment_user_id_0c577ca6_fk_auth_user_id; Type: FK CONSTRAINT; Schema: public; Owner: easydmp
--

ALTER TABLE ONLY public.wagtailcore_comment
    ADD CONSTRAINT wagtailcore_comment_user_id_0c577ca6_fk_auth_user_id FOREIGN KEY (user_id) REFERENCES public.auth_user(id) DEFERRABLE INITIALLY DEFERRED;


--
-- Name: wagtailcore_commentreply wagtailcore_commentr_comment_id_afc7e027_fk_wagtailco; Type: FK CONSTRAINT; Schema: public; Owner: easydmp
--

ALTER TABLE ONLY public.wagtailcore_commentreply
    ADD CONSTRAINT wagtailcore_commentr_comment_id_afc7e027_fk_wagtailco FOREIGN KEY (comment_id) REFERENCES public.wagtailcore_comment(id) DEFERRABLE INITIALLY DEFERRED;


--
-- Name: wagtailcore_commentreply wagtailcore_commentreply_user_id_d0b3b9c3_fk_auth_user_id; Type: FK CONSTRAINT; Schema: public; Owner: easydmp
--

ALTER TABLE ONLY public.wagtailcore_commentreply
    ADD CONSTRAINT wagtailcore_commentreply_user_id_d0b3b9c3_fk_auth_user_id FOREIGN KEY (user_id) REFERENCES public.auth_user(id) DEFERRABLE INITIALLY DEFERRED;


--
-- Name: wagtailcore_groupapprovaltask_groups wagtailcore_groupapp_group_id_2e64b61f_fk_auth_grou; Type: FK CONSTRAINT; Schema: public; Owner: easydmp
--

ALTER TABLE ONLY public.wagtailcore_groupapprovaltask_groups
    ADD CONSTRAINT wagtailcore_groupapp_group_id_2e64b61f_fk_auth_grou FOREIGN KEY (group_id) REFERENCES public.auth_group(id) DEFERRABLE INITIALLY DEFERRED;


--
-- Name: wagtailcore_groupapprovaltask_groups wagtailcore_groupapp_groupapprovaltask_id_9a9255ea_fk_wagtailco; Type: FK CONSTRAINT; Schema: public; Owner: easydmp
--

ALTER TABLE ONLY public.wagtailcore_groupapprovaltask_groups
    ADD CONSTRAINT wagtailcore_groupapp_groupapprovaltask_id_9a9255ea_fk_wagtailco FOREIGN KEY (groupapprovaltask_id) REFERENCES public.wagtailcore_groupapprovaltask(task_ptr_id) DEFERRABLE INITIALLY DEFERRED;


--
-- Name: wagtailcore_groupapprovaltask wagtailcore_groupapp_task_ptr_id_cfe58781_fk_wagtailco; Type: FK CONSTRAINT; Schema: public; Owner: easydmp
--

ALTER TABLE ONLY public.wagtailcore_groupapprovaltask
    ADD CONSTRAINT wagtailcore_groupapp_task_ptr_id_cfe58781_fk_wagtailco FOREIGN KEY (task_ptr_id) REFERENCES public.wagtailcore_task(id) DEFERRABLE INITIALLY DEFERRED;


--
-- Name: wagtailcore_groupcollectionpermission wagtailcore_groupcol_collection_id_5423575a_fk_wagtailco; Type: FK CONSTRAINT; Schema: public; Owner: easydmp
--

ALTER TABLE ONLY public.wagtailcore_groupcollectionpermission
    ADD CONSTRAINT wagtailcore_groupcol_collection_id_5423575a_fk_wagtailco FOREIGN KEY (collection_id) REFERENCES public.wagtailcore_collection(id) DEFERRABLE INITIALLY DEFERRED;


--
-- Name: wagtailcore_groupcollectionpermission wagtailcore_groupcol_group_id_05d61460_fk_auth_grou; Type: FK CONSTRAINT; Schema: public; Owner: easydmp
--

ALTER TABLE ONLY public.wagtailcore_groupcollectionpermission
    ADD CONSTRAINT wagtailcore_groupcol_group_id_05d61460_fk_auth_grou FOREIGN KEY (group_id) REFERENCES public.auth_group(id) DEFERRABLE INITIALLY DEFERRED;


--
-- Name: wagtailcore_groupcollectionpermission wagtailcore_groupcol_permission_id_1b626275_fk_auth_perm; Type: FK CONSTRAINT; Schema: public; Owner: easydmp
--

ALTER TABLE ONLY public.wagtailcore_groupcollectionpermission
    ADD CONSTRAINT wagtailcore_groupcol_permission_id_1b626275_fk_auth_perm FOREIGN KEY (permission_id) REFERENCES public.auth_permission(id) DEFERRABLE INITIALLY DEFERRED;


--
-- Name: wagtailcore_grouppagepermission wagtailcore_grouppag_group_id_fc07e671_fk_auth_grou; Type: FK CONSTRAINT; Schema: public; Owner: easydmp
--

ALTER TABLE ONLY public.wagtailcore_grouppagepermission
    ADD CONSTRAINT wagtailcore_grouppag_group_id_fc07e671_fk_auth_grou FOREIGN KEY (group_id) REFERENCES public.auth_group(id) DEFERRABLE INITIALLY DEFERRED;


--
-- Name: wagtailcore_grouppagepermission wagtailcore_grouppag_page_id_710b114a_fk_wagtailco; Type: FK CONSTRAINT; Schema: public; Owner: easydmp
--

ALTER TABLE ONLY public.wagtailcore_grouppagepermission
    ADD CONSTRAINT wagtailcore_grouppag_page_id_710b114a_fk_wagtailco FOREIGN KEY (page_id) REFERENCES public.wagtailcore_page(id) DEFERRABLE INITIALLY DEFERRED;


--
-- Name: wagtailcore_grouppagepermission wagtailcore_grouppag_permission_id_05acb22e_fk_auth_perm; Type: FK CONSTRAINT; Schema: public; Owner: easydmp
--

ALTER TABLE ONLY public.wagtailcore_grouppagepermission
    ADD CONSTRAINT wagtailcore_grouppag_permission_id_05acb22e_fk_auth_perm FOREIGN KEY (permission_id) REFERENCES public.auth_permission(id) DEFERRABLE INITIALLY DEFERRED;


--
-- Name: wagtailcore_modellogentry wagtailcore_modellog_content_type_id_68849e77_fk_django_co; Type: FK CONSTRAINT; Schema: public; Owner: easydmp
--

ALTER TABLE ONLY public.wagtailcore_modellogentry
    ADD CONSTRAINT wagtailcore_modellog_content_type_id_68849e77_fk_django_co FOREIGN KEY (content_type_id) REFERENCES public.django_content_type(id) DEFERRABLE INITIALLY DEFERRED;


--
-- Name: wagtailcore_page wagtailcore_page_alias_of_id_12945502_fk_wagtailcore_page_id; Type: FK CONSTRAINT; Schema: public; Owner: easydmp
--

ALTER TABLE ONLY public.wagtailcore_page
    ADD CONSTRAINT wagtailcore_page_alias_of_id_12945502_fk_wagtailcore_page_id FOREIGN KEY (alias_of_id) REFERENCES public.wagtailcore_page(id) DEFERRABLE INITIALLY DEFERRED;


--
-- Name: wagtailcore_page wagtailcore_page_content_type_id_c28424df_fk_django_co; Type: FK CONSTRAINT; Schema: public; Owner: easydmp
--

ALTER TABLE ONLY public.wagtailcore_page
    ADD CONSTRAINT wagtailcore_page_content_type_id_c28424df_fk_django_co FOREIGN KEY (content_type_id) REFERENCES public.django_content_type(id) DEFERRABLE INITIALLY DEFERRED;


--
-- Name: wagtailcore_page wagtailcore_page_latest_revision_id_e60fef51_fk_wagtailco; Type: FK CONSTRAINT; Schema: public; Owner: easydmp
--

ALTER TABLE ONLY public.wagtailcore_page
    ADD CONSTRAINT wagtailcore_page_latest_revision_id_e60fef51_fk_wagtailco FOREIGN KEY (latest_revision_id) REFERENCES public.wagtailcore_revision(id) DEFERRABLE INITIALLY DEFERRED;


--
-- Name: wagtailcore_page wagtailcore_page_live_revision_id_930bd822_fk_wagtailco; Type: FK CONSTRAINT; Schema: public; Owner: easydmp
--

ALTER TABLE ONLY public.wagtailcore_page
    ADD CONSTRAINT wagtailcore_page_live_revision_id_930bd822_fk_wagtailco FOREIGN KEY (live_revision_id) REFERENCES public.wagtailcore_revision(id) DEFERRABLE INITIALLY DEFERRED;


--
-- Name: wagtailcore_page wagtailcore_page_locale_id_3c7e30a6_fk_wagtailcore_locale_id; Type: FK CONSTRAINT; Schema: public; Owner: easydmp
--

ALTER TABLE ONLY public.wagtailcore_page
    ADD CONSTRAINT wagtailcore_page_locale_id_3c7e30a6_fk_wagtailcore_locale_id FOREIGN KEY (locale_id) REFERENCES public.wagtailcore_locale(id) DEFERRABLE INITIALLY DEFERRED;


--
-- Name: wagtailcore_page wagtailcore_page_locked_by_id_bcb86245_fk_auth_user_id; Type: FK CONSTRAINT; Schema: public; Owner: easydmp
--

ALTER TABLE ONLY public.wagtailcore_page
    ADD CONSTRAINT wagtailcore_page_locked_by_id_bcb86245_fk_auth_user_id FOREIGN KEY (locked_by_id) REFERENCES public.auth_user(id) DEFERRABLE INITIALLY DEFERRED;


--
-- Name: wagtailcore_page wagtailcore_page_owner_id_fbf7c332_fk_auth_user_id; Type: FK CONSTRAINT; Schema: public; Owner: easydmp
--

ALTER TABLE ONLY public.wagtailcore_page
    ADD CONSTRAINT wagtailcore_page_owner_id_fbf7c332_fk_auth_user_id FOREIGN KEY (owner_id) REFERENCES public.auth_user(id) DEFERRABLE INITIALLY DEFERRED;


--
-- Name: wagtailcore_pagelogentry wagtailcore_pageloge_content_type_id_74e7708a_fk_django_co; Type: FK CONSTRAINT; Schema: public; Owner: easydmp
--

ALTER TABLE ONLY public.wagtailcore_pagelogentry
    ADD CONSTRAINT wagtailcore_pageloge_content_type_id_74e7708a_fk_django_co FOREIGN KEY (content_type_id) REFERENCES public.django_content_type(id) DEFERRABLE INITIALLY DEFERRED;


--
-- Name: wagtailcore_revision wagtailcore_pagerevision_user_id_2409d2f4_fk_auth_user_id; Type: FK CONSTRAINT; Schema: public; Owner: easydmp
--

ALTER TABLE ONLY public.wagtailcore_revision
    ADD CONSTRAINT wagtailcore_pagerevision_user_id_2409d2f4_fk_auth_user_id FOREIGN KEY (user_id) REFERENCES public.auth_user(id) DEFERRABLE INITIALLY DEFERRED;


--
-- Name: wagtailcore_pagesubscription wagtailcore_pagesubs_page_id_a085e7a6_fk_wagtailco; Type: FK CONSTRAINT; Schema: public; Owner: easydmp
--

ALTER TABLE ONLY public.wagtailcore_pagesubscription
    ADD CONSTRAINT wagtailcore_pagesubs_page_id_a085e7a6_fk_wagtailco FOREIGN KEY (page_id) REFERENCES public.wagtailcore_page(id) DEFERRABLE INITIALLY DEFERRED;


--
-- Name: wagtailcore_pagesubscription wagtailcore_pagesubscription_user_id_89d7def9_fk_auth_user_id; Type: FK CONSTRAINT; Schema: public; Owner: easydmp
--

ALTER TABLE ONLY public.wagtailcore_pagesubscription
    ADD CONSTRAINT wagtailcore_pagesubscription_user_id_89d7def9_fk_auth_user_id FOREIGN KEY (user_id) REFERENCES public.auth_user(id) DEFERRABLE INITIALLY DEFERRED;


--
-- Name: wagtailcore_pageviewrestriction_groups wagtailcore_pageview_group_id_6460f223_fk_auth_grou; Type: FK CONSTRAINT; Schema: public; Owner: easydmp
--

ALTER TABLE ONLY public.wagtailcore_pageviewrestriction_groups
    ADD CONSTRAINT wagtailcore_pageview_group_id_6460f223_fk_auth_grou FOREIGN KEY (group_id) REFERENCES public.auth_group(id) DEFERRABLE INITIALLY DEFERRED;


--
-- Name: wagtailcore_pageviewrestriction wagtailcore_pageview_page_id_15a8bea6_fk_wagtailco; Type: FK CONSTRAINT; Schema: public; Owner: easydmp
--

ALTER TABLE ONLY public.wagtailcore_pageviewrestriction
    ADD CONSTRAINT wagtailcore_pageview_page_id_15a8bea6_fk_wagtailco FOREIGN KEY (page_id) REFERENCES public.wagtailcore_page(id) DEFERRABLE INITIALLY DEFERRED;


--
-- Name: wagtailcore_pageviewrestriction_groups wagtailcore_pageview_pageviewrestriction__f147a99a_fk_wagtailco; Type: FK CONSTRAINT; Schema: public; Owner: easydmp
--

ALTER TABLE ONLY public.wagtailcore_pageviewrestriction_groups
    ADD CONSTRAINT wagtailcore_pageview_pageviewrestriction__f147a99a_fk_wagtailco FOREIGN KEY (pageviewrestriction_id) REFERENCES public.wagtailcore_pageviewrestriction(id) DEFERRABLE INITIALLY DEFERRED;


--
-- Name: wagtailcore_referenceindex wagtailcore_referenc_base_content_type_id_313cf40f_fk_django_co; Type: FK CONSTRAINT; Schema: public; Owner: easydmp
--

ALTER TABLE ONLY public.wagtailcore_referenceindex
    ADD CONSTRAINT wagtailcore_referenc_base_content_type_id_313cf40f_fk_django_co FOREIGN KEY (base_content_type_id) REFERENCES public.django_content_type(id) DEFERRABLE INITIALLY DEFERRED;


--
-- Name: wagtailcore_referenceindex wagtailcore_referenc_content_type_id_766e0336_fk_django_co; Type: FK CONSTRAINT; Schema: public; Owner: easydmp
--

ALTER TABLE ONLY public.wagtailcore_referenceindex
    ADD CONSTRAINT wagtailcore_referenc_content_type_id_766e0336_fk_django_co FOREIGN KEY (content_type_id) REFERENCES public.django_content_type(id) DEFERRABLE INITIALLY DEFERRED;


--
-- Name: wagtailcore_referenceindex wagtailcore_referenc_to_content_type_id_93690bbd_fk_django_co; Type: FK CONSTRAINT; Schema: public; Owner: easydmp
--

ALTER TABLE ONLY public.wagtailcore_referenceindex
    ADD CONSTRAINT wagtailcore_referenc_to_content_type_id_93690bbd_fk_django_co FOREIGN KEY (to_content_type_id) REFERENCES public.django_content_type(id) DEFERRABLE INITIALLY DEFERRED;


--
-- Name: wagtailcore_revision wagtailcore_revision_base_content_type_id_5b4ef7bd_fk_django_co; Type: FK CONSTRAINT; Schema: public; Owner: easydmp
--

ALTER TABLE ONLY public.wagtailcore_revision
    ADD CONSTRAINT wagtailcore_revision_base_content_type_id_5b4ef7bd_fk_django_co FOREIGN KEY (base_content_type_id) REFERENCES public.django_content_type(id) DEFERRABLE INITIALLY DEFERRED;


--
-- Name: wagtailcore_revision wagtailcore_revision_content_type_id_c8cb69c0_fk_django_co; Type: FK CONSTRAINT; Schema: public; Owner: easydmp
--

ALTER TABLE ONLY public.wagtailcore_revision
    ADD CONSTRAINT wagtailcore_revision_content_type_id_c8cb69c0_fk_django_co FOREIGN KEY (content_type_id) REFERENCES public.django_content_type(id) DEFERRABLE INITIALLY DEFERRED;


--
-- Name: wagtailcore_site wagtailcore_site_root_page_id_e02fb95c_fk_wagtailcore_page_id; Type: FK CONSTRAINT; Schema: public; Owner: easydmp
--

ALTER TABLE ONLY public.wagtailcore_site
    ADD CONSTRAINT wagtailcore_site_root_page_id_e02fb95c_fk_wagtailcore_page_id FOREIGN KEY (root_page_id) REFERENCES public.wagtailcore_page(id) DEFERRABLE INITIALLY DEFERRED;


--
-- Name: wagtailcore_task wagtailcore_task_content_type_id_249ab8ba_fk_django_co; Type: FK CONSTRAINT; Schema: public; Owner: easydmp
--

ALTER TABLE ONLY public.wagtailcore_task
    ADD CONSTRAINT wagtailcore_task_content_type_id_249ab8ba_fk_django_co FOREIGN KEY (content_type_id) REFERENCES public.django_content_type(id) DEFERRABLE INITIALLY DEFERRED;


--
-- Name: wagtailcore_taskstate wagtailcore_taskstat_content_type_id_0a758fdc_fk_django_co; Type: FK CONSTRAINT; Schema: public; Owner: easydmp
--

ALTER TABLE ONLY public.wagtailcore_taskstate
    ADD CONSTRAINT wagtailcore_taskstat_content_type_id_0a758fdc_fk_django_co FOREIGN KEY (content_type_id) REFERENCES public.django_content_type(id) DEFERRABLE INITIALLY DEFERRED;


--
-- Name: wagtailcore_taskstate wagtailcore_taskstat_revision_id_df25a499_fk_wagtailco; Type: FK CONSTRAINT; Schema: public; Owner: easydmp
--

ALTER TABLE ONLY public.wagtailcore_taskstate
    ADD CONSTRAINT wagtailcore_taskstat_revision_id_df25a499_fk_wagtailco FOREIGN KEY (revision_id) REFERENCES public.wagtailcore_revision(id) DEFERRABLE INITIALLY DEFERRED;


--
-- Name: wagtailcore_taskstate wagtailcore_taskstat_workflow_state_id_9239a775_fk_wagtailco; Type: FK CONSTRAINT; Schema: public; Owner: easydmp
--

ALTER TABLE ONLY public.wagtailcore_taskstate
    ADD CONSTRAINT wagtailcore_taskstat_workflow_state_id_9239a775_fk_wagtailco FOREIGN KEY (workflow_state_id) REFERENCES public.wagtailcore_workflowstate(id) DEFERRABLE INITIALLY DEFERRED;


--
-- Name: wagtailcore_taskstate wagtailcore_taskstate_finished_by_id_13f98229_fk_auth_user_id; Type: FK CONSTRAINT; Schema: public; Owner: easydmp
--

ALTER TABLE ONLY public.wagtailcore_taskstate
    ADD CONSTRAINT wagtailcore_taskstate_finished_by_id_13f98229_fk_auth_user_id FOREIGN KEY (finished_by_id) REFERENCES public.auth_user(id) DEFERRABLE INITIALLY DEFERRED;


--
-- Name: wagtailcore_taskstate wagtailcore_taskstate_task_id_c3677c34_fk_wagtailcore_task_id; Type: FK CONSTRAINT; Schema: public; Owner: easydmp
--

ALTER TABLE ONLY public.wagtailcore_taskstate
    ADD CONSTRAINT wagtailcore_taskstate_task_id_c3677c34_fk_wagtailcore_task_id FOREIGN KEY (task_id) REFERENCES public.wagtailcore_task(id) DEFERRABLE INITIALLY DEFERRED;


--
-- Name: wagtailcore_uploadedfile wagtailcore_uploaded_for_content_type_id_b0fc87b2_fk_django_co; Type: FK CONSTRAINT; Schema: public; Owner: easydmp
--

ALTER TABLE ONLY public.wagtailcore_uploadedfile
    ADD CONSTRAINT wagtailcore_uploaded_for_content_type_id_b0fc87b2_fk_django_co FOREIGN KEY (for_content_type_id) REFERENCES public.django_content_type(id) DEFERRABLE INITIALLY DEFERRED;


--
-- Name: wagtailcore_uploadedfile wagtailcore_uploaded_uploaded_by_user_id_c7580fe8_fk_auth_user; Type: FK CONSTRAINT; Schema: public; Owner: easydmp
--

ALTER TABLE ONLY public.wagtailcore_uploadedfile
    ADD CONSTRAINT wagtailcore_uploaded_uploaded_by_user_id_c7580fe8_fk_auth_user FOREIGN KEY (uploaded_by_user_id) REFERENCES public.auth_user(id) DEFERRABLE INITIALLY DEFERRED;


--
-- Name: wagtailcore_workflowstate wagtailcore_workflow_base_content_type_id_a30dc576_fk_django_co; Type: FK CONSTRAINT; Schema: public; Owner: easydmp
--

ALTER TABLE ONLY public.wagtailcore_workflowstate
    ADD CONSTRAINT wagtailcore_workflow_base_content_type_id_a30dc576_fk_django_co FOREIGN KEY (base_content_type_id) REFERENCES public.django_content_type(id) DEFERRABLE INITIALLY DEFERRED;


--
-- Name: wagtailcore_workflowstate wagtailcore_workflow_content_type_id_2bb78ce1_fk_django_co; Type: FK CONSTRAINT; Schema: public; Owner: easydmp
--

ALTER TABLE ONLY public.wagtailcore_workflowstate
    ADD CONSTRAINT wagtailcore_workflow_content_type_id_2bb78ce1_fk_django_co FOREIGN KEY (content_type_id) REFERENCES public.django_content_type(id) DEFERRABLE INITIALLY DEFERRED;


--
-- Name: wagtailcore_workflowcontenttype wagtailcore_workflow_content_type_id_b261bb37_fk_django_co; Type: FK CONSTRAINT; Schema: public; Owner: easydmp
--

ALTER TABLE ONLY public.wagtailcore_workflowcontenttype
    ADD CONSTRAINT wagtailcore_workflow_content_type_id_b261bb37_fk_django_co FOREIGN KEY (content_type_id) REFERENCES public.django_content_type(id) DEFERRABLE INITIALLY DEFERRED;


--
-- Name: wagtailcore_workflowstate wagtailcore_workflow_current_task_state_i_3a1a0632_fk_wagtailco; Type: FK CONSTRAINT; Schema: public; Owner: easydmp
--

ALTER TABLE ONLY public.wagtailcore_workflowstate
    ADD CONSTRAINT wagtailcore_workflow_current_task_state_i_3a1a0632_fk_wagtailco FOREIGN KEY (current_task_state_id) REFERENCES public.wagtailcore_taskstate(id) DEFERRABLE INITIALLY DEFERRED;


--
-- Name: wagtailcore_workflowpage wagtailcore_workflow_page_id_81e7bab6_fk_wagtailco; Type: FK CONSTRAINT; Schema: public; Owner: easydmp
--

ALTER TABLE ONLY public.wagtailcore_workflowpage
    ADD CONSTRAINT wagtailcore_workflow_page_id_81e7bab6_fk_wagtailco FOREIGN KEY (page_id) REFERENCES public.wagtailcore_page(id) DEFERRABLE INITIALLY DEFERRED;


--
-- Name: wagtailcore_workflowstate wagtailcore_workflow_requested_by_id_4090bca3_fk_auth_user; Type: FK CONSTRAINT; Schema: public; Owner: easydmp
--

ALTER TABLE ONLY public.wagtailcore_workflowstate
    ADD CONSTRAINT wagtailcore_workflow_requested_by_id_4090bca3_fk_auth_user FOREIGN KEY (requested_by_id) REFERENCES public.auth_user(id) DEFERRABLE INITIALLY DEFERRED;


--
-- Name: wagtailcore_workflowtask wagtailcore_workflow_task_id_ce7716fe_fk_wagtailco; Type: FK CONSTRAINT; Schema: public; Owner: easydmp
--

ALTER TABLE ONLY public.wagtailcore_workflowtask
    ADD CONSTRAINT wagtailcore_workflow_task_id_ce7716fe_fk_wagtailco FOREIGN KEY (task_id) REFERENCES public.wagtailcore_task(id) DEFERRABLE INITIALLY DEFERRED;


--
-- Name: wagtailcore_workflowstate wagtailcore_workflow_workflow_id_1f18378f_fk_wagtailco; Type: FK CONSTRAINT; Schema: public; Owner: easydmp
--

ALTER TABLE ONLY public.wagtailcore_workflowstate
    ADD CONSTRAINT wagtailcore_workflow_workflow_id_1f18378f_fk_wagtailco FOREIGN KEY (workflow_id) REFERENCES public.wagtailcore_workflow(id) DEFERRABLE INITIALLY DEFERRED;


--
-- Name: wagtailcore_workflowpage wagtailcore_workflow_workflow_id_56f56ff6_fk_wagtailco; Type: FK CONSTRAINT; Schema: public; Owner: easydmp
--

ALTER TABLE ONLY public.wagtailcore_workflowpage
    ADD CONSTRAINT wagtailcore_workflow_workflow_id_56f56ff6_fk_wagtailco FOREIGN KEY (workflow_id) REFERENCES public.wagtailcore_workflow(id) DEFERRABLE INITIALLY DEFERRED;


--
-- Name: wagtailcore_workflowcontenttype wagtailcore_workflow_workflow_id_9aad7cd2_fk_wagtailco; Type: FK CONSTRAINT; Schema: public; Owner: easydmp
--

ALTER TABLE ONLY public.wagtailcore_workflowcontenttype
    ADD CONSTRAINT wagtailcore_workflow_workflow_id_9aad7cd2_fk_wagtailco FOREIGN KEY (workflow_id) REFERENCES public.wagtailcore_workflow(id) DEFERRABLE INITIALLY DEFERRED;


--
-- Name: wagtailcore_workflowtask wagtailcore_workflow_workflow_id_b9717175_fk_wagtailco; Type: FK CONSTRAINT; Schema: public; Owner: easydmp
--

ALTER TABLE ONLY public.wagtailcore_workflowtask
    ADD CONSTRAINT wagtailcore_workflow_workflow_id_b9717175_fk_wagtailco FOREIGN KEY (workflow_id) REFERENCES public.wagtailcore_workflow(id) DEFERRABLE INITIALLY DEFERRED;


--
-- Name: wagtaildocs_document wagtaildocs_document_collection_id_23881625_fk_wagtailco; Type: FK CONSTRAINT; Schema: public; Owner: easydmp
--

ALTER TABLE ONLY public.wagtaildocs_document
    ADD CONSTRAINT wagtaildocs_document_collection_id_23881625_fk_wagtailco FOREIGN KEY (collection_id) REFERENCES public.wagtailcore_collection(id) DEFERRABLE INITIALLY DEFERRED;


--
-- Name: wagtaildocs_document wagtaildocs_document_uploaded_by_user_id_17258b41_fk_auth_user; Type: FK CONSTRAINT; Schema: public; Owner: easydmp
--

ALTER TABLE ONLY public.wagtaildocs_document
    ADD CONSTRAINT wagtaildocs_document_uploaded_by_user_id_17258b41_fk_auth_user FOREIGN KEY (uploaded_by_user_id) REFERENCES public.auth_user(id) DEFERRABLE INITIALLY DEFERRED;


--
-- Name: wagtailforms_formsubmission wagtailforms_formsub_page_id_e48e93e7_fk_wagtailco; Type: FK CONSTRAINT; Schema: public; Owner: easydmp
--

ALTER TABLE ONLY public.wagtailforms_formsubmission
    ADD CONSTRAINT wagtailforms_formsub_page_id_e48e93e7_fk_wagtailco FOREIGN KEY (page_id) REFERENCES public.wagtailcore_page(id) DEFERRABLE INITIALLY DEFERRED;


--
-- Name: wagtailimages_image wagtailimages_image_collection_id_c2f8af7e_fk_wagtailco; Type: FK CONSTRAINT; Schema: public; Owner: easydmp
--

ALTER TABLE ONLY public.wagtailimages_image
    ADD CONSTRAINT wagtailimages_image_collection_id_c2f8af7e_fk_wagtailco FOREIGN KEY (collection_id) REFERENCES public.wagtailcore_collection(id) DEFERRABLE INITIALLY DEFERRED;


--
-- Name: wagtailimages_image wagtailimages_image_uploaded_by_user_id_5d73dc75_fk_auth_user; Type: FK CONSTRAINT; Schema: public; Owner: easydmp
--

ALTER TABLE ONLY public.wagtailimages_image
    ADD CONSTRAINT wagtailimages_image_uploaded_by_user_id_5d73dc75_fk_auth_user FOREIGN KEY (uploaded_by_user_id) REFERENCES public.auth_user(id) DEFERRABLE INITIALLY DEFERRED;


--
-- Name: wagtailimages_rendition wagtailimages_rendit_image_id_3e1fd774_fk_wagtailim; Type: FK CONSTRAINT; Schema: public; Owner: easydmp
--

ALTER TABLE ONLY public.wagtailimages_rendition
    ADD CONSTRAINT wagtailimages_rendit_image_id_3e1fd774_fk_wagtailim FOREIGN KEY (image_id) REFERENCES public.wagtailimages_image(id) DEFERRABLE INITIALLY DEFERRED;


--
-- Name: wagtailredirects_redirect wagtailredirects_red_redirect_page_id_b5728a8f_fk_wagtailco; Type: FK CONSTRAINT; Schema: public; Owner: easydmp
--

ALTER TABLE ONLY public.wagtailredirects_redirect
    ADD CONSTRAINT wagtailredirects_red_redirect_page_id_b5728a8f_fk_wagtailco FOREIGN KEY (redirect_page_id) REFERENCES public.wagtailcore_page(id) DEFERRABLE INITIALLY DEFERRED;


--
-- Name: wagtailredirects_redirect wagtailredirects_red_site_id_780a0e1e_fk_wagtailco; Type: FK CONSTRAINT; Schema: public; Owner: easydmp
--

ALTER TABLE ONLY public.wagtailredirects_redirect
    ADD CONSTRAINT wagtailredirects_red_site_id_780a0e1e_fk_wagtailco FOREIGN KEY (site_id) REFERENCES public.wagtailcore_site(id) DEFERRABLE INITIALLY DEFERRED;


--
-- Name: wagtailsearch_indexentry wagtailsearch_indexe_content_type_id_62ed694f_fk_django_co; Type: FK CONSTRAINT; Schema: public; Owner: easydmp
--

ALTER TABLE ONLY public.wagtailsearch_indexentry
    ADD CONSTRAINT wagtailsearch_indexe_content_type_id_62ed694f_fk_django_co FOREIGN KEY (content_type_id) REFERENCES public.django_content_type(id) DEFERRABLE INITIALLY DEFERRED;


--
-- Name: wagtailusers_userprofile wagtailusers_userprofile_user_id_59c92331_fk_auth_user_id; Type: FK CONSTRAINT; Schema: public; Owner: easydmp
--

ALTER TABLE ONLY public.wagtailusers_userprofile
    ADD CONSTRAINT wagtailusers_userprofile_user_id_59c92331_fk_auth_user_id FOREIGN KEY (user_id) REFERENCES public.auth_user(id) DEFERRABLE INITIALLY DEFERRED;


--
-- PostgreSQL database dump complete
--

