[{"model": "home.headersettings", "pk": 1, "fields": {"header_text": "", "prp_icon": 2}}, {"model": "home.footersettings", "pk": 1, "fields": {"footer_text": "<p data-block-key=\"aon2t\">This is a footer</p>", "github_url": "https://github.com/marcoprenassi/django_dev", "github_icon": 3}}, {"model": "home.homepage", "pk": 3, "fields": {"intro": "easyDMP - Home Page", "body": "<p data-block-key=\"h26tv\"></p><embed embedtype=\"image\" format=\"fullwidth\" id=\"1\" alt=\"AFM\"/><p data-block-key=\"93uh3\"></p>"}}, {"model": "home.homepage", "pk": 6, "fields": {"intro": "test", "body": "<h2 data-block-key=\"uuo13\">TEST</h2>"}}, {"model": "home.sampleentryform", "pk": 5, "fields": {"intro": "", "thankyou_page_title": "Thank you!"}}, {"model": "home.switchlabpage", "pk": 4, "fields": {"intro": ""}}, {"model": "home.dmppage", "pk": 7, "fields": {"intro": "<p data-block-key=\"oqhxx\">This page is the fixed data management plan of your laboratory</p>", "thankyou_page_title": "Thank you!"}}, {"model": "home.dmpsearchpage", "pk": 8, "fields": {"intro": "<p data-block-key=\"p7g3e\">Intro Text sample</p>"}}, {"model": "home.dmpviewpage", "pk": 9, "fields": {"intro": "<p data-block-key=\"ww4w1\">text intro</p>"}}, {"model": "wagtailredirects.redirect", "pk": 1, "fields": {"old_path": "/switch-lab", "site": 2, "is_permanent": true, "redirect_page": 4, "redirect_page_route_path": "", "redirect_link": "", "automatically_created": true, "created_at": "2024-07-15T13:08:29.579Z"}}, {"model": "wagtailimages.image", "pk": 1, "fields": {"collection": 1, "title": "AFM", "file": "original_images/AFM.png", "width": 462, "height": 400, "created_at": "2024-07-15T13:04:49.988Z", "uploaded_by_user": 1, "focal_point_x": null, "focal_point_y": null, "focal_point_width": null, "focal_point_height": null, "file_size": 278656, "file_hash": "72e823c380e6e14dbd72c378219531d044614396"}}, {"model": "wagtailimages.image", "pk": 2, "fields": {"collection": 1, "title": "PRPLogo_lowRes_inv", "file": "original_images/PRPLogo_lowRes_inv.png", "width": 718, "height": 312, "created_at": "2024-07-15T13:07:04.043Z", "uploaded_by_user": 1, "focal_point_x": null, "focal_point_y": null, "focal_point_width": null, "focal_point_height": null, "file_size": 84142, "file_hash": "eff99bd240743ee63a378f7400263532ea577a43"}}, {"model": "wagtailimages.image", "pk": 3, "fields": {"collection": 1, "title": "github-142-svgrepo-com.max-165x165", "file": "original_images/github-142-svgrepo-com.max-165x165.png", "width": 165, "height": 165, "created_at": "2024-07-15T13:23:13.447Z", "uploaded_by_user": 1, "focal_point_x": null, "focal_point_y": null, "focal_point_width": null, "focal_point_height": null, "file_size": 5809, "file_hash": "ca0c957416733f4d41b00194aa02845f44bb681a"}}, {"model": "wagtailimages.rendition", "pk": 1, "fields": {"filter_spec": "max-800x600", "file": "images/AFM.max-800x600.png", "width": 462, "height": 400, "focal_point_key": "", "image": 1}}, {"model": "wagtailimages.rendition", "pk": 2, "fields": {"filter_spec": "width-800", "file": "images/AFM.width-800.png", "width": 462, "height": 400, "focal_point_key": "", "image": 1}}, {"model": "wagtailimages.rendition", "pk": 3, "fields": {"filter_spec": "max-165x165", "file": "images/AFM.max-165x165.png", "width": 165, "height": 142, "focal_point_key": "", "image": 1}}, {"model": "wagtailimages.rendition", "pk": 4, "fields": {"filter_spec": "max-165x165", "file": "images/PRPLogo_lowRes_inv.max-165x165.png", "width": 165, "height": 71, "focal_point_key": "", "image": 2}}, {"model": "wagtailimages.rendition", "pk": 5, "fields": {"filter_spec": "fill-250x100", "file": "images/PRPLogo_lowRes_inv.2e16d0ba.fill-250x100.png", "width": 250, "height": 100, "focal_point_key": "2e16d0ba", "image": 2}}, {"model": "wagtailimages.rendition", "pk": 6, "fields": {"filter_spec": "max-165x165", "file": "images/github-142-svgrepo-com.max-165x165.max-165x165.png", "width": 165, "height": 165, "focal_point_key": "", "image": 3}}, {"model": "wagtailimages.rendition", "pk": 7, "fields": {"filter_spec": "fill-14x14", "file": "images/github-142-svgrepo-com.max-165x165.2e16d0ba.fill-14x14.png", "width": 14, "height": 14, "focal_point_key": "2e16d0ba", "image": 3}}, {"model": "wagtailsearch.indexentry", "pk": 1, "fields": {"content_type": 1, "object_id": "1", "title_norm": 1.3333333333333333, "autocomplete": "'root':1", "title": "'root':1B", "body": ""}}, {"model": "wagtailsearch.indexentry", "pk": 2, "fields": {"content_type": 2, "object_id": "1", "title_norm": 1.3333333333333333, "autocomplete": "'afm':1", "title": "'afm':1A", "body": ""}}, {"model": "wagtailsearch.indexentry", "pk": 4, "fields": {"content_type": 28, "object_id": "3", "title_norm": 0.6666666666666666, "autocomplete": "'home':1 'page':2", "title": "'home':1B 'page':2B", "body": ""}}, {"model": "wagtailsearch.indexentry", "pk": 11, "fields": {"content_type": 2, "object_id": "2", "title_norm": 0.5833333333333334, "autocomplete": "'inv':3 'lowres':2 'prplogo':1", "title": "'inv':3A 'lowr':2A 'prplogo':1A", "body": ""}}, {"model": "wagtailsearch.indexentry", "pk": 13, "fields": {"content_type": 30, "object_id": "4", "title_norm": 0.9166666666666666, "autocomplete": "'laboratory':2 'switch':1", "title": "'laboratori':2B 'switch':1B", "body": ""}}, {"model": "wagtailsearch.indexentry", "pk": 20, "fields": {"content_type": 29, "object_id": "5", "title_norm": 0.9166666666666666, "autocomplete": "'entry':2 'sample':1", "title": "'entri':2B 'sampl':1B", "body": ""}}, {"model": "wagtailsearch.indexentry", "pk": 29, "fields": {"content_type": 28, "object_id": "6", "title_norm": 0.5357142857142857, "autocomplete": "'di':3 'pagina':1 'pubblica':2 'test':4", "title": "'di':3B 'pagina':1B 'pubblica':2B 'test':4B", "body": ""}}, {"model": "wagtailsearch.indexentry", "pk": 34, "fields": {"content_type": 2, "object_id": "3", "title_norm": 0.75, "autocomplete": "'-165':2 'github-142-svgrepo-com.max':1 'x165':3", "title": "'-165':2A 'github-142-svgrepo-com.max':1A 'x165':3A", "body": ""}}, {"model": "wagtailsearch.indexentry", "pk": 36, "fields": {"content_type": 55, "object_id": "7", "title_norm": 0.5111111111111112, "autocomplete": "'core':2 'data':3 'laboratory':1 'management':4 'plan':5", "title": "'core':2B 'data':3B 'laboratori':1B 'manag':4B 'plan':5B", "body": ""}}, {"model": "wagtailsearch.indexentry", "pk": 43, "fields": {"content_type": 57, "object_id": "8", "title_norm": 1.25, "autocomplete": "'page':2 'search':1", "title": "'page':2B 'search':1B", "body": ""}}, {"model": "wagtailsearch.indexentry", "pk": 50, "fields": {"content_type": 58, "object_id": "9", "title_norm": 1.2272727272727273, "autocomplete": "'dmp':1 'view':2", "title": "'dmp':1B 'view':2B", "body": ""}}, {"model": "wagtailcore.locale", "pk": 1, "fields": {"language_code": "en"}}, {"model": "wagtailcore.site", "pk": 2, "fields": {"hostname": "localhost", "port": 8080, "site_name": "easydmp", "root_page": 3, "is_default_site": true}}, {"model": "wagtailcore.modellogentry", "pk": 1, "fields": {"content_type": 5, "label": "easydmp [default]", "action": "wagtail.create", "data": {}, "timestamp": "2024-07-15T13:06:17.270Z", "uuid": "8684b5c9-d7ef-4be0-9baa-3b383e86e0a8", "user": 1, "revision": null, "content_changed": true, "deleted": false, "object_id": "2"}}, {"model": "wagtailcore.modellogentry", "pk": 2, "fields": {"content_type": 32, "label": "header settings", "action": "wagtail.edit", "data": {}, "timestamp": "2024-07-15T13:07:08.001Z", "uuid": "4e70ed7a-ee84-4aa7-a8b6-b809b7891ca4", "user": 1, "revision": null, "content_changed": true, "deleted": false, "object_id": "1"}}, {"model": "wagtailcore.modellogentry", "pk": 3, "fields": {"content_type": 44, "label": "test_lage", "action": "wagtail.create", "data": {}, "timestamp": "2024-07-15T13:09:46.128Z", "uuid": "ae25171b-d3e1-46ca-92db-87166df91756", "user": 1, "revision": null, "content_changed": true, "deleted": false, "object_id": "2"}}, {"model": "wagtailcore.modellogentry", "pk": 4, "fields": {"content_type": 43, "label": "LAGE", "action": "wagtail.create", "data": {}, "timestamp": "2024-07-15T13:10:35.616Z", "uuid": "ba744f59-6f78-4f78-bf31-b7917a2bc7a0", "user": 1, "revision": null, "content_changed": true, "deleted": false, "object_id": "3"}}, {"model": "wagtailcore.modellogentry", "pk": 5, "fields": {"content_type": 43, "label": "LAME", "action": "wagtail.create", "data": {}, "timestamp": "2024-07-15T13:11:07.642Z", "uuid": "4d9a8b26-e9cd-4a5d-8d5c-b274b12d4009", "user": 1, "revision": null, "content_changed": true, "deleted": false, "object_id": "4"}}, {"model": "wagtailcore.modellogentry", "pk": 6, "fields": {"content_type": 44, "label": "admin", "action": "wagtail.edit", "data": {}, "timestamp": "2024-07-15T13:11:37.529Z", "uuid": "7074629e-2ef8-4605-b4de-67ad9c2270d5", "user": 1, "revision": null, "content_changed": true, "deleted": false, "object_id": "1"}}, {"model": "wagtailcore.modellogentry", "pk": 7, "fields": {"content_type": 44, "label": "admin", "action": "wagtail.edit", "data": {}, "timestamp": "2024-07-15T13:11:59.276Z", "uuid": "1376eecb-f9a5-4ca2-b1cc-f388d51e6b2d", "user": 1, "revision": null, "content_changed": false, "deleted": false, "object_id": "1"}}, {"model": "wagtailcore.modellogentry", "pk": 8, "fields": {"content_type": 44, "label": "test_lage", "action": "wagtail.edit", "data": {}, "timestamp": "2024-07-15T13:12:04.775Z", "uuid": "0de9ed1c-2569-4bcb-ba89-c5c1304cda63", "user": 1, "revision": null, "content_changed": true, "deleted": false, "object_id": "2"}}, {"model": "wagtailcore.modellogentry", "pk": 9, "fields": {"content_type": 31, "label": "footer settings", "action": "wagtail.edit", "data": {}, "timestamp": "2024-07-15T13:23:15.707Z", "uuid": "8a8a8321-6744-47c2-9664-422460043916", "user": 1, "revision": null, "content_changed": true, "deleted": false, "object_id": "1"}}, {"model": "wagtailcore.collection", "pk": 1, "fields": {"path": "0001", "depth": 1, "numchild": 0, "name": "Root"}}, {"model": "wagtailcore.groupcollectionpermission", "pk": 1, "fields": {"group": 1, "collection": 1, "permission": 1}}, {"model": "wagtailcore.groupcollectionpermission", "pk": 2, "fields": {"group": 2, "collection": 1, "permission": 1}}, {"model": "wagtailcore.groupcollectionpermission", "pk": 3, "fields": {"group": 1, "collection": 1, "permission": 2}}, {"model": "wagtailcore.groupcollectionpermission", "pk": 4, "fields": {"group": 2, "collection": 1, "permission": 2}}, {"model": "wagtailcore.groupcollectionpermission", "pk": 5, "fields": {"group": 1, "collection": 1, "permission": 106}}, {"model": "wagtailcore.groupcollectionpermission", "pk": 6, "fields": {"group": 2, "collection": 1, "permission": 106}}, {"model": "wagtailcore.groupcollectionpermission", "pk": 7, "fields": {"group": 1, "collection": 1, "permission": 107}}, {"model": "wagtailcore.groupcollectionpermission", "pk": 8, "fields": {"group": 2, "collection": 1, "permission": 107}}, {"model": "wagtailcore.groupcollectionpermission", "pk": 9, "fields": {"group": 1, "collection": 1, "permission": 109}}, {"model": "wagtailcore.groupcollectionpermission", "pk": 10, "fields": {"group": 2, "collection": 1, "permission": 109}}, {"model": "wagtailcore.referenceindex", "pk": 1, "fields": {"content_type": 2, "base_content_type": 2, "object_id": "1", "to_content_type": 8, "to_object_id": "1", "model_path": "collection", "content_path": "collection", "content_path_hash": "b40b1263-e929-57f2-a7f8-9dbce56b887b"}}, {"model": "wagtailcore.referenceindex", "pk": 2, "fields": {"content_type": 28, "base_content_type": 1, "object_id": "3", "to_content_type": 2, "to_object_id": "1", "model_path": "body.", "content_path": "body.", "content_path_hash": "4d332296-be98-5f77-a5ad-cbe1e1aacda5"}}, {"model": "wagtailcore.referenceindex", "pk": 3, "fields": {"content_type": 2, "base_content_type": 2, "object_id": "2", "to_content_type": 8, "to_object_id": "1", "model_path": "collection", "content_path": "collection", "content_path_hash": "b40b1263-e929-57f2-a7f8-9dbce56b887b"}}, {"model": "wagtailcore.referenceindex", "pk": 4, "fields": {"content_type": 2, "base_content_type": 2, "object_id": "3", "to_content_type": 8, "to_object_id": "1", "model_path": "collection", "content_path": "collection", "content_path_hash": "b40b1263-e929-57f2-a7f8-9dbce56b887b"}}, {"model": "wagtailcore.page", "pk": 1, "fields": {"path": "0001", "depth": 1, "numchild": 1, "translation_key": "c68dcccf-a5ca-4443-9533-cda24d72ecfb", "locale": 1, "latest_revision": null, "live": true, "has_unpublished_changes": false, "first_published_at": null, "last_published_at": null, "live_revision": null, "go_live_at": null, "expire_at": null, "expired": false, "locked": false, "locked_at": null, "locked_by": null, "title": "Root", "draft_title": "Root", "slug": "root", "content_type": 1, "url_path": "/", "owner": null, "seo_title": "", "show_in_menus": false, "search_description": "", "latest_revision_created_at": null, "alias_of": null}}, {"model": "wagtailcore.page", "pk": 3, "fields": {"path": "00010001", "depth": 2, "numchild": 6, "translation_key": "92cb4c9f-5884-4d44-849e-529631c84406", "locale": 1, "latest_revision": 3, "live": true, "has_unpublished_changes": false, "first_published_at": "2024-07-15T13:05:14.903Z", "last_published_at": "2024-07-15T13:05:48.909Z", "live_revision": 3, "go_live_at": null, "expire_at": null, "expired": false, "locked": false, "locked_at": null, "locked_by": null, "title": "Home Page", "draft_title": "Home Page", "slug": "easydmp-home", "content_type": 28, "url_path": "/easydmp-home/", "owner": 1, "seo_title": "", "show_in_menus": false, "search_description": "", "latest_revision_created_at": "2024-07-15T13:05:48.874Z", "alias_of": null}}, {"model": "wagtailcore.page", "pk": 4, "fields": {"path": "000100010001", "depth": 3, "numchild": 0, "translation_key": "7438160a-dbed-4f74-9210-63d322acdd3f", "locale": 1, "latest_revision": 8, "live": true, "has_unpublished_changes": false, "first_published_at": "2024-07-15T13:07:52.523Z", "last_published_at": "2024-07-15T13:12:39.386Z", "live_revision": 8, "go_live_at": null, "expire_at": null, "expired": false, "locked": false, "locked_at": null, "locked_by": null, "title": "Switch Laboratory", "draft_title": "Switch Laboratory", "slug": "switch-laboratory", "content_type": 30, "url_path": "/easydmp-home/switch-laboratory/", "owner": 1, "seo_title": "", "show_in_menus": false, "search_description": "", "latest_revision_created_at": "2024-07-15T13:12:39.345Z", "alias_of": null}}, {"model": "wagtailcore.page", "pk": 5, "fields": {"path": "000100010002", "depth": 3, "numchild": 0, "translation_key": "5cf1ac1f-f640-457e-9f4d-f03c92547b29", "locale": 1, "latest_revision": 10, "live": true, "has_unpublished_changes": false, "first_published_at": "2024-07-15T13:08:58.115Z", "last_published_at": "2024-07-15T13:14:04.752Z", "live_revision": 10, "go_live_at": null, "expire_at": null, "expired": false, "locked": false, "locked_at": null, "locked_by": null, "title": "Sample Entry", "draft_title": "Sample Entry", "slug": "sample-entry", "content_type": 29, "url_path": "/easydmp-home/sample-entry/", "owner": 1, "seo_title": "", "show_in_menus": true, "search_description": "", "latest_revision_created_at": "2024-07-15T13:14:04.709Z", "alias_of": null}}, {"model": "wagtailcore.page", "pk": 6, "fields": {"path": "000100010003", "depth": 3, "numchild": 0, "translation_key": "4b43cdf1-868e-4fd0-ba3f-ee199ea5690a", "locale": 1, "latest_revision": 12, "live": true, "has_unpublished_changes": false, "first_published_at": "2024-07-15T13:21:13.795Z", "last_published_at": "2024-07-15T13:21:13.795Z", "live_revision": 12, "go_live_at": null, "expire_at": null, "expired": false, "locked": false, "locked_at": null, "locked_by": null, "title": "Pagina pubblica di test", "draft_title": "Pagina pubblica di test", "slug": "public-page-test", "content_type": 28, "url_path": "/easydmp-home/public-page-test/", "owner": 1, "seo_title": "", "show_in_menus": true, "search_description": "", "latest_revision_created_at": "2024-07-15T13:21:13.768Z", "alias_of": null}}, {"model": "wagtailcore.page", "pk": 7, "fields": {"path": "000100010004", "depth": 3, "numchild": 0, "translation_key": "8dbd0b28-3c5e-42d4-a4e4-7b2f89595c42", "locale": 1, "latest_revision": 15, "live": true, "has_unpublished_changes": false, "first_published_at": "2024-07-17T11:36:43.079Z", "last_published_at": "2024-07-18T10:41:01.414Z", "live_revision": 15, "go_live_at": null, "expire_at": null, "expired": false, "locked": false, "locked_at": null, "locked_by": null, "title": "Laboratory Core Data Management Plan", "draft_title": "Laboratory Core Data Management Plan", "slug": "laboratory-data-management-plan", "content_type": 55, "url_path": "/easydmp-home/laboratory-data-management-plan/", "owner": 1, "seo_title": "", "show_in_menus": true, "search_description": "", "latest_revision_created_at": "2024-07-18T10:41:01.343Z", "alias_of": null}}, {"model": "wagtailcore.page", "pk": 8, "fields": {"path": "000100010005", "depth": 3, "numchild": 0, "translation_key": "547ca438-03ee-4ede-8da4-3f3699e23e21", "locale": 1, "latest_revision": 18, "live": true, "has_unpublished_changes": false, "first_published_at": "2024-07-18T14:25:02.349Z", "last_published_at": "2024-07-18T14:25:49.113Z", "live_revision": 18, "go_live_at": null, "expire_at": null, "expired": false, "locked": false, "locked_at": null, "locked_by": null, "title": "Search Page", "draft_title": "Search Page", "slug": "search-page", "content_type": 57, "url_path": "/easydmp-home/search-page/", "owner": 1, "seo_title": "", "show_in_menus": true, "search_description": "", "latest_revision_created_at": "2024-07-18T14:25:49.081Z", "alias_of": null}}, {"model": "wagtailcore.page", "pk": 9, "fields": {"path": "000100010006", "depth": 3, "numchild": 0, "translation_key": "869e6704-7128-4cbb-acfa-987d1c5fb83e", "locale": 1, "latest_revision": 19, "live": true, "has_unpublished_changes": false, "first_published_at": "2024-07-18T14:56:49.193Z", "last_published_at": "2024-07-18T14:56:49.193Z", "live_revision": 19, "go_live_at": null, "expire_at": null, "expired": false, "locked": false, "locked_at": null, "locked_by": null, "title": "DMP VIEW", "draft_title": "DMP VIEW", "slug": "dmp-view", "content_type": 58, "url_path": "/easydmp-home/dmp-view/", "owner": 1, "seo_title": "", "show_in_menus": false, "search_description": "", "latest_revision_created_at": "2024-07-18T14:56:49.169Z", "alias_of": null}}, {"model": "wagtailcore.revision", "pk": 1, "fields": {"content_type": 28, "base_content_type": 1, "object_id": "3", "created_at": "2024-07-15T13:05:14.877Z", "user": 1, "object_str": "Home Page", "content": {"pk": 3, "body": "<p data-block-key=\"h26tv\"></p><embed embedtype=\"image\" format=\"fullwidth\" id=\"1\" alt=\"AFM\"/><p data-block-key=\"93uh3\"></p>", "live": true, "path": "00010001", "slug": "easydmp-home", "depth": 2, "intro": "easyDMP - Home Page", "owner": 1, "title": "Home Page", "locale": 1, "locked": false, "expired": false, "alias_of": null, "numchild": 0, "url_path": "/easydmp-home/", "expire_at": null, "locked_at": null, "locked_by": null, "seo_title": "", "go_live_at": null, "draft_title": "Home Page", "content_type": 28, "live_revision": null, "show_in_menus": false, "latest_revision": null, "translation_key": "92cb4c9f-5884-4d44-849e-529631c84406", "last_published_at": null, "first_published_at": null, "search_description": "", "wagtail_admin_comments": [], "has_unpublished_changes": false, "latest_revision_created_at": null}, "approved_go_live_at": null}}, {"model": "wagtailcore.revision", "pk": 2, "fields": {"content_type": 28, "base_content_type": 1, "object_id": "3", "created_at": "2024-07-15T13:05:37.709Z", "user": 1, "object_str": "Home Page", "content": {"pk": 3, "body": "<p data-block-key=\"h26tv\"></p><embed embedtype=\"image\" format=\"fullwidth\" id=\"1\" alt=\"AFM\"/><p data-block-key=\"93uh3\"></p>", "live": true, "path": "00010001", "slug": "easydmp-home", "depth": 2, "intro": "easyDMP - Home Page", "owner": 1, "title": "Home Page", "locale": 1, "locked": false, "expired": false, "alias_of": null, "numchild": 0, "url_path": "/easydmp-home/", "expire_at": null, "locked_at": null, "locked_by": null, "seo_title": "", "go_live_at": null, "draft_title": "Home Page", "content_type": 28, "live_revision": 1, "show_in_menus": false, "latest_revision": 1, "translation_key": "92cb4c9f-5884-4d44-849e-529631c84406", "last_published_at": "2024-07-15T13:05:14.903Z", "first_published_at": "2024-07-15T13:05:14.903Z", "search_description": "", "wagtail_admin_comments": [], "has_unpublished_changes": false, "latest_revision_created_at": "2024-07-15T13:05:14.877Z"}, "approved_go_live_at": null}}, {"model": "wagtailcore.revision", "pk": 3, "fields": {"content_type": 28, "base_content_type": 1, "object_id": "3", "created_at": "2024-07-15T13:05:48.874Z", "user": 1, "object_str": "Home Page", "content": {"pk": 3, "body": "<p data-block-key=\"h26tv\"></p><embed embedtype=\"image\" format=\"fullwidth\" id=\"1\" alt=\"AFM\"/><p data-block-key=\"93uh3\"></p>", "live": true, "path": "00010001", "slug": "easydmp-home", "depth": 2, "intro": "easyDMP - Home Page", "owner": 1, "title": "Home Page", "locale": 1, "locked": false, "expired": false, "alias_of": null, "numchild": 0, "url_path": "/easydmp-home/", "expire_at": null, "locked_at": null, "locked_by": null, "seo_title": "", "go_live_at": null, "draft_title": "Home Page", "content_type": 28, "live_revision": 2, "show_in_menus": false, "latest_revision": 2, "translation_key": "92cb4c9f-5884-4d44-849e-529631c84406", "last_published_at": "2024-07-15T13:05:37.743Z", "first_published_at": "2024-07-15T13:05:14.903Z", "search_description": "", "wagtail_admin_comments": [], "has_unpublished_changes": false, "latest_revision_created_at": "2024-07-15T13:05:37.709Z"}, "approved_go_live_at": null}}, {"model": "wagtailcore.revision", "pk": 4, "fields": {"content_type": 30, "base_content_type": 1, "object_id": "4", "created_at": "2024-07-15T13:07:52.499Z", "user": 1, "object_str": "Switch Lab", "content": {"pk": 4, "live": true, "path": "000100010001", "slug": "switch-lab", "depth": 3, "intro": "", "owner": 1, "title": "Switch Lab", "locale": 1, "locked": false, "expired": false, "alias_of": null, "numchild": 0, "url_path": "/easydmp-home/switch-lab/", "expire_at": null, "locked_at": null, "locked_by": null, "seo_title": "", "go_live_at": null, "draft_title": "Switch Lab", "content_type": 30, "live_revision": null, "show_in_menus": false, "latest_revision": null, "translation_key": "7438160a-dbed-4f74-9210-63d322acdd3f", "last_published_at": null, "first_published_at": null, "search_description": "", "wagtail_admin_comments": [], "has_unpublished_changes": false, "latest_revision_created_at": null}, "approved_go_live_at": null}}, {"model": "wagtailcore.revision", "pk": 5, "fields": {"content_type": 30, "base_content_type": 1, "object_id": "4", "created_at": "2024-07-15T13:08:10.155Z", "user": 1, "object_str": "Switch Laboratory", "content": {"pk": 4, "live": true, "path": "000100010001", "slug": "switch-lab", "depth": 3, "intro": "", "owner": 1, "title": "Switch Laboratory", "locale": 1, "locked": false, "expired": false, "alias_of": null, "numchild": 0, "url_path": "/easydmp-home/switch-lab/", "expire_at": null, "locked_at": null, "locked_by": null, "seo_title": "", "go_live_at": null, "draft_title": "Switch Lab", "content_type": 30, "live_revision": 4, "show_in_menus": false, "latest_revision": 4, "translation_key": "7438160a-dbed-4f74-9210-63d322acdd3f", "last_published_at": "2024-07-15T13:07:52.523Z", "first_published_at": "2024-07-15T13:07:52.523Z", "search_description": "", "wagtail_admin_comments": [], "has_unpublished_changes": false, "latest_revision_created_at": "2024-07-15T13:07:52.499Z"}, "approved_go_live_at": null}}, {"model": "wagtailcore.revision", "pk": 6, "fields": {"content_type": 30, "base_content_type": 1, "object_id": "4", "created_at": "2024-07-15T13:08:29.482Z", "user": 1, "object_str": "Switch Laboratory", "content": {"pk": 4, "live": true, "path": "000100010001", "slug": "switch-laboratory", "depth": 3, "intro": "", "owner": 1, "title": "Switch Laboratory", "locale": 1, "locked": false, "expired": false, "alias_of": null, "numchild": 0, "url_path": "/easydmp-home/switch-lab/", "expire_at": null, "locked_at": null, "locked_by": null, "seo_title": "", "go_live_at": null, "draft_title": "Switch Laboratory", "content_type": 30, "live_revision": 5, "show_in_menus": false, "latest_revision": 5, "translation_key": "7438160a-dbed-4f74-9210-63d322acdd3f", "last_published_at": "2024-07-15T13:08:10.189Z", "first_published_at": "2024-07-15T13:07:52.523Z", "search_description": "", "wagtail_admin_comments": [], "has_unpublished_changes": false, "latest_revision_created_at": "2024-07-15T13:08:10.155Z"}, "approved_go_live_at": null}}, {"model": "wagtailcore.revision", "pk": 7, "fields": {"content_type": 29, "base_content_type": 1, "object_id": "5", "created_at": "2024-07-15T13:08:58.094Z", "user": 1, "object_str": "Sample Entry", "content": {"pk": 5, "live": true, "path": "000100010002", "slug": "sample-entry", "depth": 3, "intro": "", "owner": 1, "title": "Sample Entry", "locale": 1, "locked": false, "expired": false, "alias_of": null, "numchild": 0, "url_path": "/easydmp-home/sample-entry/", "expire_at": null, "locked_at": null, "locked_by": null, "seo_title": "", "go_live_at": null, "draft_title": "Sample Entry", "content_type": 29, "live_revision": null, "show_in_menus": false, "latest_revision": null, "translation_key": "5cf1ac1f-f640-457e-9f4d-f03c92547b29", "last_published_at": null, "first_published_at": null, "search_description": "", "thankyou_page_title": "Thank you!", "wagtail_admin_comments": [], "has_unpublished_changes": false, "latest_revision_created_at": null}, "approved_go_live_at": null}}, {"model": "wagtailcore.revision", "pk": 8, "fields": {"content_type": 30, "base_content_type": 1, "object_id": "4", "created_at": "2024-07-15T13:12:39.345Z", "user": 1, "object_str": "Switch Laboratory", "content": {"pk": 4, "live": true, "path": "000100010001", "slug": "switch-laboratory", "depth": 3, "intro": "", "owner": 1, "title": "Switch Laboratory", "locale": 1, "locked": false, "expired": false, "alias_of": null, "numchild": 0, "url_path": "/easydmp-home/switch-laboratory/", "expire_at": null, "locked_at": null, "locked_by": null, "seo_title": "", "go_live_at": null, "draft_title": "Switch Laboratory", "content_type": 30, "live_revision": 6, "show_in_menus": false, "latest_revision": 6, "translation_key": "7438160a-dbed-4f74-9210-63d322acdd3f", "last_published_at": "2024-07-15T13:08:29.531Z", "first_published_at": "2024-07-15T13:07:52.523Z", "search_description": "", "wagtail_admin_comments": [], "has_unpublished_changes": false, "latest_revision_created_at": "2024-07-15T13:08:29.482Z"}, "approved_go_live_at": null}}, {"model": "wagtailcore.revision", "pk": 9, "fields": {"content_type": 29, "base_content_type": 1, "object_id": "5", "created_at": "2024-07-15T13:12:49.737Z", "user": 1, "object_str": "Sample Entry", "content": {"pk": 5, "live": true, "path": "000100010002", "slug": "sample-entry", "depth": 3, "intro": "", "owner": 1, "title": "Sample Entry", "locale": 1, "locked": false, "expired": false, "alias_of": null, "numchild": 0, "url_path": "/easydmp-home/sample-entry/", "expire_at": null, "locked_at": null, "locked_by": null, "seo_title": "", "go_live_at": null, "draft_title": "Sample Entry", "content_type": 29, "live_revision": 7, "show_in_menus": false, "latest_revision": 7, "translation_key": "5cf1ac1f-f640-457e-9f4d-f03c92547b29", "last_published_at": "2024-07-15T13:08:58.115Z", "first_published_at": "2024-07-15T13:08:58.115Z", "search_description": "", "thankyou_page_title": "Thank you!", "wagtail_admin_comments": [], "has_unpublished_changes": false, "latest_revision_created_at": "2024-07-15T13:08:58.094Z"}, "approved_go_live_at": null}}, {"model": "wagtailcore.revision", "pk": 10, "fields": {"content_type": 29, "base_content_type": 1, "object_id": "5", "created_at": "2024-07-15T13:14:04.709Z", "user": 1, "object_str": "Sample Entry", "content": {"pk": 5, "live": true, "path": "000100010002", "slug": "sample-entry", "depth": 3, "intro": "", "owner": 1, "title": "Sample Entry", "locale": 1, "locked": false, "expired": false, "alias_of": null, "numchild": 0, "url_path": "/easydmp-home/sample-entry/", "expire_at": null, "locked_at": null, "locked_by": null, "seo_title": "", "go_live_at": null, "draft_title": "Sample Entry", "content_type": 29, "live_revision": 9, "show_in_menus": true, "latest_revision": 9, "translation_key": "5cf1ac1f-f640-457e-9f4d-f03c92547b29", "last_published_at": "2024-07-15T13:12:49.771Z", "first_published_at": "2024-07-15T13:08:58.115Z", "search_description": "", "thankyou_page_title": "Thank you!", "wagtail_admin_comments": [], "has_unpublished_changes": false, "latest_revision_created_at": "2024-07-15T13:12:49.737Z"}, "approved_go_live_at": null}}, {"model": "wagtailcore.revision", "pk": 11, "fields": {"content_type": 28, "base_content_type": 1, "object_id": "6", "created_at": "2024-07-15T13:20:46.204Z", "user": 1, "object_str": "Pagina pubblica di test", "content": {"pk": 6, "body": "<h2 data-block-key=\"uuo13\">TEST</h2>", "live": false, "path": "000100010003", "slug": "public-page-test", "depth": 3, "intro": "test", "owner": 1, "title": "Pagina pubblica di test", "locale": 1, "locked": false, "expired": false, "alias_of": null, "numchild": 0, "url_path": "/easydmp-home/public-page-test/", "expire_at": null, "locked_at": null, "locked_by": null, "seo_title": "", "go_live_at": null, "draft_title": "Pagina pubblica di test", "content_type": 28, "live_revision": null, "show_in_menus": true, "latest_revision": null, "translation_key": "4b43cdf1-868e-4fd0-ba3f-ee199ea5690a", "last_published_at": null, "first_published_at": null, "search_description": "", "wagtail_admin_comments": [], "has_unpublished_changes": false, "latest_revision_created_at": null}, "approved_go_live_at": null}}, {"model": "wagtailcore.revision", "pk": 12, "fields": {"content_type": 28, "base_content_type": 1, "object_id": "6", "created_at": "2024-07-15T13:21:13.768Z", "user": 1, "object_str": "Pagina pubblica di test", "content": {"pk": 6, "body": "<h2 data-block-key=\"uuo13\">TEST</h2>", "live": false, "path": "000100010003", "slug": "public-page-test", "depth": 3, "intro": "test", "owner": 1, "title": "Pagina pubblica di test", "locale": 1, "locked": false, "expired": false, "alias_of": null, "numchild": 0, "url_path": "/easydmp-home/public-page-test/", "expire_at": null, "locked_at": null, "locked_by": null, "seo_title": "", "go_live_at": null, "draft_title": "Pagina pubblica di test", "content_type": 28, "live_revision": null, "show_in_menus": true, "latest_revision": 11, "translation_key": "4b43cdf1-868e-4fd0-ba3f-ee199ea5690a", "last_published_at": null, "first_published_at": null, "search_description": "", "wagtail_admin_comments": [], "has_unpublished_changes": true, "latest_revision_created_at": "2024-07-15T13:20:46.204Z"}, "approved_go_live_at": null}}, {"model": "wagtailcore.revision", "pk": 13, "fields": {"content_type": 55, "base_content_type": 1, "object_id": "7", "created_at": "2024-07-17T11:36:43.057Z", "user": 1, "object_str": "Laboratory Data Management Plan", "content": {"pk": 7, "live": true, "path": "000100010004", "slug": "laboratory-data-management-plan", "depth": 3, "intro": "<p data-block-key=\"oqhxx\">This page is the fixed data management plan of your laboratory</p>", "owner": 1, "title": "Laboratory Data Management Plan", "locale": 1, "locked": false, "expired": false, "alias_of": null, "numchild": 0, "url_path": "/easydmp-home/laboratory-data-management-plan/", "expire_at": null, "locked_at": null, "locked_by": null, "seo_title": "", "go_live_at": null, "draft_title": "Laboratory Data Management Plan", "content_type": 55, "live_revision": null, "show_in_menus": true, "latest_revision": null, "translation_key": "8dbd0b28-3c5e-42d4-a4e4-7b2f89595c42", "last_published_at": null, "first_published_at": null, "search_description": "", "thankyou_page_title": "Thank you!", "wagtail_admin_comments": [], "has_unpublished_changes": false, "latest_revision_created_at": null}, "approved_go_live_at": null}}, {"model": "wagtailcore.revision", "pk": 14, "fields": {"content_type": 55, "base_content_type": 1, "object_id": "7", "created_at": "2024-07-17T11:36:58.175Z", "user": 1, "object_str": "Laboratory Data Management Plan", "content": {"pk": 7, "live": true, "path": "000100010004", "slug": "laboratory-data-management-plan", "depth": 3, "intro": "<p data-block-key=\"oqhxx\">This page is the fixed data management plan of your laboratory</p>", "owner": 1, "title": "Laboratory Data Management Plan", "locale": 1, "locked": false, "expired": false, "alias_of": null, "numchild": 0, "url_path": "/easydmp-home/laboratory-data-management-plan/", "expire_at": null, "locked_at": null, "locked_by": null, "seo_title": "", "go_live_at": null, "draft_title": "Laboratory Data Management Plan", "content_type": 55, "live_revision": 13, "show_in_menus": true, "latest_revision": 13, "translation_key": "8dbd0b28-3c5e-42d4-a4e4-7b2f89595c42", "last_published_at": "2024-07-17T11:36:43.079Z", "first_published_at": "2024-07-17T11:36:43.079Z", "search_description": "", "thankyou_page_title": "Thank you!", "wagtail_admin_comments": [], "has_unpublished_changes": false, "latest_revision_created_at": "2024-07-17T11:36:43.057Z"}, "approved_go_live_at": null}}, {"model": "wagtailcore.revision", "pk": 15, "fields": {"content_type": 55, "base_content_type": 1, "object_id": "7", "created_at": "2024-07-18T10:41:01.343Z", "user": 1, "object_str": "Laboratory Core Data Management Plan", "content": {"pk": 7, "live": true, "path": "000100010004", "slug": "laboratory-data-management-plan", "depth": 3, "intro": "<p data-block-key=\"oqhxx\">This page is the fixed data management plan of your laboratory</p>", "owner": 1, "title": "Laboratory Core Data Management Plan", "locale": 1, "locked": false, "expired": false, "alias_of": null, "numchild": 0, "url_path": "/easydmp-home/laboratory-data-management-plan/", "expire_at": null, "locked_at": null, "locked_by": null, "seo_title": "", "go_live_at": null, "draft_title": "Laboratory Data Management Plan", "content_type": 55, "live_revision": 14, "show_in_menus": true, "latest_revision": 14, "translation_key": "8dbd0b28-3c5e-42d4-a4e4-7b2f89595c42", "last_published_at": "2024-07-17T11:36:58.210Z", "first_published_at": "2024-07-17T11:36:43.079Z", "search_description": "", "thankyou_page_title": "Thank you!", "wagtail_admin_comments": [], "has_unpublished_changes": false, "latest_revision_created_at": "2024-07-17T11:36:58.175Z"}, "approved_go_live_at": null}}, {"model": "wagtailcore.revision", "pk": 16, "fields": {"content_type": 57, "base_content_type": 1, "object_id": "8", "created_at": "2024-07-18T14:25:02.323Z", "user": 1, "object_str": "Search Page", "content": {"pk": 8, "live": true, "path": "000100010005", "slug": "search-page", "depth": 3, "intro": "<p data-block-key=\"p7g3e\">Intro Text sample</p>", "owner": 1, "title": "Search Page", "locale": 1, "locked": false, "expired": false, "alias_of": null, "numchild": 0, "url_path": "/easydmp-home/search-page/", "expire_at": null, "locked_at": null, "locked_by": null, "seo_title": "", "go_live_at": null, "draft_title": "Search Page", "content_type": 57, "live_revision": null, "show_in_menus": false, "latest_revision": null, "translation_key": "547ca438-03ee-4ede-8da4-3f3699e23e21", "last_published_at": null, "first_published_at": null, "search_description": "", "wagtail_admin_comments": [], "has_unpublished_changes": false, "latest_revision_created_at": null}, "approved_go_live_at": null}}, {"model": "wagtailcore.revision", "pk": 17, "fields": {"content_type": 57, "base_content_type": 1, "object_id": "8", "created_at": "2024-07-18T14:25:20.717Z", "user": 1, "object_str": "Search Page", "content": {"pk": 8, "live": true, "path": "000100010005", "slug": "search-page", "depth": 3, "intro": "<p data-block-key=\"p7g3e\">Intro Text sample</p>", "owner": 1, "title": "Search Page", "locale": 1, "locked": false, "expired": false, "alias_of": null, "numchild": 0, "url_path": "/easydmp-home/search-page/", "expire_at": null, "locked_at": null, "locked_by": null, "seo_title": "", "go_live_at": null, "draft_title": "Search Page", "content_type": 57, "live_revision": 16, "show_in_menus": false, "latest_revision": 16, "translation_key": "547ca438-03ee-4ede-8da4-3f3699e23e21", "last_published_at": "2024-07-18T14:25:02.349Z", "first_published_at": "2024-07-18T14:25:02.349Z", "search_description": "", "wagtail_admin_comments": [], "has_unpublished_changes": false, "latest_revision_created_at": "2024-07-18T14:25:02.323Z"}, "approved_go_live_at": null}}, {"model": "wagtailcore.revision", "pk": 18, "fields": {"content_type": 57, "base_content_type": 1, "object_id": "8", "created_at": "2024-07-18T14:25:49.081Z", "user": 1, "object_str": "Search Page", "content": {"pk": 8, "live": true, "path": "000100010005", "slug": "search-page", "depth": 3, "intro": "<p data-block-key=\"p7g3e\">Intro Text sample</p>", "owner": 1, "title": "Search Page", "locale": 1, "locked": false, "expired": false, "alias_of": null, "numchild": 0, "url_path": "/easydmp-home/search-page/", "expire_at": null, "locked_at": null, "locked_by": null, "seo_title": "", "go_live_at": null, "draft_title": "Search Page", "content_type": 57, "live_revision": 17, "show_in_menus": true, "latest_revision": 17, "translation_key": "547ca438-03ee-4ede-8da4-3f3699e23e21", "last_published_at": "2024-07-18T14:25:20.759Z", "first_published_at": "2024-07-18T14:25:02.349Z", "search_description": "", "wagtail_admin_comments": [], "has_unpublished_changes": false, "latest_revision_created_at": "2024-07-18T14:25:20.717Z"}, "approved_go_live_at": null}}, {"model": "wagtailcore.revision", "pk": 19, "fields": {"content_type": 58, "base_content_type": 1, "object_id": "9", "created_at": "2024-07-18T14:56:49.169Z", "user": 1, "object_str": "DMP VIEW", "content": {"pk": 9, "live": true, "path": "000100010006", "slug": "dmp-view", "depth": 3, "intro": "<p data-block-key=\"ww4w1\">text intro</p>", "owner": 1, "title": "DMP VIEW", "locale": 1, "locked": false, "expired": false, "alias_of": null, "numchild": 0, "url_path": "/easydmp-home/dmp-view/", "expire_at": null, "locked_at": null, "locked_by": null, "seo_title": "", "go_live_at": null, "draft_title": "DMP VIEW", "content_type": 58, "live_revision": null, "show_in_menus": false, "latest_revision": null, "translation_key": "869e6704-7128-4cbb-acfa-987d1c5fb83e", "last_published_at": null, "first_published_at": null, "search_description": "", "wagtail_admin_comments": [], "has_unpublished_changes": false, "latest_revision_created_at": null}, "approved_go_live_at": null}}, {"model": "wagtailcore.grouppagepermission", "pk": 1, "fields": {"group": 1, "page": 1, "permission": 37}}, {"model": "wagtailcore.grouppagepermission", "pk": 2, "fields": {"group": 1, "page": 1, "permission": 38}}, {"model": "wagtailcore.grouppagepermission", "pk": 3, "fields": {"group": 1, "page": 1, "permission": 43}}, {"model": "wagtailcore.grouppagepermission", "pk": 4, "fields": {"group": 2, "page": 1, "permission": 37}}, {"model": "wagtailcore.grouppagepermission", "pk": 5, "fields": {"group": 2, "page": 1, "permission": 38}}, {"model": "wagtailcore.grouppagepermission", "pk": 6, "fields": {"group": 1, "page": 1, "permission": 42}}, {"model": "wagtailcore.grouppagepermission", "pk": 7, "fields": {"group": 1, "page": 1, "permission": 44}}, {"model": "wagtailcore.pageviewrestriction", "pk": 1, "fields": {"restriction_type": "login", "password": "", "page": 4, "groups": []}}, {"model": "wagtailcore.pageviewrestriction", "pk": 2, "fields": {"restriction_type": "login", "password": "", "page": 5, "groups": []}}, {"model": "wagtailcore.pageviewrestriction", "pk": 3, "fields": {"restriction_type": "login", "password": "", "page": 7, "groups": []}}, {"model": "wagtailcore.pageviewrestriction", "pk": 4, "fields": {"restriction_type": "login", "password": "", "page": 8, "groups": []}}, {"model": "wagtailcore.workflowpage", "pk": 1, "fields": {"workflow": 1}}, {"model": "wagtailcore.workflowtask", "pk": 1, "fields": {"sort_order": 0, "workflow": 1, "task": 1}}, {"model": "wagtailcore.task", "pk": 1, "fields": {"name": "Moderators approval", "content_type": 3, "active": true}}, {"model": "wagtailcore.workflow", "pk": 1, "fields": {"name": "Moderators approval", "active": true}}, {"model": "wagtailcore.groupapprovaltask", "pk": 1, "fields": {"groups": [1]}}, {"model": "wagtailcore.pagelogentry", "pk": 1, "fields": {"content_type": 1, "label": "Welcome to your new Wagtail site!", "action": "wagtail.delete", "data": {}, "timestamp": "2024-07-15T13:04:09.808Z", "uuid": "6118a29f-f6d2-46e3-acb6-de419f58be3a", "user": 1, "revision": null, "content_changed": false, "deleted": true, "page": 2}}, {"model": "wagtailcore.pagelogentry", "pk": 2, "fields": {"content_type": 28, "label": "Home Page", "action": "wagtail.create", "data": {}, "timestamp": "2024-07-15T13:05:14.864Z", "uuid": "5eaea4ad-bef1-4397-8671-e8dc829a5764", "user": 1, "revision": null, "content_changed": true, "deleted": false, "page": 3}}, {"model": "wagtailcore.pagelogentry", "pk": 3, "fields": {"content_type": 28, "label": "Home Page", "action": "wagtail.edit", "data": {}, "timestamp": "2024-07-15T13:05:14.891Z", "uuid": "5eaea4ad-bef1-4397-8671-e8dc829a5764", "user": 1, "revision": 1, "content_changed": true, "deleted": false, "page": 3}}, {"model": "wagtailcore.pagelogentry", "pk": 4, "fields": {"content_type": 28, "label": "Home Page", "action": "wagtail.publish", "data": {}, "timestamp": "2024-07-15T13:05:14.942Z", "uuid": "5eaea4ad-bef1-4397-8671-e8dc829a5764", "user": 1, "revision": 1, "content_changed": true, "deleted": false, "page": 3}}, {"model": "wagtailcore.pagelogentry", "pk": 5, "fields": {"content_type": 28, "label": "Home Page", "action": "wagtail.edit", "data": {}, "timestamp": "2024-07-15T13:05:37.729Z", "uuid": "32ca5811-b498-4553-829c-81e77af58bc6", "user": 1, "revision": 2, "content_changed": true, "deleted": false, "page": 3}}, {"model": "wagtailcore.pagelogentry", "pk": 6, "fields": {"content_type": 28, "label": "Home Page", "action": "wagtail.publish", "data": {}, "timestamp": "2024-07-15T13:05:37.801Z", "uuid": "32ca5811-b498-4553-829c-81e77af58bc6", "user": 1, "revision": 2, "content_changed": false, "deleted": false, "page": 3}}, {"model": "wagtailcore.pagelogentry", "pk": 7, "fields": {"content_type": 28, "label": "Home Page", "action": "wagtail.edit", "data": {}, "timestamp": "2024-07-15T13:05:48.894Z", "uuid": "310c61c7-e2a8-4dd4-a110-a181831da450", "user": 1, "revision": 3, "content_changed": true, "deleted": false, "page": 3}}, {"model": "wagtailcore.pagelogentry", "pk": 8, "fields": {"content_type": 28, "label": "Home Page", "action": "wagtail.publish", "data": {}, "timestamp": "2024-07-15T13:05:48.944Z", "uuid": "310c61c7-e2a8-4dd4-a110-a181831da450", "user": 1, "revision": 3, "content_changed": false, "deleted": false, "page": 3}}, {"model": "wagtailcore.pagelogentry", "pk": 9, "fields": {"content_type": 30, "label": "Switch Lab", "action": "wagtail.create", "data": {}, "timestamp": "2024-07-15T13:07:52.483Z", "uuid": "9bd27755-900b-474a-87d3-d2b009529cc8", "user": 1, "revision": null, "content_changed": true, "deleted": false, "page": 4}}, {"model": "wagtailcore.pagelogentry", "pk": 10, "fields": {"content_type": 30, "label": "Switch Lab", "action": "wagtail.edit", "data": {}, "timestamp": "2024-07-15T13:07:52.513Z", "uuid": "9bd27755-900b-474a-87d3-d2b009529cc8", "user": 1, "revision": 4, "content_changed": true, "deleted": false, "page": 4}}, {"model": "wagtailcore.pagelogentry", "pk": 11, "fields": {"content_type": 30, "label": "Switch Lab", "action": "wagtail.publish", "data": {}, "timestamp": "2024-07-15T13:07:52.558Z", "uuid": "9bd27755-900b-474a-87d3-d2b009529cc8", "user": 1, "revision": 4, "content_changed": true, "deleted": false, "page": 4}}, {"model": "wagtailcore.pagelogentry", "pk": 12, "fields": {"content_type": 30, "label": "Switch Lab", "action": "wagtail.edit", "data": {}, "timestamp": "2024-07-15T13:08:10.176Z", "uuid": "7838949d-3f78-4ec8-9b28-cdeb9f2db3ad", "user": 1, "revision": 5, "content_changed": true, "deleted": false, "page": 4}}, {"model": "wagtailcore.pagelogentry", "pk": 13, "fields": {"content_type": 30, "label": "Switch Laboratory", "action": "wagtail.rename", "data": {"title": {"new": "Switch Laboratory", "old": "Switch Lab"}}, "timestamp": "2024-07-15T13:08:10.221Z", "uuid": "7838949d-3f78-4ec8-9b28-cdeb9f2db3ad", "user": 1, "revision": 5, "content_changed": false, "deleted": false, "page": 4}}, {"model": "wagtailcore.pagelogentry", "pk": 14, "fields": {"content_type": 30, "label": "Switch Laboratory", "action": "wagtail.publish", "data": {"title": {"new": "Switch Laboratory", "old": "Switch Lab"}}, "timestamp": "2024-07-15T13:08:10.225Z", "uuid": "7838949d-3f78-4ec8-9b28-cdeb9f2db3ad", "user": 1, "revision": 5, "content_changed": true, "deleted": false, "page": 4}}, {"model": "wagtailcore.pagelogentry", "pk": 15, "fields": {"content_type": 30, "label": "Switch Laboratory", "action": "wagtail.edit", "data": {}, "timestamp": "2024-07-15T13:08:29.517Z", "uuid": "7ce29405-1c8a-4f34-bf53-2f6742783a37", "user": 1, "revision": 6, "content_changed": true, "deleted": false, "page": 4}}, {"model": "wagtailcore.pagelogentry", "pk": 16, "fields": {"content_type": 30, "label": "Switch Laboratory", "action": "wagtail.publish", "data": {}, "timestamp": "2024-07-15T13:08:29.587Z", "uuid": "7ce29405-1c8a-4f34-bf53-2f6742783a37", "user": 1, "revision": 6, "content_changed": true, "deleted": false, "page": 4}}, {"model": "wagtailcore.pagelogentry", "pk": 17, "fields": {"content_type": 29, "label": "Sample Entry", "action": "wagtail.create", "data": {}, "timestamp": "2024-07-15T13:08:58.084Z", "uuid": "ffbc4081-d339-4ce6-ba0b-0d37a1878759", "user": 1, "revision": null, "content_changed": true, "deleted": false, "page": 5}}, {"model": "wagtailcore.pagelogentry", "pk": 18, "fields": {"content_type": 29, "label": "Sample Entry", "action": "wagtail.edit", "data": {}, "timestamp": "2024-07-15T13:08:58.106Z", "uuid": "ffbc4081-d339-4ce6-ba0b-0d37a1878759", "user": 1, "revision": 7, "content_changed": true, "deleted": false, "page": 5}}, {"model": "wagtailcore.pagelogentry", "pk": 19, "fields": {"content_type": 29, "label": "Sample Entry", "action": "wagtail.publish", "data": {}, "timestamp": "2024-07-15T13:08:58.144Z", "uuid": "ffbc4081-d339-4ce6-ba0b-0d37a1878759", "user": 1, "revision": 7, "content_changed": true, "deleted": false, "page": 5}}, {"model": "wagtailcore.pagelogentry", "pk": 20, "fields": {"content_type": 30, "label": "Switch Laboratory", "action": "wagtail.view_restriction.create", "data": {"restriction": {"type": "login", "title": "Private, accessible to any logged-in users"}}, "timestamp": "2024-07-15T13:12:35.529Z", "uuid": "a5cc7c05-805e-4595-b6b6-eded4e870250", "user": 1, "revision": null, "content_changed": false, "deleted": false, "page": 4}}, {"model": "wagtailcore.pagelogentry", "pk": 21, "fields": {"content_type": 30, "label": "Switch Laboratory", "action": "wagtail.edit", "data": {}, "timestamp": "2024-07-15T13:12:39.369Z", "uuid": "95b8b8ea-88a1-46ce-9609-aa77cb15d7cd", "user": 1, "revision": 8, "content_changed": true, "deleted": false, "page": 4}}, {"model": "wagtailcore.pagelogentry", "pk": 22, "fields": {"content_type": 30, "label": "Switch Laboratory", "action": "wagtail.publish", "data": {}, "timestamp": "2024-07-15T13:12:39.422Z", "uuid": "95b8b8ea-88a1-46ce-9609-aa77cb15d7cd", "user": 1, "revision": 8, "content_changed": false, "deleted": false, "page": 4}}, {"model": "wagtailcore.pagelogentry", "pk": 23, "fields": {"content_type": 29, "label": "Sample Entry", "action": "wagtail.view_restriction.create", "data": {"restriction": {"type": "login", "title": "Private, accessible to any logged-in users"}}, "timestamp": "2024-07-15T13:12:47.263Z", "uuid": "438a78a0-d9e0-4785-bed2-6ef244d29883", "user": 1, "revision": null, "content_changed": false, "deleted": false, "page": 5}}, {"model": "wagtailcore.pagelogentry", "pk": 24, "fields": {"content_type": 29, "label": "Sample Entry", "action": "wagtail.edit", "data": {}, "timestamp": "2024-07-15T13:12:49.756Z", "uuid": "e1d2f8bd-de47-4ab2-9839-963ee5eddfe1", "user": 1, "revision": 9, "content_changed": true, "deleted": false, "page": 5}}, {"model": "wagtailcore.pagelogentry", "pk": 25, "fields": {"content_type": 29, "label": "Sample Entry", "action": "wagtail.publish", "data": {}, "timestamp": "2024-07-15T13:12:49.804Z", "uuid": "e1d2f8bd-de47-4ab2-9839-963ee5eddfe1", "user": 1, "revision": 9, "content_changed": false, "deleted": false, "page": 5}}, {"model": "wagtailcore.pagelogentry", "pk": 26, "fields": {"content_type": 29, "label": "Sample Entry", "action": "wagtail.edit", "data": {}, "timestamp": "2024-07-15T13:14:04.732Z", "uuid": "11da99c6-e539-467b-8239-c6568a720618", "user": 1, "revision": 10, "content_changed": true, "deleted": false, "page": 5}}, {"model": "wagtailcore.pagelogentry", "pk": 27, "fields": {"content_type": 29, "label": "Sample Entry", "action": "wagtail.publish", "data": {}, "timestamp": "2024-07-15T13:14:04.787Z", "uuid": "11da99c6-e539-467b-8239-c6568a720618", "user": 1, "revision": 10, "content_changed": true, "deleted": false, "page": 5}}, {"model": "wagtailcore.pagelogentry", "pk": 28, "fields": {"content_type": 28, "label": "Pagina pubblica di test", "action": "wagtail.create", "data": {}, "timestamp": "2024-07-15T13:20:46.184Z", "uuid": "26fd4980-efbe-4312-b80f-97e108fe99a8", "user": 1, "revision": null, "content_changed": true, "deleted": false, "page": 6}}, {"model": "wagtailcore.pagelogentry", "pk": 29, "fields": {"content_type": 28, "label": "Pagina pubblica di test", "action": "wagtail.edit", "data": {}, "timestamp": "2024-07-15T13:20:46.220Z", "uuid": "26fd4980-efbe-4312-b80f-97e108fe99a8", "user": 1, "revision": 11, "content_changed": true, "deleted": false, "page": 6}}, {"model": "wagtailcore.pagelogentry", "pk": 30, "fields": {"content_type": 28, "label": "Pagina pubblica di test", "action": "wagtail.edit", "data": {}, "timestamp": "2024-07-15T13:21:13.785Z", "uuid": "e84965a7-c1fc-46b4-af85-8edf57c8b945", "user": 1, "revision": 12, "content_changed": true, "deleted": false, "page": 6}}, {"model": "wagtailcore.pagelogentry", "pk": 31, "fields": {"content_type": 28, "label": "Pagina pubblica di test", "action": "wagtail.publish", "data": {}, "timestamp": "2024-07-15T13:21:13.824Z", "uuid": "e84965a7-c1fc-46b4-af85-8edf57c8b945", "user": 1, "revision": 12, "content_changed": false, "deleted": false, "page": 6}}, {"model": "wagtailcore.pagelogentry", "pk": 32, "fields": {"content_type": 55, "label": "Laboratory Data Management Plan", "action": "wagtail.create", "data": {}, "timestamp": "2024-07-17T11:36:43.044Z", "uuid": "06691b6b-9573-4301-a3df-32c8cb0a49f5", "user": 1, "revision": null, "content_changed": true, "deleted": false, "page": 7}}, {"model": "wagtailcore.pagelogentry", "pk": 33, "fields": {"content_type": 55, "label": "Laboratory Data Management Plan", "action": "wagtail.edit", "data": {}, "timestamp": "2024-07-17T11:36:43.069Z", "uuid": "06691b6b-9573-4301-a3df-32c8cb0a49f5", "user": 1, "revision": 13, "content_changed": true, "deleted": false, "page": 7}}, {"model": "wagtailcore.pagelogentry", "pk": 34, "fields": {"content_type": 55, "label": "Laboratory Data Management Plan", "action": "wagtail.publish", "data": {}, "timestamp": "2024-07-17T11:36:43.112Z", "uuid": "06691b6b-9573-4301-a3df-32c8cb0a49f5", "user": 1, "revision": 13, "content_changed": true, "deleted": false, "page": 7}}, {"model": "wagtailcore.pagelogentry", "pk": 35, "fields": {"content_type": 55, "label": "Laboratory Data Management Plan", "action": "wagtail.view_restriction.create", "data": {"restriction": {"type": "login", "title": "Private, accessible to any logged-in users"}}, "timestamp": "2024-07-17T11:36:55.511Z", "uuid": "78a234a1-8dc0-4897-87b0-3a703af9942a", "user": 1, "revision": null, "content_changed": false, "deleted": false, "page": 7}}, {"model": "wagtailcore.pagelogentry", "pk": 36, "fields": {"content_type": 55, "label": "Laboratory Data Management Plan", "action": "wagtail.edit", "data": {}, "timestamp": "2024-07-17T11:36:58.196Z", "uuid": "d7496518-924c-417f-9ef3-4c5bd5d40796", "user": 1, "revision": 14, "content_changed": true, "deleted": false, "page": 7}}, {"model": "wagtailcore.pagelogentry", "pk": 37, "fields": {"content_type": 55, "label": "Laboratory Data Management Plan", "action": "wagtail.publish", "data": {}, "timestamp": "2024-07-17T11:36:58.240Z", "uuid": "d7496518-924c-417f-9ef3-4c5bd5d40796", "user": 1, "revision": 14, "content_changed": false, "deleted": false, "page": 7}}, {"model": "wagtailcore.pagelogentry", "pk": 38, "fields": {"content_type": 55, "label": "Laboratory Data Management Plan", "action": "wagtail.edit", "data": {}, "timestamp": "2024-07-18T10:41:01.396Z", "uuid": "1a42bdc2-4fd6-4f8a-b006-170233b585ed", "user": 1, "revision": 15, "content_changed": true, "deleted": false, "page": 7}}, {"model": "wagtailcore.pagelogentry", "pk": 39, "fields": {"content_type": 55, "label": "Laboratory Core Data Management Plan", "action": "wagtail.rename", "data": {"title": {"new": "Laboratory Core Data Management Plan", "old": "Laboratory Data Management Plan"}}, "timestamp": "2024-07-18T10:41:01.451Z", "uuid": "1a42bdc2-4fd6-4f8a-b006-170233b585ed", "user": 1, "revision": 15, "content_changed": false, "deleted": false, "page": 7}}, {"model": "wagtailcore.pagelogentry", "pk": 40, "fields": {"content_type": 55, "label": "Laboratory Core Data Management Plan", "action": "wagtail.publish", "data": {"title": {"new": "Laboratory Core Data Management Plan", "old": "Laboratory Data Management Plan"}}, "timestamp": "2024-07-18T10:41:01.455Z", "uuid": "1a42bdc2-4fd6-4f8a-b006-170233b585ed", "user": 1, "revision": 15, "content_changed": true, "deleted": false, "page": 7}}, {"model": "wagtailcore.pagelogentry", "pk": 41, "fields": {"content_type": 57, "label": "Search Page", "action": "wagtail.create", "data": {}, "timestamp": "2024-07-18T14:25:02.300Z", "uuid": "ef2771aa-5649-4e18-a01f-938fbe19f614", "user": 1, "revision": null, "content_changed": true, "deleted": false, "page": 8}}, {"model": "wagtailcore.pagelogentry", "pk": 42, "fields": {"content_type": 57, "label": "Search Page", "action": "wagtail.edit", "data": {}, "timestamp": "2024-07-18T14:25:02.337Z", "uuid": "ef2771aa-5649-4e18-a01f-938fbe19f614", "user": 1, "revision": 16, "content_changed": true, "deleted": false, "page": 8}}, {"model": "wagtailcore.pagelogentry", "pk": 43, "fields": {"content_type": 57, "label": "Search Page", "action": "wagtail.publish", "data": {}, "timestamp": "2024-07-18T14:25:02.380Z", "uuid": "ef2771aa-5649-4e18-a01f-938fbe19f614", "user": 1, "revision": 16, "content_changed": true, "deleted": false, "page": 8}}, {"model": "wagtailcore.pagelogentry", "pk": 44, "fields": {"content_type": 57, "label": "Search Page", "action": "wagtail.view_restriction.create", "data": {"restriction": {"type": "login", "title": "Private, accessible to any logged-in users"}}, "timestamp": "2024-07-18T14:25:13.879Z", "uuid": "37155c1c-5ce3-4100-b2e8-e74feabb5a9c", "user": 1, "revision": null, "content_changed": false, "deleted": false, "page": 8}}, {"model": "wagtailcore.pagelogentry", "pk": 45, "fields": {"content_type": 57, "label": "Search Page", "action": "wagtail.edit", "data": {}, "timestamp": "2024-07-18T14:25:20.737Z", "uuid": "8499b06d-1275-4916-9fb4-815b5b596468", "user": 1, "revision": 17, "content_changed": true, "deleted": false, "page": 8}}, {"model": "wagtailcore.pagelogentry", "pk": 46, "fields": {"content_type": 57, "label": "Search Page", "action": "wagtail.publish", "data": {}, "timestamp": "2024-07-18T14:25:20.795Z", "uuid": "8499b06d-1275-4916-9fb4-815b5b596468", "user": 1, "revision": 17, "content_changed": false, "deleted": false, "page": 8}}, {"model": "wagtailcore.pagelogentry", "pk": 47, "fields": {"content_type": 57, "label": "Search Page", "action": "wagtail.edit", "data": {}, "timestamp": "2024-07-18T14:25:49.101Z", "uuid": "297bb390-c05d-4bf9-91b8-3ff661857d03", "user": 1, "revision": 18, "content_changed": true, "deleted": false, "page": 8}}, {"model": "wagtailcore.pagelogentry", "pk": 48, "fields": {"content_type": 57, "label": "Search Page", "action": "wagtail.publish", "data": {}, "timestamp": "2024-07-18T14:25:49.142Z", "uuid": "297bb390-c05d-4bf9-91b8-3ff661857d03", "user": 1, "revision": 18, "content_changed": true, "deleted": false, "page": 8}}, {"model": "wagtailcore.pagelogentry", "pk": 49, "fields": {"content_type": 58, "label": "DMP VIEW", "action": "wagtail.create", "data": {}, "timestamp": "2024-07-18T14:56:49.155Z", "uuid": "8ae1ec9b-b11d-425a-83c0-c80e1cbd91cb", "user": 1, "revision": null, "content_changed": true, "deleted": false, "page": 9}}, {"model": "wagtailcore.pagelogentry", "pk": 50, "fields": {"content_type": 58, "label": "DMP VIEW", "action": "wagtail.edit", "data": {}, "timestamp": "2024-07-18T14:56:49.182Z", "uuid": "8ae1ec9b-b11d-425a-83c0-c80e1cbd91cb", "user": 1, "revision": 19, "content_changed": true, "deleted": false, "page": 9}}, {"model": "wagtailcore.pagelogentry", "pk": 51, "fields": {"content_type": 58, "label": "DMP VIEW", "action": "wagtail.publish", "data": {}, "timestamp": "2024-07-18T14:56:49.222Z", "uuid": "8ae1ec9b-b11d-425a-83c0-c80e1cbd91cb", "user": 1, "revision": 19, "content_changed": true, "deleted": false, "page": 9}}, {"model": "wagtailcore.pagesubscription", "pk": 2, "fields": {"user": 1, "page": 3, "comment_notifications": true}}, {"model": "wagtailcore.pagesubscription", "pk": 3, "fields": {"user": 1, "page": 4, "comment_notifications": true}}, {"model": "wagtailcore.pagesubscription", "pk": 4, "fields": {"user": 1, "page": 5, "comment_notifications": true}}, {"model": "wagtailcore.pagesubscription", "pk": 5, "fields": {"user": 1, "page": 6, "comment_notifications": true}}, {"model": "wagtailcore.pagesubscription", "pk": 6, "fields": {"user": 1, "page": 7, "comment_notifications": true}}, {"model": "wagtailcore.pagesubscription", "pk": 7, "fields": {"user": 1, "page": 8, "comment_notifications": true}}, {"model": "wagtailcore.pagesubscription", "pk": 8, "fields": {"user": 1, "page": 9, "comment_notifications": true}}, {"model": "auth.permission", "pk": 1, "fields": {"name": "Can add image", "content_type": 2, "codename": "add_image"}}, {"model": "auth.permission", "pk": 2, "fields": {"name": "Can change image", "content_type": 2, "codename": "change_image"}}, {"model": "auth.permission", "pk": 3, "fields": {"name": "Can delete image", "content_type": 2, "codename": "delete_image"}}, {"model": "auth.permission", "pk": 4, "fields": {"name": "Can choose image", "content_type": 2, "codename": "choose_image"}}, {"model": "auth.permission", "pk": 5, "fields": {"name": "Can add locale", "content_type": 4, "codename": "add_locale"}}, {"model": "auth.permission", "pk": 6, "fields": {"name": "Can change locale", "content_type": 4, "codename": "change_locale"}}, {"model": "auth.permission", "pk": 7, "fields": {"name": "Can delete locale", "content_type": 4, "codename": "delete_locale"}}, {"model": "auth.permission", "pk": 8, "fields": {"name": "Can view locale", "content_type": 4, "codename": "view_locale"}}, {"model": "auth.permission", "pk": 9, "fields": {"name": "Can add site", "content_type": 5, "codename": "add_site"}}, {"model": "auth.permission", "pk": 10, "fields": {"name": "Can change site", "content_type": 5, "codename": "change_site"}}, {"model": "auth.permission", "pk": 11, "fields": {"name": "Can delete site", "content_type": 5, "codename": "delete_site"}}, {"model": "auth.permission", "pk": 12, "fields": {"name": "Can view site", "content_type": 5, "codename": "view_site"}}, {"model": "auth.permission", "pk": 13, "fields": {"name": "Can add model log entry", "content_type": 6, "codename": "add_modellogentry"}}, {"model": "auth.permission", "pk": 14, "fields": {"name": "Can change model log entry", "content_type": 6, "codename": "change_modellogentry"}}, {"model": "auth.permission", "pk": 15, "fields": {"name": "Can delete model log entry", "content_type": 6, "codename": "delete_modellogentry"}}, {"model": "auth.permission", "pk": 16, "fields": {"name": "Can view model log entry", "content_type": 6, "codename": "view_modellogentry"}}, {"model": "auth.permission", "pk": 17, "fields": {"name": "Can add collection view restriction", "content_type": 7, "codename": "add_collectionviewrestriction"}}, {"model": "auth.permission", "pk": 18, "fields": {"name": "Can change collection view restriction", "content_type": 7, "codename": "change_collectionviewrestriction"}}, {"model": "auth.permission", "pk": 19, "fields": {"name": "Can delete collection view restriction", "content_type": 7, "codename": "delete_collectionviewrestriction"}}, {"model": "auth.permission", "pk": 20, "fields": {"name": "Can view collection view restriction", "content_type": 7, "codename": "view_collectionviewrestriction"}}, {"model": "auth.permission", "pk": 21, "fields": {"name": "Can add collection", "content_type": 8, "codename": "add_collection"}}, {"model": "auth.permission", "pk": 22, "fields": {"name": "Can change collection", "content_type": 8, "codename": "change_collection"}}, {"model": "auth.permission", "pk": 23, "fields": {"name": "Can delete collection", "content_type": 8, "codename": "delete_collection"}}, {"model": "auth.permission", "pk": 24, "fields": {"name": "Can view collection", "content_type": 8, "codename": "view_collection"}}, {"model": "auth.permission", "pk": 25, "fields": {"name": "Can add group collection permission", "content_type": 9, "codename": "add_groupcollectionpermission"}}, {"model": "auth.permission", "pk": 26, "fields": {"name": "Can change group collection permission", "content_type": 9, "codename": "change_groupcollectionpermission"}}, {"model": "auth.permission", "pk": 27, "fields": {"name": "Can delete group collection permission", "content_type": 9, "codename": "delete_groupcollectionpermission"}}, {"model": "auth.permission", "pk": 28, "fields": {"name": "Can view group collection permission", "content_type": 9, "codename": "view_groupcollectionpermission"}}, {"model": "auth.permission", "pk": 29, "fields": {"name": "Can add uploaded file", "content_type": 10, "codename": "add_uploadedfile"}}, {"model": "auth.permission", "pk": 30, "fields": {"name": "Can change uploaded file", "content_type": 10, "codename": "change_uploadedfile"}}, {"model": "auth.permission", "pk": 31, "fields": {"name": "Can delete uploaded file", "content_type": 10, "codename": "delete_uploadedfile"}}, {"model": "auth.permission", "pk": 32, "fields": {"name": "Can view uploaded file", "content_type": 10, "codename": "view_uploadedfile"}}, {"model": "auth.permission", "pk": 33, "fields": {"name": "Can add reference index", "content_type": 11, "codename": "add_referenceindex"}}, {"model": "auth.permission", "pk": 34, "fields": {"name": "Can change reference index", "content_type": 11, "codename": "change_referenceindex"}}, {"model": "auth.permission", "pk": 35, "fields": {"name": "Can delete reference index", "content_type": 11, "codename": "delete_referenceindex"}}, {"model": "auth.permission", "pk": 36, "fields": {"name": "Can view reference index", "content_type": 11, "codename": "view_referenceindex"}}, {"model": "auth.permission", "pk": 37, "fields": {"name": "Can add page", "content_type": 1, "codename": "add_page"}}, {"model": "auth.permission", "pk": 38, "fields": {"name": "Can change page", "content_type": 1, "codename": "change_page"}}, {"model": "auth.permission", "pk": 39, "fields": {"name": "Can delete page", "content_type": 1, "codename": "delete_page"}}, {"model": "auth.permission", "pk": 40, "fields": {"name": "Can view page", "content_type": 1, "codename": "view_page"}}, {"model": "auth.permission", "pk": 41, "fields": {"name": "Delete pages with children", "content_type": 1, "codename": "bulk_delete_page"}}, {"model": "auth.permission", "pk": 42, "fields": {"name": "Lock/unlock pages you've locked", "content_type": 1, "codename": "lock_page"}}, {"model": "auth.permission", "pk": 43, "fields": {"name": "Publish any page", "content_type": 1, "codename": "publish_page"}}, {"model": "auth.permission", "pk": 44, "fields": {"name": "Unlock any page", "content_type": 1, "codename": "unlock_page"}}, {"model": "auth.permission", "pk": 45, "fields": {"name": "Can add revision", "content_type": 12, "codename": "add_revision"}}, {"model": "auth.permission", "pk": 46, "fields": {"name": "Can change revision", "content_type": 12, "codename": "change_revision"}}, {"model": "auth.permission", "pk": 47, "fields": {"name": "Can delete revision", "content_type": 12, "codename": "delete_revision"}}, {"model": "auth.permission", "pk": 48, "fields": {"name": "Can view revision", "content_type": 12, "codename": "view_revision"}}, {"model": "auth.permission", "pk": 49, "fields": {"name": "Can add group page permission", "content_type": 13, "codename": "add_grouppagepermission"}}, {"model": "auth.permission", "pk": 50, "fields": {"name": "Can change group page permission", "content_type": 13, "codename": "change_grouppagepermission"}}, {"model": "auth.permission", "pk": 51, "fields": {"name": "Can delete group page permission", "content_type": 13, "codename": "delete_grouppagepermission"}}, {"model": "auth.permission", "pk": 52, "fields": {"name": "Can view group page permission", "content_type": 13, "codename": "view_grouppagepermission"}}, {"model": "auth.permission", "pk": 53, "fields": {"name": "Can add page view restriction", "content_type": 14, "codename": "add_pageviewrestriction"}}, {"model": "auth.permission", "pk": 54, "fields": {"name": "Can change page view restriction", "content_type": 14, "codename": "change_pageviewrestriction"}}, {"model": "auth.permission", "pk": 55, "fields": {"name": "Can delete page view restriction", "content_type": 14, "codename": "delete_pageviewrestriction"}}, {"model": "auth.permission", "pk": 56, "fields": {"name": "Can view page view restriction", "content_type": 14, "codename": "view_pageviewrestriction"}}, {"model": "auth.permission", "pk": 57, "fields": {"name": "Can add workflow page", "content_type": 15, "codename": "add_workflowpage"}}, {"model": "auth.permission", "pk": 58, "fields": {"name": "Can change workflow page", "content_type": 15, "codename": "change_workflowpage"}}, {"model": "auth.permission", "pk": 59, "fields": {"name": "Can delete workflow page", "content_type": 15, "codename": "delete_workflowpage"}}, {"model": "auth.permission", "pk": 60, "fields": {"name": "Can view workflow page", "content_type": 15, "codename": "view_workflowpage"}}, {"model": "auth.permission", "pk": 61, "fields": {"name": "Can add workflow content type", "content_type": 16, "codename": "add_workflowcontenttype"}}, {"model": "auth.permission", "pk": 62, "fields": {"name": "Can change workflow content type", "content_type": 16, "codename": "change_workflowcontenttype"}}, {"model": "auth.permission", "pk": 63, "fields": {"name": "Can delete workflow content type", "content_type": 16, "codename": "delete_workflowcontenttype"}}, {"model": "auth.permission", "pk": 64, "fields": {"name": "Can view workflow content type", "content_type": 16, "codename": "view_workflowcontenttype"}}, {"model": "auth.permission", "pk": 65, "fields": {"name": "Can add workflow task order", "content_type": 17, "codename": "add_workflowtask"}}, {"model": "auth.permission", "pk": 66, "fields": {"name": "Can change workflow task order", "content_type": 17, "codename": "change_workflowtask"}}, {"model": "auth.permission", "pk": 67, "fields": {"name": "Can delete workflow task order", "content_type": 17, "codename": "delete_workflowtask"}}, {"model": "auth.permission", "pk": 68, "fields": {"name": "Can view workflow task order", "content_type": 17, "codename": "view_workflowtask"}}, {"model": "auth.permission", "pk": 69, "fields": {"name": "Can add task", "content_type": 18, "codename": "add_task"}}, {"model": "auth.permission", "pk": 70, "fields": {"name": "Can change task", "content_type": 18, "codename": "change_task"}}, {"model": "auth.permission", "pk": 71, "fields": {"name": "Can delete task", "content_type": 18, "codename": "delete_task"}}, {"model": "auth.permission", "pk": 72, "fields": {"name": "Can view task", "content_type": 18, "codename": "view_task"}}, {"model": "auth.permission", "pk": 73, "fields": {"name": "Can add workflow", "content_type": 19, "codename": "add_workflow"}}, {"model": "auth.permission", "pk": 74, "fields": {"name": "Can change workflow", "content_type": 19, "codename": "change_workflow"}}, {"model": "auth.permission", "pk": 75, "fields": {"name": "Can delete workflow", "content_type": 19, "codename": "delete_workflow"}}, {"model": "auth.permission", "pk": 76, "fields": {"name": "Can view workflow", "content_type": 19, "codename": "view_workflow"}}, {"model": "auth.permission", "pk": 77, "fields": {"name": "Can add Group approval task", "content_type": 3, "codename": "add_groupapprovaltask"}}, {"model": "auth.permission", "pk": 78, "fields": {"name": "Can change Group approval task", "content_type": 3, "codename": "change_groupapprovaltask"}}, {"model": "auth.permission", "pk": 79, "fields": {"name": "Can delete Group approval task", "content_type": 3, "codename": "delete_groupapprovaltask"}}, {"model": "auth.permission", "pk": 80, "fields": {"name": "Can view Group approval task", "content_type": 3, "codename": "view_groupapprovaltask"}}, {"model": "auth.permission", "pk": 81, "fields": {"name": "Can add Workflow state", "content_type": 20, "codename": "add_workflowstate"}}, {"model": "auth.permission", "pk": 82, "fields": {"name": "Can change Workflow state", "content_type": 20, "codename": "change_workflowstate"}}, {"model": "auth.permission", "pk": 83, "fields": {"name": "Can delete Workflow state", "content_type": 20, "codename": "delete_workflowstate"}}, {"model": "auth.permission", "pk": 84, "fields": {"name": "Can view Workflow state", "content_type": 20, "codename": "view_workflowstate"}}, {"model": "auth.permission", "pk": 85, "fields": {"name": "Can add Task state", "content_type": 21, "codename": "add_taskstate"}}, {"model": "auth.permission", "pk": 86, "fields": {"name": "Can change Task state", "content_type": 21, "codename": "change_taskstate"}}, {"model": "auth.permission", "pk": 87, "fields": {"name": "Can delete Task state", "content_type": 21, "codename": "delete_taskstate"}}, {"model": "auth.permission", "pk": 88, "fields": {"name": "Can view Task state", "content_type": 21, "codename": "view_taskstate"}}, {"model": "auth.permission", "pk": 89, "fields": {"name": "Can add page log entry", "content_type": 22, "codename": "add_pagelogentry"}}, {"model": "auth.permission", "pk": 90, "fields": {"name": "Can change page log entry", "content_type": 22, "codename": "change_pagelogentry"}}, {"model": "auth.permission", "pk": 91, "fields": {"name": "Can delete page log entry", "content_type": 22, "codename": "delete_pagelogentry"}}, {"model": "auth.permission", "pk": 92, "fields": {"name": "Can view page log entry", "content_type": 22, "codename": "view_pagelogentry"}}, {"model": "auth.permission", "pk": 93, "fields": {"name": "Can add comment", "content_type": 23, "codename": "add_comment"}}, {"model": "auth.permission", "pk": 94, "fields": {"name": "Can change comment", "content_type": 23, "codename": "change_comment"}}, {"model": "auth.permission", "pk": 95, "fields": {"name": "Can delete comment", "content_type": 23, "codename": "delete_comment"}}, {"model": "auth.permission", "pk": 96, "fields": {"name": "Can view comment", "content_type": 23, "codename": "view_comment"}}, {"model": "auth.permission", "pk": 97, "fields": {"name": "Can add comment reply", "content_type": 24, "codename": "add_commentreply"}}, {"model": "auth.permission", "pk": 98, "fields": {"name": "Can change comment reply", "content_type": 24, "codename": "change_commentreply"}}, {"model": "auth.permission", "pk": 99, "fields": {"name": "Can delete comment reply", "content_type": 24, "codename": "delete_commentreply"}}, {"model": "auth.permission", "pk": 100, "fields": {"name": "Can view comment reply", "content_type": 24, "codename": "view_commentreply"}}, {"model": "auth.permission", "pk": 101, "fields": {"name": "Can add page subscription", "content_type": 25, "codename": "add_pagesubscription"}}, {"model": "auth.permission", "pk": 102, "fields": {"name": "Can change page subscription", "content_type": 25, "codename": "change_pagesubscription"}}, {"model": "auth.permission", "pk": 103, "fields": {"name": "Can delete page subscription", "content_type": 25, "codename": "delete_pagesubscription"}}, {"model": "auth.permission", "pk": 104, "fields": {"name": "Can view page subscription", "content_type": 25, "codename": "view_pagesubscription"}}, {"model": "auth.permission", "pk": 105, "fields": {"name": "Can access Wagtail admin", "content_type": 26, "codename": "access_admin"}}, {"model": "auth.permission", "pk": 106, "fields": {"name": "Can add document", "content_type": 27, "codename": "add_document"}}, {"model": "auth.permission", "pk": 107, "fields": {"name": "Can change document", "content_type": 27, "codename": "change_document"}}, {"model": "auth.permission", "pk": 108, "fields": {"name": "Can delete document", "content_type": 27, "codename": "delete_document"}}, {"model": "auth.permission", "pk": 109, "fields": {"name": "Can choose document", "content_type": 27, "codename": "choose_document"}}, {"model": "auth.permission", "pk": 110, "fields": {"name": "Can add home page", "content_type": 28, "codename": "add_homepage"}}, {"model": "auth.permission", "pk": 111, "fields": {"name": "Can change home page", "content_type": 28, "codename": "change_homepage"}}, {"model": "auth.permission", "pk": 112, "fields": {"name": "Can delete home page", "content_type": 28, "codename": "delete_homepage"}}, {"model": "auth.permission", "pk": 113, "fields": {"name": "Can view home page", "content_type": 28, "codename": "view_homepage"}}, {"model": "auth.permission", "pk": 114, "fields": {"name": "Can add sample entry form", "content_type": 29, "codename": "add_sampleentryform"}}, {"model": "auth.permission", "pk": 115, "fields": {"name": "Can change sample entry form", "content_type": 29, "codename": "change_sampleentryform"}}, {"model": "auth.permission", "pk": 116, "fields": {"name": "Can delete sample entry form", "content_type": 29, "codename": "delete_sampleentryform"}}, {"model": "auth.permission", "pk": 117, "fields": {"name": "Can view sample entry form", "content_type": 29, "codename": "view_sampleentryform"}}, {"model": "auth.permission", "pk": 118, "fields": {"name": "Can add switch lab page", "content_type": 30, "codename": "add_switchlabpage"}}, {"model": "auth.permission", "pk": 119, "fields": {"name": "Can change switch lab page", "content_type": 30, "codename": "change_switchlabpage"}}, {"model": "auth.permission", "pk": 120, "fields": {"name": "Can delete switch lab page", "content_type": 30, "codename": "delete_switchlabpage"}}, {"model": "auth.permission", "pk": 121, "fields": {"name": "Can view switch lab page", "content_type": 30, "codename": "view_switchlabpage"}}, {"model": "auth.permission", "pk": 122, "fields": {"name": "Can add footer settings", "content_type": 31, "codename": "add_footersettings"}}, {"model": "auth.permission", "pk": 123, "fields": {"name": "Can change footer settings", "content_type": 31, "codename": "change_footersettings"}}, {"model": "auth.permission", "pk": 124, "fields": {"name": "Can delete footer settings", "content_type": 31, "codename": "delete_footersettings"}}, {"model": "auth.permission", "pk": 125, "fields": {"name": "Can view footer settings", "content_type": 31, "codename": "view_footersettings"}}, {"model": "auth.permission", "pk": 126, "fields": {"name": "Can add header settings", "content_type": 32, "codename": "add_headersettings"}}, {"model": "auth.permission", "pk": 127, "fields": {"name": "Can change header settings", "content_type": 32, "codename": "change_headersettings"}}, {"model": "auth.permission", "pk": 128, "fields": {"name": "Can delete header settings", "content_type": 32, "codename": "delete_headersettings"}}, {"model": "auth.permission", "pk": 129, "fields": {"name": "Can view header settings", "content_type": 32, "codename": "view_headersettings"}}, {"model": "auth.permission", "pk": 130, "fields": {"name": "Can add form submission", "content_type": 33, "codename": "add_formsubmission"}}, {"model": "auth.permission", "pk": 131, "fields": {"name": "Can change form submission", "content_type": 33, "codename": "change_formsubmission"}}, {"model": "auth.permission", "pk": 132, "fields": {"name": "Can delete form submission", "content_type": 33, "codename": "delete_formsubmission"}}, {"model": "auth.permission", "pk": 133, "fields": {"name": "Can view form submission", "content_type": 33, "codename": "view_formsubmission"}}, {"model": "auth.permission", "pk": 134, "fields": {"name": "Can add redirect", "content_type": 34, "codename": "add_redirect"}}, {"model": "auth.permission", "pk": 135, "fields": {"name": "Can change redirect", "content_type": 34, "codename": "change_redirect"}}, {"model": "auth.permission", "pk": 136, "fields": {"name": "Can delete redirect", "content_type": 34, "codename": "delete_redirect"}}, {"model": "auth.permission", "pk": 137, "fields": {"name": "Can view redirect", "content_type": 34, "codename": "view_redirect"}}, {"model": "auth.permission", "pk": 138, "fields": {"name": "Can add embed", "content_type": 35, "codename": "add_embed"}}, {"model": "auth.permission", "pk": 139, "fields": {"name": "Can change embed", "content_type": 35, "codename": "change_embed"}}, {"model": "auth.permission", "pk": 140, "fields": {"name": "Can delete embed", "content_type": 35, "codename": "delete_embed"}}, {"model": "auth.permission", "pk": 141, "fields": {"name": "Can view embed", "content_type": 35, "codename": "view_embed"}}, {"model": "auth.permission", "pk": 142, "fields": {"name": "Can add user profile", "content_type": 36, "codename": "add_userprofile"}}, {"model": "auth.permission", "pk": 143, "fields": {"name": "Can change user profile", "content_type": 36, "codename": "change_userprofile"}}, {"model": "auth.permission", "pk": 144, "fields": {"name": "Can delete user profile", "content_type": 36, "codename": "delete_userprofile"}}, {"model": "auth.permission", "pk": 145, "fields": {"name": "Can view user profile", "content_type": 36, "codename": "view_userprofile"}}, {"model": "auth.permission", "pk": 146, "fields": {"name": "Can view document", "content_type": 27, "codename": "view_document"}}, {"model": "auth.permission", "pk": 147, "fields": {"name": "Can view image", "content_type": 2, "codename": "view_image"}}, {"model": "auth.permission", "pk": 148, "fields": {"name": "Can add rendition", "content_type": 37, "codename": "add_rendition"}}, {"model": "auth.permission", "pk": 149, "fields": {"name": "Can change rendition", "content_type": 37, "codename": "change_rendition"}}, {"model": "auth.permission", "pk": 150, "fields": {"name": "Can delete rendition", "content_type": 37, "codename": "delete_rendition"}}, {"model": "auth.permission", "pk": 151, "fields": {"name": "Can view rendition", "content_type": 37, "codename": "view_rendition"}}, {"model": "auth.permission", "pk": 152, "fields": {"name": "Can add index entry", "content_type": 38, "codename": "add_indexentry"}}, {"model": "auth.permission", "pk": 153, "fields": {"name": "Can change index entry", "content_type": 38, "codename": "change_indexentry"}}, {"model": "auth.permission", "pk": 154, "fields": {"name": "Can delete index entry", "content_type": 38, "codename": "delete_indexentry"}}, {"model": "auth.permission", "pk": 155, "fields": {"name": "Can view index entry", "content_type": 38, "codename": "view_indexentry"}}, {"model": "auth.permission", "pk": 156, "fields": {"name": "Can add tag", "content_type": 39, "codename": "add_tag"}}, {"model": "auth.permission", "pk": 157, "fields": {"name": "Can change tag", "content_type": 39, "codename": "change_tag"}}, {"model": "auth.permission", "pk": 158, "fields": {"name": "Can delete tag", "content_type": 39, "codename": "delete_tag"}}, {"model": "auth.permission", "pk": 159, "fields": {"name": "Can view tag", "content_type": 39, "codename": "view_tag"}}, {"model": "auth.permission", "pk": 160, "fields": {"name": "Can add tagged item", "content_type": 40, "codename": "add_taggeditem"}}, {"model": "auth.permission", "pk": 161, "fields": {"name": "Can change tagged item", "content_type": 40, "codename": "change_taggeditem"}}, {"model": "auth.permission", "pk": 162, "fields": {"name": "Can delete tagged item", "content_type": 40, "codename": "delete_taggeditem"}}, {"model": "auth.permission", "pk": 163, "fields": {"name": "Can view tagged item", "content_type": 40, "codename": "view_taggeditem"}}, {"model": "auth.permission", "pk": 164, "fields": {"name": "Can add log entry", "content_type": 41, "codename": "add_logentry"}}, {"model": "auth.permission", "pk": 165, "fields": {"name": "Can change log entry", "content_type": 41, "codename": "change_logentry"}}, {"model": "auth.permission", "pk": 166, "fields": {"name": "Can delete log entry", "content_type": 41, "codename": "delete_logentry"}}, {"model": "auth.permission", "pk": 167, "fields": {"name": "Can view log entry", "content_type": 41, "codename": "view_logentry"}}, {"model": "auth.permission", "pk": 168, "fields": {"name": "Can add permission", "content_type": 42, "codename": "add_permission"}}, {"model": "auth.permission", "pk": 169, "fields": {"name": "Can change permission", "content_type": 42, "codename": "change_permission"}}, {"model": "auth.permission", "pk": 170, "fields": {"name": "Can delete permission", "content_type": 42, "codename": "delete_permission"}}, {"model": "auth.permission", "pk": 171, "fields": {"name": "Can view permission", "content_type": 42, "codename": "view_permission"}}, {"model": "auth.permission", "pk": 172, "fields": {"name": "Can add group", "content_type": 43, "codename": "add_group"}}, {"model": "auth.permission", "pk": 173, "fields": {"name": "Can change group", "content_type": 43, "codename": "change_group"}}, {"model": "auth.permission", "pk": 174, "fields": {"name": "Can delete group", "content_type": 43, "codename": "delete_group"}}, {"model": "auth.permission", "pk": 175, "fields": {"name": "Can view group", "content_type": 43, "codename": "view_group"}}, {"model": "auth.permission", "pk": 176, "fields": {"name": "Can add user", "content_type": 44, "codename": "add_user"}}, {"model": "auth.permission", "pk": 177, "fields": {"name": "Can change user", "content_type": 44, "codename": "change_user"}}, {"model": "auth.permission", "pk": 178, "fields": {"name": "Can delete user", "content_type": 44, "codename": "delete_user"}}, {"model": "auth.permission", "pk": 179, "fields": {"name": "Can view user", "content_type": 44, "codename": "view_user"}}, {"model": "auth.permission", "pk": 180, "fields": {"name": "Can add content type", "content_type": 45, "codename": "add_contenttype"}}, {"model": "auth.permission", "pk": 181, "fields": {"name": "Can change content type", "content_type": 45, "codename": "change_contenttype"}}, {"model": "auth.permission", "pk": 182, "fields": {"name": "Can delete content type", "content_type": 45, "codename": "delete_contenttype"}}, {"model": "auth.permission", "pk": 183, "fields": {"name": "Can view content type", "content_type": 45, "codename": "view_contenttype"}}, {"model": "auth.permission", "pk": 184, "fields": {"name": "Can add session", "content_type": 46, "codename": "add_session"}}, {"model": "auth.permission", "pk": 185, "fields": {"name": "Can change session", "content_type": 46, "codename": "change_session"}}, {"model": "auth.permission", "pk": 186, "fields": {"name": "Can delete session", "content_type": 46, "codename": "delete_session"}}, {"model": "auth.permission", "pk": 187, "fields": {"name": "Can view session", "content_type": 46, "codename": "view_session"}}, {"model": "auth.permission", "pk": 188, "fields": {"name": "Can add custom app model", "content_type": 47, "codename": "add_customappmodel"}}, {"model": "auth.permission", "pk": 189, "fields": {"name": "Can change custom app model", "content_type": 47, "codename": "change_customappmodel"}}, {"model": "auth.permission", "pk": 190, "fields": {"name": "Can delete custom app model", "content_type": 47, "codename": "delete_customappmodel"}}, {"model": "auth.permission", "pk": 191, "fields": {"name": "Can view custom app model", "content_type": 47, "codename": "view_customappmodel"}}, {"model": "auth.permission", "pk": 192, "fields": {"name": "Can add administration", "content_type": 48, "codename": "add_administration"}}, {"model": "auth.permission", "pk": 193, "fields": {"name": "Can change administration", "content_type": 48, "codename": "change_administration"}}, {"model": "auth.permission", "pk": 194, "fields": {"name": "Can delete administration", "content_type": 48, "codename": "delete_administration"}}, {"model": "auth.permission", "pk": 195, "fields": {"name": "Can view administration", "content_type": 48, "codename": "view_administration"}}, {"model": "auth.permission", "pk": 196, "fields": {"name": "Can add lage sample", "content_type": 49, "codename": "add_lagesample"}}, {"model": "auth.permission", "pk": 197, "fields": {"name": "Can change lage sample", "content_type": 49, "codename": "change_lagesample"}}, {"model": "auth.permission", "pk": 198, "fields": {"name": "Can delete lage sample", "content_type": 49, "codename": "delete_lagesample"}}, {"model": "auth.permission", "pk": 199, "fields": {"name": "Can view lage sample", "content_type": 49, "codename": "view_lagesample"}}, {"model": "auth.permission", "pk": 200, "fields": {"name": "Can add email address", "content_type": 50, "codename": "add_emailaddress"}}, {"model": "auth.permission", "pk": 201, "fields": {"name": "Can change email address", "content_type": 50, "codename": "change_emailaddress"}}, {"model": "auth.permission", "pk": 202, "fields": {"name": "Can delete email address", "content_type": 50, "codename": "delete_emailaddress"}}, {"model": "auth.permission", "pk": 203, "fields": {"name": "Can view email address", "content_type": 50, "codename": "view_emailaddress"}}, {"model": "auth.permission", "pk": 204, "fields": {"name": "Can add email confirmation", "content_type": 51, "codename": "add_emailconfirmation"}}, {"model": "auth.permission", "pk": 205, "fields": {"name": "Can change email confirmation", "content_type": 51, "codename": "change_emailconfirmation"}}, {"model": "auth.permission", "pk": 206, "fields": {"name": "Can delete email confirmation", "content_type": 51, "codename": "delete_emailconfirmation"}}, {"model": "auth.permission", "pk": 207, "fields": {"name": "Can view email confirmation", "content_type": 51, "codename": "view_emailconfirmation"}}, {"model": "auth.permission", "pk": 208, "fields": {"name": "Can add social account", "content_type": 52, "codename": "add_socialaccount"}}, {"model": "auth.permission", "pk": 209, "fields": {"name": "Can change social account", "content_type": 52, "codename": "change_socialaccount"}}, {"model": "auth.permission", "pk": 210, "fields": {"name": "Can delete social account", "content_type": 52, "codename": "delete_socialaccount"}}, {"model": "auth.permission", "pk": 211, "fields": {"name": "Can view social account", "content_type": 52, "codename": "view_socialaccount"}}, {"model": "auth.permission", "pk": 212, "fields": {"name": "Can add social application", "content_type": 53, "codename": "add_socialapp"}}, {"model": "auth.permission", "pk": 213, "fields": {"name": "Can change social application", "content_type": 53, "codename": "change_socialapp"}}, {"model": "auth.permission", "pk": 214, "fields": {"name": "Can delete social application", "content_type": 53, "codename": "delete_socialapp"}}, {"model": "auth.permission", "pk": 215, "fields": {"name": "Can view social application", "content_type": 53, "codename": "view_socialapp"}}, {"model": "auth.permission", "pk": 216, "fields": {"name": "Can add social application token", "content_type": 54, "codename": "add_socialtoken"}}, {"model": "auth.permission", "pk": 217, "fields": {"name": "Can change social application token", "content_type": 54, "codename": "change_socialtoken"}}, {"model": "auth.permission", "pk": 218, "fields": {"name": "Can delete social application token", "content_type": 54, "codename": "delete_socialtoken"}}, {"model": "auth.permission", "pk": 219, "fields": {"name": "Can view social application token", "content_type": 54, "codename": "view_socialtoken"}}, {"model": "auth.permission", "pk": 220, "fields": {"name": "Can add dmp page", "content_type": 55, "codename": "add_dmppage"}}, {"model": "auth.permission", "pk": 221, "fields": {"name": "Can change dmp page", "content_type": 55, "codename": "change_dmppage"}}, {"model": "auth.permission", "pk": 222, "fields": {"name": "Can delete dmp page", "content_type": 55, "codename": "delete_dmppage"}}, {"model": "auth.permission", "pk": 223, "fields": {"name": "Can view dmp page", "content_type": 55, "codename": "view_dmppage"}}, {"model": "auth.permission", "pk": 224, "fields": {"name": "Can add lab dmp", "content_type": 56, "codename": "add_labdmp"}}, {"model": "auth.permission", "pk": 225, "fields": {"name": "Can change lab dmp", "content_type": 56, "codename": "change_labdmp"}}, {"model": "auth.permission", "pk": 226, "fields": {"name": "Can delete lab dmp", "content_type": 56, "codename": "delete_labdmp"}}, {"model": "auth.permission", "pk": 227, "fields": {"name": "Can view lab dmp", "content_type": 56, "codename": "view_labdmp"}}, {"model": "auth.permission", "pk": 228, "fields": {"name": "Can add dmp search page", "content_type": 57, "codename": "add_dmpsearchpage"}}, {"model": "auth.permission", "pk": 229, "fields": {"name": "Can change dmp search page", "content_type": 57, "codename": "change_dmpsearchpage"}}, {"model": "auth.permission", "pk": 230, "fields": {"name": "Can delete dmp search page", "content_type": 57, "codename": "delete_dmpsearchpage"}}, {"model": "auth.permission", "pk": 231, "fields": {"name": "Can view dmp search page", "content_type": 57, "codename": "view_dmpsearchpage"}}, {"model": "auth.permission", "pk": 232, "fields": {"name": "Can add dmp view page", "content_type": 58, "codename": "add_dmpviewpage"}}, {"model": "auth.permission", "pk": 233, "fields": {"name": "Can change dmp view page", "content_type": 58, "codename": "change_dmpviewpage"}}, {"model": "auth.permission", "pk": 234, "fields": {"name": "Can delete dmp view page", "content_type": 58, "codename": "delete_dmpviewpage"}}, {"model": "auth.permission", "pk": 235, "fields": {"name": "Can view dmp view page", "content_type": 58, "codename": "view_dmpviewpage"}}, {"model": "auth.group", "pk": 1, "fields": {"name": "Moderators", "permissions": [105, 106, 107, 109, 108, 1, 2, 3]}}, {"model": "auth.group", "pk": 2, "fields": {"name": "Editors", "permissions": [105, 106, 107, 109, 108, 1, 2, 3]}}, {"model": "auth.group", "pk": 3, "fields": {"name": "LAGE", "permissions": []}}, {"model": "auth.group", "pk": 4, "fields": {"name": "LAME", "permissions": []}}, {"model": "auth.user", "pk": 1, "fields": {"password": "pbkdf2_sha256$720000$0zyuYNirGKTvtfmjQfhYIO$P96qZbzzvOcXELWp/4uvswqjSThY8026NArrOuJbYJw=", "last_login": "2024-07-18T14:56:28.820Z", "is_superuser": true, "username": "admin", "first_name": "Admin", "last_name": "Admin", "email": "m.prenassi@gmail.com", "is_staff": true, "is_active": true, "date_joined": "2024-07-15T13:02:47.096Z", "groups": [3, 4], "user_permissions": []}}, {"model": "auth.user", "pk": 2, "fields": {"password": "pbkdf2_sha256$720000$YbQ8uRYsJ5yiYOYRSCIWUG$+NTj4b/GqLY+xLFso85zQqWQD8nSv+7/Pzu+f93mbOM=", "last_login": "2024-07-18T14:26:17.273Z", "is_superuser": false, "username": "test_lage", "first_name": "Test", "last_name": "Lage", "email": "m.prenassi@gmail.com", "is_staff": false, "is_active": true, "date_joined": "2024-07-15T13:09:45.940Z", "groups": [3], "user_permissions": []}}, {"model": "contenttypes.contenttype", "pk": 1, "fields": {"app_label": "wagtailcore", "model": "page"}}, {"model": "contenttypes.contenttype", "pk": 2, "fields": {"app_label": "wagtailimages", "model": "image"}}, {"model": "contenttypes.contenttype", "pk": 3, "fields": {"app_label": "wagtailcore", "model": "groupapprovaltask"}}, {"model": "contenttypes.contenttype", "pk": 4, "fields": {"app_label": "wagtailcore", "model": "locale"}}, {"model": "contenttypes.contenttype", "pk": 5, "fields": {"app_label": "wagtailcore", "model": "site"}}, {"model": "contenttypes.contenttype", "pk": 6, "fields": {"app_label": "wagtailcore", "model": "modellogentry"}}, {"model": "contenttypes.contenttype", "pk": 7, "fields": {"app_label": "wagtailcore", "model": "collectionviewrestriction"}}, {"model": "contenttypes.contenttype", "pk": 8, "fields": {"app_label": "wagtailcore", "model": "collection"}}, {"model": "contenttypes.contenttype", "pk": 9, "fields": {"app_label": "wagtailcore", "model": "groupcollectionpermission"}}, {"model": "contenttypes.contenttype", "pk": 10, "fields": {"app_label": "wagtailcore", "model": "uploadedfile"}}, {"model": "contenttypes.contenttype", "pk": 11, "fields": {"app_label": "wagtailcore", "model": "referenceindex"}}, {"model": "contenttypes.contenttype", "pk": 12, "fields": {"app_label": "wagtailcore", "model": "revision"}}, {"model": "contenttypes.contenttype", "pk": 13, "fields": {"app_label": "wagtailcore", "model": "grouppagepermission"}}, {"model": "contenttypes.contenttype", "pk": 14, "fields": {"app_label": "wagtailcore", "model": "pageviewrestriction"}}, {"model": "contenttypes.contenttype", "pk": 15, "fields": {"app_label": "wagtailcore", "model": "workflowpage"}}, {"model": "contenttypes.contenttype", "pk": 16, "fields": {"app_label": "wagtailcore", "model": "workflowcontenttype"}}, {"model": "contenttypes.contenttype", "pk": 17, "fields": {"app_label": "wagtailcore", "model": "workflowtask"}}, {"model": "contenttypes.contenttype", "pk": 18, "fields": {"app_label": "wagtailcore", "model": "task"}}, {"model": "contenttypes.contenttype", "pk": 19, "fields": {"app_label": "wagtailcore", "model": "workflow"}}, {"model": "contenttypes.contenttype", "pk": 20, "fields": {"app_label": "wagtailcore", "model": "workflowstate"}}, {"model": "contenttypes.contenttype", "pk": 21, "fields": {"app_label": "wagtailcore", "model": "taskstate"}}, {"model": "contenttypes.contenttype", "pk": 22, "fields": {"app_label": "wagtailcore", "model": "pagelogentry"}}, {"model": "contenttypes.contenttype", "pk": 23, "fields": {"app_label": "wagtailcore", "model": "comment"}}, {"model": "contenttypes.contenttype", "pk": 24, "fields": {"app_label": "wagtailcore", "model": "commentreply"}}, {"model": "contenttypes.contenttype", "pk": 25, "fields": {"app_label": "wagtailcore", "model": "pagesubscription"}}, {"model": "contenttypes.contenttype", "pk": 26, "fields": {"app_label": "wagtailadmin", "model": "admin"}}, {"model": "contenttypes.contenttype", "pk": 27, "fields": {"app_label": "wagtaildocs", "model": "document"}}, {"model": "contenttypes.contenttype", "pk": 28, "fields": {"app_label": "home", "model": "homepage"}}, {"model": "contenttypes.contenttype", "pk": 29, "fields": {"app_label": "home", "model": "sampleentryform"}}, {"model": "contenttypes.contenttype", "pk": 30, "fields": {"app_label": "home", "model": "switchlabpage"}}, {"model": "contenttypes.contenttype", "pk": 31, "fields": {"app_label": "home", "model": "footersettings"}}, {"model": "contenttypes.contenttype", "pk": 32, "fields": {"app_label": "home", "model": "headersettings"}}, {"model": "contenttypes.contenttype", "pk": 33, "fields": {"app_label": "wagtailforms", "model": "formsubmission"}}, {"model": "contenttypes.contenttype", "pk": 34, "fields": {"app_label": "wagtailredirects", "model": "redirect"}}, {"model": "contenttypes.contenttype", "pk": 35, "fields": {"app_label": "wagtailembeds", "model": "embed"}}, {"model": "contenttypes.contenttype", "pk": 36, "fields": {"app_label": "wagtailusers", "model": "userprofile"}}, {"model": "contenttypes.contenttype", "pk": 37, "fields": {"app_label": "wagtailimages", "model": "rendition"}}, {"model": "contenttypes.contenttype", "pk": 38, "fields": {"app_label": "wagtailsearch", "model": "indexentry"}}, {"model": "contenttypes.contenttype", "pk": 39, "fields": {"app_label": "taggit", "model": "tag"}}, {"model": "contenttypes.contenttype", "pk": 40, "fields": {"app_label": "taggit", "model": "taggeditem"}}, {"model": "contenttypes.contenttype", "pk": 41, "fields": {"app_label": "admin", "model": "logentry"}}, {"model": "contenttypes.contenttype", "pk": 42, "fields": {"app_label": "auth", "model": "permission"}}, {"model": "contenttypes.contenttype", "pk": 43, "fields": {"app_label": "auth", "model": "group"}}, {"model": "contenttypes.contenttype", "pk": 44, "fields": {"app_label": "auth", "model": "user"}}, {"model": "contenttypes.contenttype", "pk": 45, "fields": {"app_label": "contenttypes", "model": "contenttype"}}, {"model": "contenttypes.contenttype", "pk": 46, "fields": {"app_label": "sessions", "model": "session"}}, {"model": "contenttypes.contenttype", "pk": 47, "fields": {"app_label": "PRP_CDM_app", "model": "customappmodel"}}, {"model": "contenttypes.contenttype", "pk": 48, "fields": {"app_label": "PRP_CDM_app", "model": "administration"}}, {"model": "contenttypes.contenttype", "pk": 49, "fields": {"app_label": "PRP_CDM_app", "model": "lagesample"}}, {"model": "contenttypes.contenttype", "pk": 50, "fields": {"app_label": "account", "model": "emailaddress"}}, {"model": "contenttypes.contenttype", "pk": 51, "fields": {"app_label": "account", "model": "emailconfirmation"}}, {"model": "contenttypes.contenttype", "pk": 52, "fields": {"app_label": "socialaccount", "model": "socialaccount"}}, {"model": "contenttypes.contenttype", "pk": 53, "fields": {"app_label": "socialaccount", "model": "socialapp"}}, {"model": "contenttypes.contenttype", "pk": 54, "fields": {"app_label": "socialaccount", "model": "socialtoken"}}, {"model": "contenttypes.contenttype", "pk": 55, "fields": {"app_label": "home", "model": "dmppage"}}, {"model": "contenttypes.contenttype", "pk": 56, "fields": {"app_label": "PRP_CDM_app", "model": "labdmp"}}, {"model": "contenttypes.contenttype", "pk": 57, "fields": {"app_label": "home", "model": "dmpsearchpage"}}, {"model": "contenttypes.contenttype", "pk": 58, "fields": {"app_label": "home", "model": "dmpviewpage"}}, {"model": "sessions.session", "pk": "isgq2su6ngtc7j58py51i07xrtxn9xux", "fields": {"session_data": ".eJxVj0FuwyAQRe_COtgY4xq8a6Uom_YM1gBD7JaABVhqVPXuxVIW6XL-f_NG80Nm2Msy7xnTvFoykY6cnjMN5gvDUdhPCNfYmBhKWnVzIM2jzc1HtOjfHuw_wQJ5qdvKOeAjcM6FQCGldL0ybGSm7-HFDUoaVL1mQvU9V91guIGOWyGV1oxZ1Ic0Y85rDDN-b2u6k4mdSMKypzBvcMV6ZCllm9rWRwN-iblMkknWetAxQYnpTi0UoDcIFb9hKHTzENqqrki1ezQFj1ffXy_nmu77ap9j7awWQ4d0lIOjQjtO6zzSkSs1MnRCMkd-_wBeT26f:1sUmyP:nc49G5CVPNvfvqpEQyEum99FS2Y3KlQdw2w1pUffK60", "expire_date": "2024-08-02T12:44:33.987Z"}}]