[
{
  "model": "home.headersettings",
  "pk": 1,
  "fields": {
    "header_text": "",
    "prp_icon": 2
  }
},
{
  "model": "home.footersettings",
  "pk": 1,
  "fields": {
    "footer_text": "<p data-block-key=\"aon2t\">This is a footer</p>",
    "github_url": "https://github.com/marcoprenassi/django_dev",
    "github_icon": 3
  }
},
{
  "model": "wagtailsearch.indexentry",
  "pk": 1,
  "fields": {
    "content_type": [
      "wagtailcore",
      "page"
    ],
    "object_id": "1",
    "title_norm": 2.4545454545454546,
    "autocomplete": "'root':1",
    "title": "'root':1B",
    "body": ""
  }
},
{
  "model": "wagtailsearch.indexentry",
  "pk": 2,
  "fields": {
    "content_type": [
      "wagtailimages",
      "image"
    ],
    "object_id": "1",
    "title_norm": 2.4545454545454546,
    "autocomplete": "'afm':1",
    "title": "'afm':1A",
    "body": ""
  }
},
{
  "model": "wagtailsearch.indexentry",
  "pk": 4,
  "fields": {
    "content_type": [
      "home",
      "homepage"
    ],
    "object_id": "3",
    "title_norm": 1.1428571428571428,
    "autocomplete": "'home':1 'page':2",
    "title": "'home':1B 'page':2B",
    "body": ""
  }
},
{
  "model": "wagtailsearch.indexentry",
  "pk": 11,
  "fields": {
    "content_type": [
      "wagtailimages",
      "image"
    ],
    "object_id": "2",
    "title_norm": 0.8181818181818182,
    "autocomplete": "'inv':3 'lowres':2 'prplogo':1",
    "title": "'inv':3A 'lowr':2A 'prplogo':1A",
    "body": ""
  }
},
{
  "model": "wagtailsearch.indexentry",
  "pk": 13,
  "fields": {
    "content_type": [
      "home",
      "switchlabpage"
    ],
    "object_id": "4",
    "title_norm": 1.0,
    "autocomplete": "",
    "title": "",
    "body": ""
  }
},
{
  "model": "wagtailsearch.indexentry",
  "pk": 20,
  "fields": {
    "content_type": [
      "home",
      "sampleentryform"
    ],
    "object_id": "5",
    "title_norm": 1.1428571428571428,
    "autocomplete": "'entry':2 'sample':1",
    "title": "'entri':2B 'sampl':1B",
    "body": ""
  }
},
{
  "model": "wagtailsearch.indexentry",
  "pk": 29,
  "fields": {
    "content_type": [
      "home",
      "homepage"
    ],
    "object_id": "6",
    "title_norm": 1.0,
    "autocomplete": "",
    "title": "",
    "body": ""
  }
},
{
  "model": "wagtailsearch.indexentry",
  "pk": 34,
  "fields": {
    "content_type": [
      "wagtailimages",
      "image"
    ],
    "object_id": "3",
    "title_norm": 0.8181818181818182,
    "autocomplete": "'-165':2 'github-142-svgrepo-com.max':1 'x165':3",
    "title": "'-165':2A 'github-142-svgrepo-com.max':1A 'x165':3A",
    "body": ""
  }
},
{
  "model": "wagtailsearch.indexentry",
  "pk": 36,
  "fields": {
    "content_type": [
      "home",
      "dmppage"
    ],
    "object_id": "7",
    "title_norm": 1.0,
    "autocomplete": "",
    "title": "",
    "body": ""
  }
},
{
  "model": "wagtailsearch.indexentry",
  "pk": 43,
  "fields": {
    "content_type": [
      "home",
      "dmpsearchpage"
    ],
    "object_id": "8",
    "title_norm": 1.0,
    "autocomplete": "",
    "title": "",
    "body": ""
  }
},
{
  "model": "wagtailsearch.indexentry",
  "pk": 50,
  "fields": {
    "content_type": [
      "home",
      "dmpviewpage"
    ],
    "object_id": "9",
    "title_norm": 1.0,
    "autocomplete": "",
    "title": "",
    "body": ""
  }
},
{
  "model": "wagtailsearch.indexentry",
  "pk": 55,
  "fields": {
    "content_type": [
      "wagtailimages",
      "image"
    ],
    "object_id": "4",
    "title_norm": 0.5714285714285714,
    "autocomplete": "'logo':1 'pathogen':3 'prp':2 'ri':4",
    "title": "'logo':1A 'pathogen':3A 'prp':2A 'ri':4A",
    "body": ""
  }
},
{
  "model": "wagtailsearch.indexentry",
  "pk": 57,
  "fields": {
    "content_type": [
      "home",
      "homepage"
    ],
    "object_id": "10",
    "title_norm": 1.125,
    "autocomplete": "'new':1 'page':2",
    "title": "'new':1B 'page':2B",
    "body": ""
  }
},
{
  "model": "wagtailcore.locale",
  "pk": 1,
  "fields": {
    "language_code": "en"
  }
},
{
  "model": "wagtailcore.site",
  "pk": 1,
  "fields": {
    "hostname": "10.128.8.14",
    "port": 8080,
    "site_name": "easydmp",
    "root_page": 3,
    "is_default_site": true
  }
},
{
  "model": "wagtailcore.collection",
  "pk": 1,
  "fields": {
    "path": "0001",
    "depth": 1,
    "numchild": 0,
    "name": "Root"
  }
},
{
  "model": "wagtailcore.referenceindex",
  "pk": 1,
  "fields": {
    "content_type": [
      "wagtailimages",
      "image"
    ],
    "base_content_type": [
      "wagtailimages",
      "image"
    ],
    "object_id": "1",
    "to_content_type": [
      "wagtailcore",
      "collection"
    ],
    "to_object_id": "1",
    "model_path": "collection",
    "content_path": "collection",
    "content_path_hash": "b40b1263-e929-57f2-a7f8-9dbce56b887b"
  }
},
{
  "model": "wagtailcore.referenceindex",
  "pk": 2,
  "fields": {
    "content_type": [
      "home",
      "homepage"
    ],
    "base_content_type": [
      "wagtailcore",
      "page"
    ],
    "object_id": "3",
    "to_content_type": [
      "wagtailimages",
      "image"
    ],
    "to_object_id": "1",
    "model_path": "body.",
    "content_path": "body.",
    "content_path_hash": "4d332296-be98-5f77-a5ad-cbe1e1aacda5"
  }
},
{
  "model": "wagtailcore.referenceindex",
  "pk": 3,
  "fields": {
    "content_type": [
      "wagtailimages",
      "image"
    ],
    "base_content_type": [
      "wagtailimages",
      "image"
    ],
    "object_id": "2",
    "to_content_type": [
      "wagtailcore",
      "collection"
    ],
    "to_object_id": "1",
    "model_path": "collection",
    "content_path": "collection",
    "content_path_hash": "b40b1263-e929-57f2-a7f8-9dbce56b887b"
  }
},
{
  "model": "wagtailcore.referenceindex",
  "pk": 4,
  "fields": {
    "content_type": [
      "wagtailimages",
      "image"
    ],
    "base_content_type": [
      "wagtailimages",
      "image"
    ],
    "object_id": "3",
    "to_content_type": [
      "wagtailcore",
      "collection"
    ],
    "to_object_id": "1",
    "model_path": "collection",
    "content_path": "collection",
    "content_path_hash": "b40b1263-e929-57f2-a7f8-9dbce56b887b"
  }
},
{
  "model": "wagtailcore.referenceindex",
  "pk": 5,
  "fields": {
    "content_type": [
      "wagtailimages",
      "image"
    ],
    "base_content_type": [
      "wagtailimages",
      "image"
    ],
    "object_id": "4",
    "to_content_type": [
      "wagtailcore",
      "collection"
    ],
    "to_object_id": "1",
    "model_path": "collection",
    "content_path": "collection",
    "content_path_hash": "b40b1263-e929-57f2-a7f8-9dbce56b887b"
  }
},
{
  "model": "wagtailcore.referenceindex",
  "pk": 6,
  "fields": {
    "content_type": [
      "home",
      "homepage"
    ],
    "base_content_type": [
      "wagtailcore",
      "page"
    ],
    "object_id": "10",
    "to_content_type": [
      "wagtailcore",
      "page"
    ],
    "to_object_id": "3",
    "model_path": "body.",
    "content_path": "body.",
    "content_path_hash": "4d332296-be98-5f77-a5ad-cbe1e1aacda5"
  }
},
{
  "model": "wagtailcore.referenceindex",
  "pk": 7,
  "fields": {
    "content_type": [
      "home",
      "homepage"
    ],
    "base_content_type": [
      "wagtailcore",
      "page"
    ],
    "object_id": "10",
    "to_content_type": [
      "wagtailimages",
      "image"
    ],
    "to_object_id": "4",
    "model_path": "body.",
    "content_path": "body.",
    "content_path_hash": "4d332296-be98-5f77-a5ad-cbe1e1aacda5"
  }
},
{
  "model": "wagtailcore.workflowpage",
  "pk": 1,
  "fields": {
    "workflow": 1
  }
},
{
  "model": "wagtailcore.workflowtask",
  "pk": 1,
  "fields": {
    "sort_order": 0,
    "workflow": 1,
    "task": 1
  }
},
{
  "model": "wagtailcore.task",
  "pk": 1,
  "fields": {
    "name": "Moderators approval",
    "content_type": [
      "wagtailcore",
      "groupapprovaltask"
    ],
    "active": true
  }
},
{
  "model": "wagtailcore.workflow",
  "pk": 1,
  "fields": {
    "name": "Moderators approval",
    "active": true
  }
},
{
  "model": "auth.group",
  "pk": 1,
  "fields": {
    "name": "Moderators",
    "permissions": [
      [
        "access_admin",
        "wagtailadmin",
        "admin"
      ],
      [
        "add_document",
        "wagtaildocs",
        "document"
      ],
      [
        "change_document",
        "wagtaildocs",
        "document"
      ],
      [
        "choose_document",
        "wagtaildocs",
        "document"
      ],
      [
        "delete_document",
        "wagtaildocs",
        "document"
      ],
      [
        "add_image",
        "wagtailimages",
        "image"
      ],
      [
        "change_image",
        "wagtailimages",
        "image"
      ],
      [
        "delete_image",
        "wagtailimages",
        "image"
      ]
    ]
  }
},
{
  "model": "auth.group",
  "pk": 2,
  "fields": {
    "name": "Editors",
    "permissions": [
      [
        "access_admin",
        "wagtailadmin",
        "admin"
      ],
      [
        "add_document",
        "wagtaildocs",
        "document"
      ],
      [
        "change_document",
        "wagtaildocs",
        "document"
      ],
      [
        "choose_document",
        "wagtaildocs",
        "document"
      ],
      [
        "delete_document",
        "wagtaildocs",
        "document"
      ],
      [
        "add_image",
        "wagtailimages",
        "image"
      ],
      [
        "change_image",
        "wagtailimages",
        "image"
      ],
      [
        "delete_image",
        "wagtailimages",
        "image"
      ]
    ]
  }
},
{
  "model": "auth.group",
  "pk": 3,
  "fields": {
    "name": "LAGE",
    "permissions": []
  }
},
{
  "model": "auth.group",
  "pk": 4,
  "fields": {
    "name": "LAME",
    "permissions": []
  }
},
{
  "model": "auth.group",
  "pk": 5,
  "fields": {
    "name": "LADE",
    "permissions": []
  }
},
{
  "model": "auth.user",
  "pk": 1,
  "fields": {
    "password": "pbkdf2_sha256$720000$2ijEVFWA39fdbdPogyTbAY$M4J9Q4xTqGGNdQ3vBPyzrLL+QiiIe4a9ozCg2BLlNdg=",
    "last_login": "2024-07-29T11:47:43.830Z",
    "is_superuser": true,
    "username": "admin",
    "first_name": "Admin",
    "last_name": "Admin",
    "email": "m.prenassi@gmail.com",
    "is_staff": true,
    "is_active": true,
    "date_joined": "2024-07-15T13:02:47.096Z",
    "groups": [
      [
        "LAGE"
      ],
      [
        "LAME"
      ]
    ],
    "user_permissions": []
  }
},
{
  "model": "auth.user",
  "pk": 2,
  "fields": {
    "password": "pbkdf2_sha256$720000$YbQ8uRYsJ5yiYOYRSCIWUG$+NTj4b/GqLY+xLFso85zQqWQD8nSv+7/Pzu+f93mbOM=",
    "last_login": "2024-07-18T14:26:17.273Z",
    "is_superuser": false,
    "username": "test_lage",
    "first_name": "Test",
    "last_name": "Lage",
    "email": "m.prenassi@gmail.com",
    "is_staff": false,
    "is_active": true,
    "date_joined": "2024-07-15T13:09:45.940Z",
    "groups": [
      [
        "LAGE"
      ]
    ],
    "user_permissions": []
  }
},
{
  "model": "auth.user",
  "pk": 3,
  "fields": {
    "password": "pbkdf2_sha256$720000$MJS9iEAoNgBXN9LZbN0ej8$zAGF6Xd/T2mdrN1nkFCmD8X31mbaWWTqjrxGsyGzKJ0=",
    "last_login": "2024-07-25T12:49:02.457Z",
    "is_superuser": false,
    "username": "vpiompon",
    "first_name": "Valerio",
    "last_name": "Piomponi",
    "email": "valerio.piomponi@areasciencepark.it",
    "is_staff": false,
    "is_active": true,
    "date_joined": "2024-07-22T12:05:54.344Z",
    "groups": [
      [
        "LADE"
      ]
    ],
    "user_permissions": []
  }
},
{
  "model": "account.emailaddress",
  "pk": 1,
  "fields": {
    "user": [
      "vpiompon"
    ],
    "email": "valerio.piomponi@areasciencepark.it",
    "verified": false,
    "primary": true
  }
},
{
  "model": "wagtailcore.pagesubscription",
  "pk": 2,
  "fields": {
    "user": [
      "admin"
    ],
    "page": 3,
    "comment_notifications": true
  }
},
{
  "model": "wagtailcore.pagesubscription",
  "pk": 3,
  "fields": {
    "user": [
      "admin"
    ],
    "page": 4,
    "comment_notifications": true
  }
},
{
  "model": "wagtailcore.pagesubscription",
  "pk": 4,
  "fields": {
    "user": [
      "admin"
    ],
    "page": 5,
    "comment_notifications": true
  }
},
{
  "model": "wagtailcore.pagesubscription",
  "pk": 5,
  "fields": {
    "user": [
      "admin"
    ],
    "page": 6,
    "comment_notifications": true
  }
},
{
  "model": "wagtailcore.pagesubscription",
  "pk": 6,
  "fields": {
    "user": [
      "admin"
    ],
    "page": 7,
    "comment_notifications": true
  }
},
{
  "model": "wagtailcore.pagesubscription",
  "pk": 7,
  "fields": {
    "user": [
      "admin"
    ],
    "page": 8,
    "comment_notifications": true
  }
},
{
  "model": "wagtailcore.pagesubscription",
  "pk": 8,
  "fields": {
    "user": [
      "admin"
    ],
    "page": 9,
    "comment_notifications": true
  }
},
{
  "model": "wagtailcore.pagesubscription",
  "pk": 9,
  "fields": {
    "user": [
      "admin"
    ],
    "page": 10,
    "comment_notifications": true
  }
},
{
  "model": "wagtailcore.pagelogentry",
  "pk": 1,
  "fields": {
    "content_type": [
      "wagtailcore",
      "page"
    ],
    "label": "Welcome to your new Wagtail site!",
    "action": "wagtail.delete",
    "data": {},
    "timestamp": "2024-07-15T13:04:09.808Z",
    "uuid": "6118a29f-f6d2-46e3-acb6-de419f58be3a",
    "user": [
      "admin"
    ],
    "revision": null,
    "content_changed": false,
    "deleted": true,
    "page": 2
  }
},
{
  "model": "wagtailcore.pagelogentry",
  "pk": 2,
  "fields": {
    "content_type": [
      "home",
      "homepage"
    ],
    "label": "Home Page",
    "action": "wagtail.create",
    "data": {},
    "timestamp": "2024-07-15T13:05:14.864Z",
    "uuid": "5eaea4ad-bef1-4397-8671-e8dc829a5764",
    "user": [
      "admin"
    ],
    "revision": null,
    "content_changed": true,
    "deleted": false,
    "page": 3
  }
},
{
  "model": "wagtailcore.pagelogentry",
  "pk": 3,
  "fields": {
    "content_type": [
      "home",
      "homepage"
    ],
    "label": "Home Page",
    "action": "wagtail.edit",
    "data": {},
    "timestamp": "2024-07-15T13:05:14.891Z",
    "uuid": "5eaea4ad-bef1-4397-8671-e8dc829a5764",
    "user": [
      "admin"
    ],
    "revision": 1,
    "content_changed": true,
    "deleted": false,
    "page": 3
  }
},
{
  "model": "wagtailcore.pagelogentry",
  "pk": 4,
  "fields": {
    "content_type": [
      "home",
      "homepage"
    ],
    "label": "Home Page",
    "action": "wagtail.publish",
    "data": {},
    "timestamp": "2024-07-15T13:05:14.942Z",
    "uuid": "5eaea4ad-bef1-4397-8671-e8dc829a5764",
    "user": [
      "admin"
    ],
    "revision": 1,
    "content_changed": true,
    "deleted": false,
    "page": 3
  }
},
{
  "model": "wagtailcore.pagelogentry",
  "pk": 5,
  "fields": {
    "content_type": [
      "home",
      "homepage"
    ],
    "label": "Home Page",
    "action": "wagtail.edit",
    "data": {},
    "timestamp": "2024-07-15T13:05:37.729Z",
    "uuid": "32ca5811-b498-4553-829c-81e77af58bc6",
    "user": [
      "admin"
    ],
    "revision": 2,
    "content_changed": true,
    "deleted": false,
    "page": 3
  }
},
{
  "model": "wagtailcore.pagelogentry",
  "pk": 6,
  "fields": {
    "content_type": [
      "home",
      "homepage"
    ],
    "label": "Home Page",
    "action": "wagtail.publish",
    "data": {},
    "timestamp": "2024-07-15T13:05:37.801Z",
    "uuid": "32ca5811-b498-4553-829c-81e77af58bc6",
    "user": [
      "admin"
    ],
    "revision": 2,
    "content_changed": false,
    "deleted": false,
    "page": 3
  }
},
{
  "model": "wagtailcore.pagelogentry",
  "pk": 7,
  "fields": {
    "content_type": [
      "home",
      "homepage"
    ],
    "label": "Home Page",
    "action": "wagtail.edit",
    "data": {},
    "timestamp": "2024-07-15T13:05:48.894Z",
    "uuid": "310c61c7-e2a8-4dd4-a110-a181831da450",
    "user": [
      "admin"
    ],
    "revision": 3,
    "content_changed": true,
    "deleted": false,
    "page": 3
  }
},
{
  "model": "wagtailcore.pagelogentry",
  "pk": 8,
  "fields": {
    "content_type": [
      "home",
      "homepage"
    ],
    "label": "Home Page",
    "action": "wagtail.publish",
    "data": {},
    "timestamp": "2024-07-15T13:05:48.944Z",
    "uuid": "310c61c7-e2a8-4dd4-a110-a181831da450",
    "user": [
      "admin"
    ],
    "revision": 3,
    "content_changed": false,
    "deleted": false,
    "page": 3
  }
},
{
  "model": "wagtailcore.pagelogentry",
  "pk": 9,
  "fields": {
    "content_type": [
      "home",
      "switchlabpage"
    ],
    "label": "Switch Lab",
    "action": "wagtail.create",
    "data": {},
    "timestamp": "2024-07-15T13:07:52.483Z",
    "uuid": "9bd27755-900b-474a-87d3-d2b009529cc8",
    "user": [
      "admin"
    ],
    "revision": null,
    "content_changed": true,
    "deleted": false,
    "page": 4
  }
},
{
  "model": "wagtailcore.pagelogentry",
  "pk": 10,
  "fields": {
    "content_type": [
      "home",
      "switchlabpage"
    ],
    "label": "Switch Lab",
    "action": "wagtail.edit",
    "data": {},
    "timestamp": "2024-07-15T13:07:52.513Z",
    "uuid": "9bd27755-900b-474a-87d3-d2b009529cc8",
    "user": [
      "admin"
    ],
    "revision": 4,
    "content_changed": true,
    "deleted": false,
    "page": 4
  }
},
{
  "model": "wagtailcore.pagelogentry",
  "pk": 11,
  "fields": {
    "content_type": [
      "home",
      "switchlabpage"
    ],
    "label": "Switch Lab",
    "action": "wagtail.publish",
    "data": {},
    "timestamp": "2024-07-15T13:07:52.558Z",
    "uuid": "9bd27755-900b-474a-87d3-d2b009529cc8",
    "user": [
      "admin"
    ],
    "revision": 4,
    "content_changed": true,
    "deleted": false,
    "page": 4
  }
},
{
  "model": "wagtailcore.pagelogentry",
  "pk": 12,
  "fields": {
    "content_type": [
      "home",
      "switchlabpage"
    ],
    "label": "Switch Lab",
    "action": "wagtail.edit",
    "data": {},
    "timestamp": "2024-07-15T13:08:10.176Z",
    "uuid": "7838949d-3f78-4ec8-9b28-cdeb9f2db3ad",
    "user": [
      "admin"
    ],
    "revision": 5,
    "content_changed": true,
    "deleted": false,
    "page": 4
  }
},
{
  "model": "wagtailcore.pagelogentry",
  "pk": 13,
  "fields": {
    "content_type": [
      "home",
      "switchlabpage"
    ],
    "label": "Switch Laboratory",
    "action": "wagtail.rename",
    "data": {
      "title": {
        "new": "Switch Laboratory",
        "old": "Switch Lab"
      }
    },
    "timestamp": "2024-07-15T13:08:10.221Z",
    "uuid": "7838949d-3f78-4ec8-9b28-cdeb9f2db3ad",
    "user": [
      "admin"
    ],
    "revision": 5,
    "content_changed": false,
    "deleted": false,
    "page": 4
  }
},
{
  "model": "wagtailcore.pagelogentry",
  "pk": 14,
  "fields": {
    "content_type": [
      "home",
      "switchlabpage"
    ],
    "label": "Switch Laboratory",
    "action": "wagtail.publish",
    "data": {
      "title": {
        "new": "Switch Laboratory",
        "old": "Switch Lab"
      }
    },
    "timestamp": "2024-07-15T13:08:10.225Z",
    "uuid": "7838949d-3f78-4ec8-9b28-cdeb9f2db3ad",
    "user": [
      "admin"
    ],
    "revision": 5,
    "content_changed": true,
    "deleted": false,
    "page": 4
  }
},
{
  "model": "wagtailcore.pagelogentry",
  "pk": 15,
  "fields": {
    "content_type": [
      "home",
      "switchlabpage"
    ],
    "label": "Switch Laboratory",
    "action": "wagtail.edit",
    "data": {},
    "timestamp": "2024-07-15T13:08:29.517Z",
    "uuid": "7ce29405-1c8a-4f34-bf53-2f6742783a37",
    "user": [
      "admin"
    ],
    "revision": 6,
    "content_changed": true,
    "deleted": false,
    "page": 4
  }
},
{
  "model": "wagtailcore.pagelogentry",
  "pk": 16,
  "fields": {
    "content_type": [
      "home",
      "switchlabpage"
    ],
    "label": "Switch Laboratory",
    "action": "wagtail.publish",
    "data": {},
    "timestamp": "2024-07-15T13:08:29.587Z",
    "uuid": "7ce29405-1c8a-4f34-bf53-2f6742783a37",
    "user": [
      "admin"
    ],
    "revision": 6,
    "content_changed": true,
    "deleted": false,
    "page": 4
  }
},
{
  "model": "wagtailcore.pagelogentry",
  "pk": 17,
  "fields": {
    "content_type": [
      "home",
      "sampleentryform"
    ],
    "label": "Sample Entry",
    "action": "wagtail.create",
    "data": {},
    "timestamp": "2024-07-15T13:08:58.084Z",
    "uuid": "ffbc4081-d339-4ce6-ba0b-0d37a1878759",
    "user": [
      "admin"
    ],
    "revision": null,
    "content_changed": true,
    "deleted": false,
    "page": 5
  }
},
{
  "model": "wagtailcore.pagelogentry",
  "pk": 18,
  "fields": {
    "content_type": [
      "home",
      "sampleentryform"
    ],
    "label": "Sample Entry",
    "action": "wagtail.edit",
    "data": {},
    "timestamp": "2024-07-15T13:08:58.106Z",
    "uuid": "ffbc4081-d339-4ce6-ba0b-0d37a1878759",
    "user": [
      "admin"
    ],
    "revision": 7,
    "content_changed": true,
    "deleted": false,
    "page": 5
  }
},
{
  "model": "wagtailcore.pagelogentry",
  "pk": 19,
  "fields": {
    "content_type": [
      "home",
      "sampleentryform"
    ],
    "label": "Sample Entry",
    "action": "wagtail.publish",
    "data": {},
    "timestamp": "2024-07-15T13:08:58.144Z",
    "uuid": "ffbc4081-d339-4ce6-ba0b-0d37a1878759",
    "user": [
      "admin"
    ],
    "revision": 7,
    "content_changed": true,
    "deleted": false,
    "page": 5
  }
},
{
  "model": "wagtailcore.pagelogentry",
  "pk": 20,
  "fields": {
    "content_type": [
      "home",
      "switchlabpage"
    ],
    "label": "Switch Laboratory",
    "action": "wagtail.view_restriction.create",
    "data": {
      "restriction": {
        "type": "login",
        "title": "Private, accessible to any logged-in users"
      }
    },
    "timestamp": "2024-07-15T13:12:35.529Z",
    "uuid": "a5cc7c05-805e-4595-b6b6-eded4e870250",
    "user": [
      "admin"
    ],
    "revision": null,
    "content_changed": false,
    "deleted": false,
    "page": 4
  }
},
{
  "model": "wagtailcore.pagelogentry",
  "pk": 21,
  "fields": {
    "content_type": [
      "home",
      "switchlabpage"
    ],
    "label": "Switch Laboratory",
    "action": "wagtail.edit",
    "data": {},
    "timestamp": "2024-07-15T13:12:39.369Z",
    "uuid": "95b8b8ea-88a1-46ce-9609-aa77cb15d7cd",
    "user": [
      "admin"
    ],
    "revision": 8,
    "content_changed": true,
    "deleted": false,
    "page": 4
  }
},
{
  "model": "wagtailcore.pagelogentry",
  "pk": 22,
  "fields": {
    "content_type": [
      "home",
      "switchlabpage"
    ],
    "label": "Switch Laboratory",
    "action": "wagtail.publish",
    "data": {},
    "timestamp": "2024-07-15T13:12:39.422Z",
    "uuid": "95b8b8ea-88a1-46ce-9609-aa77cb15d7cd",
    "user": [
      "admin"
    ],
    "revision": 8,
    "content_changed": false,
    "deleted": false,
    "page": 4
  }
},
{
  "model": "wagtailcore.pagelogentry",
  "pk": 23,
  "fields": {
    "content_type": [
      "home",
      "sampleentryform"
    ],
    "label": "Sample Entry",
    "action": "wagtail.view_restriction.create",
    "data": {
      "restriction": {
        "type": "login",
        "title": "Private, accessible to any logged-in users"
      }
    },
    "timestamp": "2024-07-15T13:12:47.263Z",
    "uuid": "438a78a0-d9e0-4785-bed2-6ef244d29883",
    "user": [
      "admin"
    ],
    "revision": null,
    "content_changed": false,
    "deleted": false,
    "page": 5
  }
},
{
  "model": "wagtailcore.pagelogentry",
  "pk": 24,
  "fields": {
    "content_type": [
      "home",
      "sampleentryform"
    ],
    "label": "Sample Entry",
    "action": "wagtail.edit",
    "data": {},
    "timestamp": "2024-07-15T13:12:49.756Z",
    "uuid": "e1d2f8bd-de47-4ab2-9839-963ee5eddfe1",
    "user": [
      "admin"
    ],
    "revision": 9,
    "content_changed": true,
    "deleted": false,
    "page": 5
  }
},
{
  "model": "wagtailcore.pagelogentry",
  "pk": 25,
  "fields": {
    "content_type": [
      "home",
      "sampleentryform"
    ],
    "label": "Sample Entry",
    "action": "wagtail.publish",
    "data": {},
    "timestamp": "2024-07-15T13:12:49.804Z",
    "uuid": "e1d2f8bd-de47-4ab2-9839-963ee5eddfe1",
    "user": [
      "admin"
    ],
    "revision": 9,
    "content_changed": false,
    "deleted": false,
    "page": 5
  }
},
{
  "model": "wagtailcore.pagelogentry",
  "pk": 26,
  "fields": {
    "content_type": [
      "home",
      "sampleentryform"
    ],
    "label": "Sample Entry",
    "action": "wagtail.edit",
    "data": {},
    "timestamp": "2024-07-15T13:14:04.732Z",
    "uuid": "11da99c6-e539-467b-8239-c6568a720618",
    "user": [
      "admin"
    ],
    "revision": 10,
    "content_changed": true,
    "deleted": false,
    "page": 5
  }
},
{
  "model": "wagtailcore.pagelogentry",
  "pk": 27,
  "fields": {
    "content_type": [
      "home",
      "sampleentryform"
    ],
    "label": "Sample Entry",
    "action": "wagtail.publish",
    "data": {},
    "timestamp": "2024-07-15T13:14:04.787Z",
    "uuid": "11da99c6-e539-467b-8239-c6568a720618",
    "user": [
      "admin"
    ],
    "revision": 10,
    "content_changed": true,
    "deleted": false,
    "page": 5
  }
},
{
  "model": "wagtailcore.pagelogentry",
  "pk": 28,
  "fields": {
    "content_type": [
      "home",
      "homepage"
    ],
    "label": "Pagina pubblica di test",
    "action": "wagtail.create",
    "data": {},
    "timestamp": "2024-07-15T13:20:46.184Z",
    "uuid": "26fd4980-efbe-4312-b80f-97e108fe99a8",
    "user": [
      "admin"
    ],
    "revision": null,
    "content_changed": true,
    "deleted": false,
    "page": 6
  }
},
{
  "model": "wagtailcore.pagelogentry",
  "pk": 29,
  "fields": {
    "content_type": [
      "home",
      "homepage"
    ],
    "label": "Pagina pubblica di test",
    "action": "wagtail.edit",
    "data": {},
    "timestamp": "2024-07-15T13:20:46.220Z",
    "uuid": "26fd4980-efbe-4312-b80f-97e108fe99a8",
    "user": [
      "admin"
    ],
    "revision": 11,
    "content_changed": true,
    "deleted": false,
    "page": 6
  }
},
{
  "model": "wagtailcore.pagelogentry",
  "pk": 30,
  "fields": {
    "content_type": [
      "home",
      "homepage"
    ],
    "label": "Pagina pubblica di test",
    "action": "wagtail.edit",
    "data": {},
    "timestamp": "2024-07-15T13:21:13.785Z",
    "uuid": "e84965a7-c1fc-46b4-af85-8edf57c8b945",
    "user": [
      "admin"
    ],
    "revision": 12,
    "content_changed": true,
    "deleted": false,
    "page": 6
  }
},
{
  "model": "wagtailcore.pagelogentry",
  "pk": 31,
  "fields": {
    "content_type": [
      "home",
      "homepage"
    ],
    "label": "Pagina pubblica di test",
    "action": "wagtail.publish",
    "data": {},
    "timestamp": "2024-07-15T13:21:13.824Z",
    "uuid": "e84965a7-c1fc-46b4-af85-8edf57c8b945",
    "user": [
      "admin"
    ],
    "revision": 12,
    "content_changed": false,
    "deleted": false,
    "page": 6
  }
},
{
  "model": "wagtailcore.pagelogentry",
  "pk": 32,
  "fields": {
    "content_type": [
      "home",
      "dmppage"
    ],
    "label": "Laboratory Data Management Plan",
    "action": "wagtail.create",
    "data": {},
    "timestamp": "2024-07-17T11:36:43.044Z",
    "uuid": "06691b6b-9573-4301-a3df-32c8cb0a49f5",
    "user": [
      "admin"
    ],
    "revision": null,
    "content_changed": true,
    "deleted": false,
    "page": 7
  }
},
{
  "model": "wagtailcore.pagelogentry",
  "pk": 33,
  "fields": {
    "content_type": [
      "home",
      "dmppage"
    ],
    "label": "Laboratory Data Management Plan",
    "action": "wagtail.edit",
    "data": {},
    "timestamp": "2024-07-17T11:36:43.069Z",
    "uuid": "06691b6b-9573-4301-a3df-32c8cb0a49f5",
    "user": [
      "admin"
    ],
    "revision": 13,
    "content_changed": true,
    "deleted": false,
    "page": 7
  }
},
{
  "model": "wagtailcore.pagelogentry",
  "pk": 34,
  "fields": {
    "content_type": [
      "home",
      "dmppage"
    ],
    "label": "Laboratory Data Management Plan",
    "action": "wagtail.publish",
    "data": {},
    "timestamp": "2024-07-17T11:36:43.112Z",
    "uuid": "06691b6b-9573-4301-a3df-32c8cb0a49f5",
    "user": [
      "admin"
    ],
    "revision": 13,
    "content_changed": true,
    "deleted": false,
    "page": 7
  }
},
{
  "model": "wagtailcore.pagelogentry",
  "pk": 35,
  "fields": {
    "content_type": [
      "home",
      "dmppage"
    ],
    "label": "Laboratory Data Management Plan",
    "action": "wagtail.view_restriction.create",
    "data": {
      "restriction": {
        "type": "login",
        "title": "Private, accessible to any logged-in users"
      }
    },
    "timestamp": "2024-07-17T11:36:55.511Z",
    "uuid": "78a234a1-8dc0-4897-87b0-3a703af9942a",
    "user": [
      "admin"
    ],
    "revision": null,
    "content_changed": false,
    "deleted": false,
    "page": 7
  }
},
{
  "model": "wagtailcore.pagelogentry",
  "pk": 36,
  "fields": {
    "content_type": [
      "home",
      "dmppage"
    ],
    "label": "Laboratory Data Management Plan",
    "action": "wagtail.edit",
    "data": {},
    "timestamp": "2024-07-17T11:36:58.196Z",
    "uuid": "d7496518-924c-417f-9ef3-4c5bd5d40796",
    "user": [
      "admin"
    ],
    "revision": 14,
    "content_changed": true,
    "deleted": false,
    "page": 7
  }
},
{
  "model": "wagtailcore.pagelogentry",
  "pk": 37,
  "fields": {
    "content_type": [
      "home",
      "dmppage"
    ],
    "label": "Laboratory Data Management Plan",
    "action": "wagtail.publish",
    "data": {},
    "timestamp": "2024-07-17T11:36:58.240Z",
    "uuid": "d7496518-924c-417f-9ef3-4c5bd5d40796",
    "user": [
      "admin"
    ],
    "revision": 14,
    "content_changed": false,
    "deleted": false,
    "page": 7
  }
},
{
  "model": "wagtailcore.pagelogentry",
  "pk": 38,
  "fields": {
    "content_type": [
      "home",
      "dmppage"
    ],
    "label": "Laboratory Data Management Plan",
    "action": "wagtail.edit",
    "data": {},
    "timestamp": "2024-07-18T10:41:01.396Z",
    "uuid": "1a42bdc2-4fd6-4f8a-b006-170233b585ed",
    "user": [
      "admin"
    ],
    "revision": 15,
    "content_changed": true,
    "deleted": false,
    "page": 7
  }
},
{
  "model": "wagtailcore.pagelogentry",
  "pk": 39,
  "fields": {
    "content_type": [
      "home",
      "dmppage"
    ],
    "label": "Laboratory Core Data Management Plan",
    "action": "wagtail.rename",
    "data": {
      "title": {
        "new": "Laboratory Core Data Management Plan",
        "old": "Laboratory Data Management Plan"
      }
    },
    "timestamp": "2024-07-18T10:41:01.451Z",
    "uuid": "1a42bdc2-4fd6-4f8a-b006-170233b585ed",
    "user": [
      "admin"
    ],
    "revision": 15,
    "content_changed": false,
    "deleted": false,
    "page": 7
  }
},
{
  "model": "wagtailcore.pagelogentry",
  "pk": 40,
  "fields": {
    "content_type": [
      "home",
      "dmppage"
    ],
    "label": "Laboratory Core Data Management Plan",
    "action": "wagtail.publish",
    "data": {
      "title": {
        "new": "Laboratory Core Data Management Plan",
        "old": "Laboratory Data Management Plan"
      }
    },
    "timestamp": "2024-07-18T10:41:01.455Z",
    "uuid": "1a42bdc2-4fd6-4f8a-b006-170233b585ed",
    "user": [
      "admin"
    ],
    "revision": 15,
    "content_changed": true,
    "deleted": false,
    "page": 7
  }
},
{
  "model": "wagtailcore.pagelogentry",
  "pk": 41,
  "fields": {
    "content_type": [
      "home",
      "dmpsearchpage"
    ],
    "label": "Search Page",
    "action": "wagtail.create",
    "data": {},
    "timestamp": "2024-07-18T14:25:02.300Z",
    "uuid": "ef2771aa-5649-4e18-a01f-938fbe19f614",
    "user": [
      "admin"
    ],
    "revision": null,
    "content_changed": true,
    "deleted": false,
    "page": 8
  }
},
{
  "model": "wagtailcore.pagelogentry",
  "pk": 42,
  "fields": {
    "content_type": [
      "home",
      "dmpsearchpage"
    ],
    "label": "Search Page",
    "action": "wagtail.edit",
    "data": {},
    "timestamp": "2024-07-18T14:25:02.337Z",
    "uuid": "ef2771aa-5649-4e18-a01f-938fbe19f614",
    "user": [
      "admin"
    ],
    "revision": 16,
    "content_changed": true,
    "deleted": false,
    "page": 8
  }
},
{
  "model": "wagtailcore.pagelogentry",
  "pk": 43,
  "fields": {
    "content_type": [
      "home",
      "dmpsearchpage"
    ],
    "label": "Search Page",
    "action": "wagtail.publish",
    "data": {},
    "timestamp": "2024-07-18T14:25:02.380Z",
    "uuid": "ef2771aa-5649-4e18-a01f-938fbe19f614",
    "user": [
      "admin"
    ],
    "revision": 16,
    "content_changed": true,
    "deleted": false,
    "page": 8
  }
},
{
  "model": "wagtailcore.pagelogentry",
  "pk": 44,
  "fields": {
    "content_type": [
      "home",
      "dmpsearchpage"
    ],
    "label": "Search Page",
    "action": "wagtail.view_restriction.create",
    "data": {
      "restriction": {
        "type": "login",
        "title": "Private, accessible to any logged-in users"
      }
    },
    "timestamp": "2024-07-18T14:25:13.879Z",
    "uuid": "37155c1c-5ce3-4100-b2e8-e74feabb5a9c",
    "user": [
      "admin"
    ],
    "revision": null,
    "content_changed": false,
    "deleted": false,
    "page": 8
  }
},
{
  "model": "wagtailcore.pagelogentry",
  "pk": 45,
  "fields": {
    "content_type": [
      "home",
      "dmpsearchpage"
    ],
    "label": "Search Page",
    "action": "wagtail.edit",
    "data": {},
    "timestamp": "2024-07-18T14:25:20.737Z",
    "uuid": "8499b06d-1275-4916-9fb4-815b5b596468",
    "user": [
      "admin"
    ],
    "revision": 17,
    "content_changed": true,
    "deleted": false,
    "page": 8
  }
},
{
  "model": "wagtailcore.pagelogentry",
  "pk": 46,
  "fields": {
    "content_type": [
      "home",
      "dmpsearchpage"
    ],
    "label": "Search Page",
    "action": "wagtail.publish",
    "data": {},
    "timestamp": "2024-07-18T14:25:20.795Z",
    "uuid": "8499b06d-1275-4916-9fb4-815b5b596468",
    "user": [
      "admin"
    ],
    "revision": 17,
    "content_changed": false,
    "deleted": false,
    "page": 8
  }
},
{
  "model": "wagtailcore.pagelogentry",
  "pk": 47,
  "fields": {
    "content_type": [
      "home",
      "dmpsearchpage"
    ],
    "label": "Search Page",
    "action": "wagtail.edit",
    "data": {},
    "timestamp": "2024-07-18T14:25:49.101Z",
    "uuid": "297bb390-c05d-4bf9-91b8-3ff661857d03",
    "user": [
      "admin"
    ],
    "revision": 18,
    "content_changed": true,
    "deleted": false,
    "page": 8
  }
},
{
  "model": "wagtailcore.pagelogentry",
  "pk": 48,
  "fields": {
    "content_type": [
      "home",
      "dmpsearchpage"
    ],
    "label": "Search Page",
    "action": "wagtail.publish",
    "data": {},
    "timestamp": "2024-07-18T14:25:49.142Z",
    "uuid": "297bb390-c05d-4bf9-91b8-3ff661857d03",
    "user": [
      "admin"
    ],
    "revision": 18,
    "content_changed": true,
    "deleted": false,
    "page": 8
  }
},
{
  "model": "wagtailcore.pagelogentry",
  "pk": 49,
  "fields": {
    "content_type": [
      "home",
      "dmpviewpage"
    ],
    "label": "DMP VIEW",
    "action": "wagtail.create",
    "data": {},
    "timestamp": "2024-07-18T14:56:49.155Z",
    "uuid": "8ae1ec9b-b11d-425a-83c0-c80e1cbd91cb",
    "user": [
      "admin"
    ],
    "revision": null,
    "content_changed": true,
    "deleted": false,
    "page": 9
  }
},
{
  "model": "wagtailcore.pagelogentry",
  "pk": 50,
  "fields": {
    "content_type": [
      "home",
      "dmpviewpage"
    ],
    "label": "DMP VIEW",
    "action": "wagtail.edit",
    "data": {},
    "timestamp": "2024-07-18T14:56:49.182Z",
    "uuid": "8ae1ec9b-b11d-425a-83c0-c80e1cbd91cb",
    "user": [
      "admin"
    ],
    "revision": 19,
    "content_changed": true,
    "deleted": false,
    "page": 9
  }
},
{
  "model": "wagtailcore.pagelogentry",
  "pk": 51,
  "fields": {
    "content_type": [
      "home",
      "dmpviewpage"
    ],
    "label": "DMP VIEW",
    "action": "wagtail.publish",
    "data": {},
    "timestamp": "2024-07-18T14:56:49.222Z",
    "uuid": "8ae1ec9b-b11d-425a-83c0-c80e1cbd91cb",
    "user": [
      "admin"
    ],
    "revision": 19,
    "content_changed": true,
    "deleted": false,
    "page": 9
  }
},
{
  "model": "wagtailcore.pagelogentry",
  "pk": 52,
  "fields": {
    "content_type": [
      "home",
      "homepage"
    ],
    "label": "Home Page",
    "action": "wagtail.edit",
    "data": {},
    "timestamp": "2024-07-25T12:37:56.122Z",
    "uuid": "76659cb6-f9fa-43d7-9ed5-e0f9d9fe7f8b",
    "user": [
      "admin"
    ],
    "revision": 20,
    "content_changed": true,
    "deleted": false,
    "page": 3
  }
},
{
  "model": "wagtailcore.pagelogentry",
  "pk": 53,
  "fields": {
    "content_type": [
      "home",
      "homepage"
    ],
    "label": "Home Page",
    "action": "wagtail.publish",
    "data": {},
    "timestamp": "2024-07-25T12:37:56.243Z",
    "uuid": "76659cb6-f9fa-43d7-9ed5-e0f9d9fe7f8b",
    "user": [
      "admin"
    ],
    "revision": 20,
    "content_changed": true,
    "deleted": false,
    "page": 3
  }
},
{
  "model": "wagtailcore.pagelogentry",
  "pk": 54,
  "fields": {
    "content_type": [
      "home",
      "sampleentryform"
    ],
    "label": "Sample Entry",
    "action": "wagtail.edit",
    "data": {},
    "timestamp": "2024-07-25T12:40:53.860Z",
    "uuid": "08080c6c-95a0-4ca4-ae79-3a632299856d",
    "user": [
      "admin"
    ],
    "revision": 21,
    "content_changed": true,
    "deleted": false,
    "page": 5
  }
},
{
  "model": "wagtailcore.pagelogentry",
  "pk": 55,
  "fields": {
    "content_type": [
      "home",
      "sampleentryform"
    ],
    "label": "Sample Entry",
    "action": "wagtail.publish",
    "data": {},
    "timestamp": "2024-07-25T12:40:53.973Z",
    "uuid": "08080c6c-95a0-4ca4-ae79-3a632299856d",
    "user": [
      "admin"
    ],
    "revision": 21,
    "content_changed": false,
    "deleted": false,
    "page": 5
  }
},
{
  "model": "wagtailcore.pagelogentry",
  "pk": 56,
  "fields": {
    "content_type": [
      "home",
      "homepage"
    ],
    "label": "New page",
    "action": "wagtail.create",
    "data": {},
    "timestamp": "2024-07-25T12:44:43.328Z",
    "uuid": "a374d7cd-1a48-4416-a5b1-6f5121afd0e5",
    "user": [
      "admin"
    ],
    "revision": null,
    "content_changed": true,
    "deleted": false,
    "page": 10
  }
},
{
  "model": "wagtailcore.pagelogentry",
  "pk": 57,
  "fields": {
    "content_type": [
      "home",
      "homepage"
    ],
    "label": "New page",
    "action": "wagtail.edit",
    "data": {},
    "timestamp": "2024-07-25T12:44:43.393Z",
    "uuid": "a374d7cd-1a48-4416-a5b1-6f5121afd0e5",
    "user": [
      "admin"
    ],
    "revision": 22,
    "content_changed": true,
    "deleted": false,
    "page": 10
  }
},
{
  "model": "wagtailcore.pagelogentry",
  "pk": 58,
  "fields": {
    "content_type": [
      "home",
      "homepage"
    ],
    "label": "New page",
    "action": "wagtail.publish",
    "data": {},
    "timestamp": "2024-07-25T12:44:43.496Z",
    "uuid": "a374d7cd-1a48-4416-a5b1-6f5121afd0e5",
    "user": [
      "admin"
    ],
    "revision": 22,
    "content_changed": true,
    "deleted": false,
    "page": 10
  }
},
{
  "model": "wagtailcore.pagelogentry",
  "pk": 59,
  "fields": {
    "content_type": [
      "home",
      "homepage"
    ],
    "label": "New page",
    "action": "wagtail.view_restriction.create",
    "data": {
      "restriction": {
        "type": "login",
        "title": "Private, accessible to any logged-in users"
      }
    },
    "timestamp": "2024-07-25T12:45:22.431Z",
    "uuid": "0538f424-fac4-422f-9fda-ed7f3141b36a",
    "user": [
      "admin"
    ],
    "revision": null,
    "content_changed": false,
    "deleted": false,
    "page": 10
  }
},
{
  "model": "wagtailcore.pagelogentry",
  "pk": 60,
  "fields": {
    "content_type": [
      "home",
      "homepage"
    ],
    "label": "New page",
    "action": "wagtail.edit",
    "data": {},
    "timestamp": "2024-07-25T12:45:27.491Z",
    "uuid": "46d302f2-2338-4491-9c48-23d33bc77bc2",
    "user": [
      "admin"
    ],
    "revision": 23,
    "content_changed": true,
    "deleted": false,
    "page": 10
  }
},
{
  "model": "wagtailcore.pagelogentry",
  "pk": 61,
  "fields": {
    "content_type": [
      "home",
      "homepage"
    ],
    "label": "New page",
    "action": "wagtail.publish",
    "data": {},
    "timestamp": "2024-07-25T12:45:27.604Z",
    "uuid": "46d302f2-2338-4491-9c48-23d33bc77bc2",
    "user": [
      "admin"
    ],
    "revision": 23,
    "content_changed": false,
    "deleted": false,
    "page": 10
  }
},
{
  "model": "wagtailcore.groupapprovaltask",
  "pk": 1,
  "fields": {
    "groups": [
      [
        "Moderators"
      ]
    ]
  }
},
{
  "model": "wagtailcore.pageviewrestriction",
  "pk": 1,
  "fields": {
    "restriction_type": "login",
    "password": "",
    "page": 4,
    "groups": []
  }
},
{
  "model": "wagtailcore.pageviewrestriction",
  "pk": 2,
  "fields": {
    "restriction_type": "login",
    "password": "",
    "page": 5,
    "groups": []
  }
},
{
  "model": "wagtailcore.pageviewrestriction",
  "pk": 3,
  "fields": {
    "restriction_type": "login",
    "password": "",
    "page": 7,
    "groups": []
  }
},
{
  "model": "wagtailcore.pageviewrestriction",
  "pk": 4,
  "fields": {
    "restriction_type": "login",
    "password": "",
    "page": 8,
    "groups": []
  }
},
{
  "model": "wagtailcore.pageviewrestriction",
  "pk": 5,
  "fields": {
    "restriction_type": "login",
    "password": "",
    "page": 10,
    "groups": []
  }
},
{
  "model": "wagtailcore.revision",
  "pk": 1,
  "fields": {
    "content_type": [
      "home",
      "homepage"
    ],
    "base_content_type": [
      "wagtailcore",
      "page"
    ],
    "object_id": "3",
    "created_at": "2024-07-15T13:05:14.877Z",
    "user": [
      "admin"
    ],
    "object_str": "Home Page",
    "content": {
      "pk": 3,
      "body": "<p data-block-key=\"h26tv\"></p><embed embedtype=\"image\" format=\"fullwidth\" id=\"1\" alt=\"AFM\"/><p data-block-key=\"93uh3\"></p>",
      "live": true,
      "path": "00010001",
      "slug": "easydmp-home",
      "depth": 2,
      "intro": "easyDMP - Home Page",
      "owner": 1,
      "title": "Home Page",
      "locale": 1,
      "locked": false,
      "expired": false,
      "alias_of": null,
      "numchild": 0,
      "url_path": "/easydmp-home/",
      "expire_at": null,
      "locked_at": null,
      "locked_by": null,
      "seo_title": "",
      "go_live_at": null,
      "draft_title": "Home Page",
      "content_type": 28,
      "live_revision": null,
      "show_in_menus": false,
      "latest_revision": null,
      "translation_key": "92cb4c9f-5884-4d44-849e-529631c84406",
      "last_published_at": null,
      "first_published_at": null,
      "search_description": "",
      "wagtail_admin_comments": [],
      "has_unpublished_changes": false,
      "latest_revision_created_at": null
    },
    "approved_go_live_at": null
  }
},
{
  "model": "wagtailcore.revision",
  "pk": 2,
  "fields": {
    "content_type": [
      "home",
      "homepage"
    ],
    "base_content_type": [
      "wagtailcore",
      "page"
    ],
    "object_id": "3",
    "created_at": "2024-07-15T13:05:37.709Z",
    "user": [
      "admin"
    ],
    "object_str": "Home Page",
    "content": {
      "pk": 3,
      "body": "<p data-block-key=\"h26tv\"></p><embed embedtype=\"image\" format=\"fullwidth\" id=\"1\" alt=\"AFM\"/><p data-block-key=\"93uh3\"></p>",
      "live": true,
      "path": "00010001",
      "slug": "easydmp-home",
      "depth": 2,
      "intro": "easyDMP - Home Page",
      "owner": 1,
      "title": "Home Page",
      "locale": 1,
      "locked": false,
      "expired": false,
      "alias_of": null,
      "numchild": 0,
      "url_path": "/easydmp-home/",
      "expire_at": null,
      "locked_at": null,
      "locked_by": null,
      "seo_title": "",
      "go_live_at": null,
      "draft_title": "Home Page",
      "content_type": 28,
      "live_revision": 1,
      "show_in_menus": false,
      "latest_revision": 1,
      "translation_key": "92cb4c9f-5884-4d44-849e-529631c84406",
      "last_published_at": "2024-07-15T13:05:14.903Z",
      "first_published_at": "2024-07-15T13:05:14.903Z",
      "search_description": "",
      "wagtail_admin_comments": [],
      "has_unpublished_changes": false,
      "latest_revision_created_at": "2024-07-15T13:05:14.877Z"
    },
    "approved_go_live_at": null
  }
},
{
  "model": "wagtailcore.revision",
  "pk": 3,
  "fields": {
    "content_type": [
      "home",
      "homepage"
    ],
    "base_content_type": [
      "wagtailcore",
      "page"
    ],
    "object_id": "3",
    "created_at": "2024-07-15T13:05:48.874Z",
    "user": [
      "admin"
    ],
    "object_str": "Home Page",
    "content": {
      "pk": 3,
      "body": "<p data-block-key=\"h26tv\"></p><embed embedtype=\"image\" format=\"fullwidth\" id=\"1\" alt=\"AFM\"/><p data-block-key=\"93uh3\"></p>",
      "live": true,
      "path": "00010001",
      "slug": "easydmp-home",
      "depth": 2,
      "intro": "easyDMP - Home Page",
      "owner": 1,
      "title": "Home Page",
      "locale": 1,
      "locked": false,
      "expired": false,
      "alias_of": null,
      "numchild": 0,
      "url_path": "/easydmp-home/",
      "expire_at": null,
      "locked_at": null,
      "locked_by": null,
      "seo_title": "",
      "go_live_at": null,
      "draft_title": "Home Page",
      "content_type": 28,
      "live_revision": 2,
      "show_in_menus": false,
      "latest_revision": 2,
      "translation_key": "92cb4c9f-5884-4d44-849e-529631c84406",
      "last_published_at": "2024-07-15T13:05:37.743Z",
      "first_published_at": "2024-07-15T13:05:14.903Z",
      "search_description": "",
      "wagtail_admin_comments": [],
      "has_unpublished_changes": false,
      "latest_revision_created_at": "2024-07-15T13:05:37.709Z"
    },
    "approved_go_live_at": null
  }
},
{
  "model": "wagtailcore.revision",
  "pk": 4,
  "fields": {
    "content_type": [
      "home",
      "switchlabpage"
    ],
    "base_content_type": [
      "wagtailcore",
      "page"
    ],
    "object_id": "4",
    "created_at": "2024-07-15T13:07:52.499Z",
    "user": [
      "admin"
    ],
    "object_str": "Switch Lab",
    "content": {
      "pk": 4,
      "live": true,
      "path": "000100010001",
      "slug": "switch-lab",
      "depth": 3,
      "intro": "",
      "owner": 1,
      "title": "Switch Lab",
      "locale": 1,
      "locked": false,
      "expired": false,
      "alias_of": null,
      "numchild": 0,
      "url_path": "/easydmp-home/switch-lab/",
      "expire_at": null,
      "locked_at": null,
      "locked_by": null,
      "seo_title": "",
      "go_live_at": null,
      "draft_title": "Switch Lab",
      "content_type": 30,
      "live_revision": null,
      "show_in_menus": false,
      "latest_revision": null,
      "translation_key": "7438160a-dbed-4f74-9210-63d322acdd3f",
      "last_published_at": null,
      "first_published_at": null,
      "search_description": "",
      "wagtail_admin_comments": [],
      "has_unpublished_changes": false,
      "latest_revision_created_at": null
    },
    "approved_go_live_at": null
  }
},
{
  "model": "wagtailcore.revision",
  "pk": 5,
  "fields": {
    "content_type": [
      "home",
      "switchlabpage"
    ],
    "base_content_type": [
      "wagtailcore",
      "page"
    ],
    "object_id": "4",
    "created_at": "2024-07-15T13:08:10.155Z",
    "user": [
      "admin"
    ],
    "object_str": "Switch Laboratory",
    "content": {
      "pk": 4,
      "live": true,
      "path": "000100010001",
      "slug": "switch-lab",
      "depth": 3,
      "intro": "",
      "owner": 1,
      "title": "Switch Laboratory",
      "locale": 1,
      "locked": false,
      "expired": false,
      "alias_of": null,
      "numchild": 0,
      "url_path": "/easydmp-home/switch-lab/",
      "expire_at": null,
      "locked_at": null,
      "locked_by": null,
      "seo_title": "",
      "go_live_at": null,
      "draft_title": "Switch Lab",
      "content_type": 30,
      "live_revision": 4,
      "show_in_menus": false,
      "latest_revision": 4,
      "translation_key": "7438160a-dbed-4f74-9210-63d322acdd3f",
      "last_published_at": "2024-07-15T13:07:52.523Z",
      "first_published_at": "2024-07-15T13:07:52.523Z",
      "search_description": "",
      "wagtail_admin_comments": [],
      "has_unpublished_changes": false,
      "latest_revision_created_at": "2024-07-15T13:07:52.499Z"
    },
    "approved_go_live_at": null
  }
},
{
  "model": "wagtailcore.revision",
  "pk": 6,
  "fields": {
    "content_type": [
      "home",
      "switchlabpage"
    ],
    "base_content_type": [
      "wagtailcore",
      "page"
    ],
    "object_id": "4",
    "created_at": "2024-07-15T13:08:29.482Z",
    "user": [
      "admin"
    ],
    "object_str": "Switch Laboratory",
    "content": {
      "pk": 4,
      "live": true,
      "path": "000100010001",
      "slug": "switch-laboratory",
      "depth": 3,
      "intro": "",
      "owner": 1,
      "title": "Switch Laboratory",
      "locale": 1,
      "locked": false,
      "expired": false,
      "alias_of": null,
      "numchild": 0,
      "url_path": "/easydmp-home/switch-lab/",
      "expire_at": null,
      "locked_at": null,
      "locked_by": null,
      "seo_title": "",
      "go_live_at": null,
      "draft_title": "Switch Laboratory",
      "content_type": 30,
      "live_revision": 5,
      "show_in_menus": false,
      "latest_revision": 5,
      "translation_key": "7438160a-dbed-4f74-9210-63d322acdd3f",
      "last_published_at": "2024-07-15T13:08:10.189Z",
      "first_published_at": "2024-07-15T13:07:52.523Z",
      "search_description": "",
      "wagtail_admin_comments": [],
      "has_unpublished_changes": false,
      "latest_revision_created_at": "2024-07-15T13:08:10.155Z"
    },
    "approved_go_live_at": null
  }
},
{
  "model": "wagtailcore.revision",
  "pk": 7,
  "fields": {
    "content_type": [
      "home",
      "sampleentryform"
    ],
    "base_content_type": [
      "wagtailcore",
      "page"
    ],
    "object_id": "5",
    "created_at": "2024-07-15T13:08:58.094Z",
    "user": [
      "admin"
    ],
    "object_str": "Sample Entry",
    "content": {
      "pk": 5,
      "live": true,
      "path": "000100010002",
      "slug": "sample-entry",
      "depth": 3,
      "intro": "",
      "owner": 1,
      "title": "Sample Entry",
      "locale": 1,
      "locked": false,
      "expired": false,
      "alias_of": null,
      "numchild": 0,
      "url_path": "/easydmp-home/sample-entry/",
      "expire_at": null,
      "locked_at": null,
      "locked_by": null,
      "seo_title": "",
      "go_live_at": null,
      "draft_title": "Sample Entry",
      "content_type": 29,
      "live_revision": null,
      "show_in_menus": false,
      "latest_revision": null,
      "translation_key": "5cf1ac1f-f640-457e-9f4d-f03c92547b29",
      "last_published_at": null,
      "first_published_at": null,
      "search_description": "",
      "thankyou_page_title": "Thank you!",
      "wagtail_admin_comments": [],
      "has_unpublished_changes": false,
      "latest_revision_created_at": null
    },
    "approved_go_live_at": null
  }
},
{
  "model": "wagtailcore.revision",
  "pk": 8,
  "fields": {
    "content_type": [
      "home",
      "switchlabpage"
    ],
    "base_content_type": [
      "wagtailcore",
      "page"
    ],
    "object_id": "4",
    "created_at": "2024-07-15T13:12:39.345Z",
    "user": [
      "admin"
    ],
    "object_str": "Switch Laboratory",
    "content": {
      "pk": 4,
      "live": true,
      "path": "000100010001",
      "slug": "switch-laboratory",
      "depth": 3,
      "intro": "",
      "owner": 1,
      "title": "Switch Laboratory",
      "locale": 1,
      "locked": false,
      "expired": false,
      "alias_of": null,
      "numchild": 0,
      "url_path": "/easydmp-home/switch-laboratory/",
      "expire_at": null,
      "locked_at": null,
      "locked_by": null,
      "seo_title": "",
      "go_live_at": null,
      "draft_title": "Switch Laboratory",
      "content_type": 30,
      "live_revision": 6,
      "show_in_menus": false,
      "latest_revision": 6,
      "translation_key": "7438160a-dbed-4f74-9210-63d322acdd3f",
      "last_published_at": "2024-07-15T13:08:29.531Z",
      "first_published_at": "2024-07-15T13:07:52.523Z",
      "search_description": "",
      "wagtail_admin_comments": [],
      "has_unpublished_changes": false,
      "latest_revision_created_at": "2024-07-15T13:08:29.482Z"
    },
    "approved_go_live_at": null
  }
},
{
  "model": "wagtailcore.revision",
  "pk": 9,
  "fields": {
    "content_type": [
      "home",
      "sampleentryform"
    ],
    "base_content_type": [
      "wagtailcore",
      "page"
    ],
    "object_id": "5",
    "created_at": "2024-07-15T13:12:49.737Z",
    "user": [
      "admin"
    ],
    "object_str": "Sample Entry",
    "content": {
      "pk": 5,
      "live": true,
      "path": "000100010002",
      "slug": "sample-entry",
      "depth": 3,
      "intro": "",
      "owner": 1,
      "title": "Sample Entry",
      "locale": 1,
      "locked": false,
      "expired": false,
      "alias_of": null,
      "numchild": 0,
      "url_path": "/easydmp-home/sample-entry/",
      "expire_at": null,
      "locked_at": null,
      "locked_by": null,
      "seo_title": "",
      "go_live_at": null,
      "draft_title": "Sample Entry",
      "content_type": 29,
      "live_revision": 7,
      "show_in_menus": false,
      "latest_revision": 7,
      "translation_key": "5cf1ac1f-f640-457e-9f4d-f03c92547b29",
      "last_published_at": "2024-07-15T13:08:58.115Z",
      "first_published_at": "2024-07-15T13:08:58.115Z",
      "search_description": "",
      "thankyou_page_title": "Thank you!",
      "wagtail_admin_comments": [],
      "has_unpublished_changes": false,
      "latest_revision_created_at": "2024-07-15T13:08:58.094Z"
    },
    "approved_go_live_at": null
  }
},
{
  "model": "wagtailcore.revision",
  "pk": 10,
  "fields": {
    "content_type": [
      "home",
      "sampleentryform"
    ],
    "base_content_type": [
      "wagtailcore",
      "page"
    ],
    "object_id": "5",
    "created_at": "2024-07-15T13:14:04.709Z",
    "user": [
      "admin"
    ],
    "object_str": "Sample Entry",
    "content": {
      "pk": 5,
      "live": true,
      "path": "000100010002",
      "slug": "sample-entry",
      "depth": 3,
      "intro": "",
      "owner": 1,
      "title": "Sample Entry",
      "locale": 1,
      "locked": false,
      "expired": false,
      "alias_of": null,
      "numchild": 0,
      "url_path": "/easydmp-home/sample-entry/",
      "expire_at": null,
      "locked_at": null,
      "locked_by": null,
      "seo_title": "",
      "go_live_at": null,
      "draft_title": "Sample Entry",
      "content_type": 29,
      "live_revision": 9,
      "show_in_menus": true,
      "latest_revision": 9,
      "translation_key": "5cf1ac1f-f640-457e-9f4d-f03c92547b29",
      "last_published_at": "2024-07-15T13:12:49.771Z",
      "first_published_at": "2024-07-15T13:08:58.115Z",
      "search_description": "",
      "thankyou_page_title": "Thank you!",
      "wagtail_admin_comments": [],
      "has_unpublished_changes": false,
      "latest_revision_created_at": "2024-07-15T13:12:49.737Z"
    },
    "approved_go_live_at": null
  }
},
{
  "model": "wagtailcore.revision",
  "pk": 11,
  "fields": {
    "content_type": [
      "home",
      "homepage"
    ],
    "base_content_type": [
      "wagtailcore",
      "page"
    ],
    "object_id": "6",
    "created_at": "2024-07-15T13:20:46.204Z",
    "user": [
      "admin"
    ],
    "object_str": "Pagina pubblica di test",
    "content": {
      "pk": 6,
      "body": "<h2 data-block-key=\"uuo13\">TEST</h2>",
      "live": false,
      "path": "000100010003",
      "slug": "public-page-test",
      "depth": 3,
      "intro": "test",
      "owner": 1,
      "title": "Pagina pubblica di test",
      "locale": 1,
      "locked": false,
      "expired": false,
      "alias_of": null,
      "numchild": 0,
      "url_path": "/easydmp-home/public-page-test/",
      "expire_at": null,
      "locked_at": null,
      "locked_by": null,
      "seo_title": "",
      "go_live_at": null,
      "draft_title": "Pagina pubblica di test",
      "content_type": 28,
      "live_revision": null,
      "show_in_menus": true,
      "latest_revision": null,
      "translation_key": "4b43cdf1-868e-4fd0-ba3f-ee199ea5690a",
      "last_published_at": null,
      "first_published_at": null,
      "search_description": "",
      "wagtail_admin_comments": [],
      "has_unpublished_changes": false,
      "latest_revision_created_at": null
    },
    "approved_go_live_at": null
  }
},
{
  "model": "wagtailcore.revision",
  "pk": 12,
  "fields": {
    "content_type": [
      "home",
      "homepage"
    ],
    "base_content_type": [
      "wagtailcore",
      "page"
    ],
    "object_id": "6",
    "created_at": "2024-07-15T13:21:13.768Z",
    "user": [
      "admin"
    ],
    "object_str": "Pagina pubblica di test",
    "content": {
      "pk": 6,
      "body": "<h2 data-block-key=\"uuo13\">TEST</h2>",
      "live": false,
      "path": "000100010003",
      "slug": "public-page-test",
      "depth": 3,
      "intro": "test",
      "owner": 1,
      "title": "Pagina pubblica di test",
      "locale": 1,
      "locked": false,
      "expired": false,
      "alias_of": null,
      "numchild": 0,
      "url_path": "/easydmp-home/public-page-test/",
      "expire_at": null,
      "locked_at": null,
      "locked_by": null,
      "seo_title": "",
      "go_live_at": null,
      "draft_title": "Pagina pubblica di test",
      "content_type": 28,
      "live_revision": null,
      "show_in_menus": true,
      "latest_revision": 11,
      "translation_key": "4b43cdf1-868e-4fd0-ba3f-ee199ea5690a",
      "last_published_at": null,
      "first_published_at": null,
      "search_description": "",
      "wagtail_admin_comments": [],
      "has_unpublished_changes": true,
      "latest_revision_created_at": "2024-07-15T13:20:46.204Z"
    },
    "approved_go_live_at": null
  }
},
{
  "model": "wagtailcore.revision",
  "pk": 13,
  "fields": {
    "content_type": [
      "home",
      "dmppage"
    ],
    "base_content_type": [
      "wagtailcore",
      "page"
    ],
    "object_id": "7",
    "created_at": "2024-07-17T11:36:43.057Z",
    "user": [
      "admin"
    ],
    "object_str": "Laboratory Data Management Plan",
    "content": {
      "pk": 7,
      "live": true,
      "path": "000100010004",
      "slug": "laboratory-data-management-plan",
      "depth": 3,
      "intro": "<p data-block-key=\"oqhxx\">This page is the fixed data management plan of your laboratory</p>",
      "owner": 1,
      "title": "Laboratory Data Management Plan",
      "locale": 1,
      "locked": false,
      "expired": false,
      "alias_of": null,
      "numchild": 0,
      "url_path": "/easydmp-home/laboratory-data-management-plan/",
      "expire_at": null,
      "locked_at": null,
      "locked_by": null,
      "seo_title": "",
      "go_live_at": null,
      "draft_title": "Laboratory Data Management Plan",
      "content_type": 55,
      "live_revision": null,
      "show_in_menus": true,
      "latest_revision": null,
      "translation_key": "8dbd0b28-3c5e-42d4-a4e4-7b2f89595c42",
      "last_published_at": null,
      "first_published_at": null,
      "search_description": "",
      "thankyou_page_title": "Thank you!",
      "wagtail_admin_comments": [],
      "has_unpublished_changes": false,
      "latest_revision_created_at": null
    },
    "approved_go_live_at": null
  }
},
{
  "model": "wagtailcore.revision",
  "pk": 14,
  "fields": {
    "content_type": [
      "home",
      "dmppage"
    ],
    "base_content_type": [
      "wagtailcore",
      "page"
    ],
    "object_id": "7",
    "created_at": "2024-07-17T11:36:58.175Z",
    "user": [
      "admin"
    ],
    "object_str": "Laboratory Data Management Plan",
    "content": {
      "pk": 7,
      "live": true,
      "path": "000100010004",
      "slug": "laboratory-data-management-plan",
      "depth": 3,
      "intro": "<p data-block-key=\"oqhxx\">This page is the fixed data management plan of your laboratory</p>",
      "owner": 1,
      "title": "Laboratory Data Management Plan",
      "locale": 1,
      "locked": false,
      "expired": false,
      "alias_of": null,
      "numchild": 0,
      "url_path": "/easydmp-home/laboratory-data-management-plan/",
      "expire_at": null,
      "locked_at": null,
      "locked_by": null,
      "seo_title": "",
      "go_live_at": null,
      "draft_title": "Laboratory Data Management Plan",
      "content_type": 55,
      "live_revision": 13,
      "show_in_menus": true,
      "latest_revision": 13,
      "translation_key": "8dbd0b28-3c5e-42d4-a4e4-7b2f89595c42",
      "last_published_at": "2024-07-17T11:36:43.079Z",
      "first_published_at": "2024-07-17T11:36:43.079Z",
      "search_description": "",
      "thankyou_page_title": "Thank you!",
      "wagtail_admin_comments": [],
      "has_unpublished_changes": false,
      "latest_revision_created_at": "2024-07-17T11:36:43.057Z"
    },
    "approved_go_live_at": null
  }
},
{
  "model": "wagtailcore.revision",
  "pk": 15,
  "fields": {
    "content_type": [
      "home",
      "dmppage"
    ],
    "base_content_type": [
      "wagtailcore",
      "page"
    ],
    "object_id": "7",
    "created_at": "2024-07-18T10:41:01.343Z",
    "user": [
      "admin"
    ],
    "object_str": "Laboratory Core Data Management Plan",
    "content": {
      "pk": 7,
      "live": true,
      "path": "000100010004",
      "slug": "laboratory-data-management-plan",
      "depth": 3,
      "intro": "<p data-block-key=\"oqhxx\">This page is the fixed data management plan of your laboratory</p>",
      "owner": 1,
      "title": "Laboratory Core Data Management Plan",
      "locale": 1,
      "locked": false,
      "expired": false,
      "alias_of": null,
      "numchild": 0,
      "url_path": "/easydmp-home/laboratory-data-management-plan/",
      "expire_at": null,
      "locked_at": null,
      "locked_by": null,
      "seo_title": "",
      "go_live_at": null,
      "draft_title": "Laboratory Data Management Plan",
      "content_type": 55,
      "live_revision": 14,
      "show_in_menus": true,
      "latest_revision": 14,
      "translation_key": "8dbd0b28-3c5e-42d4-a4e4-7b2f89595c42",
      "last_published_at": "2024-07-17T11:36:58.210Z",
      "first_published_at": "2024-07-17T11:36:43.079Z",
      "search_description": "",
      "thankyou_page_title": "Thank you!",
      "wagtail_admin_comments": [],
      "has_unpublished_changes": false,
      "latest_revision_created_at": "2024-07-17T11:36:58.175Z"
    },
    "approved_go_live_at": null
  }
},
{
  "model": "wagtailcore.revision",
  "pk": 16,
  "fields": {
    "content_type": [
      "home",
      "dmpsearchpage"
    ],
    "base_content_type": [
      "wagtailcore",
      "page"
    ],
    "object_id": "8",
    "created_at": "2024-07-18T14:25:02.323Z",
    "user": [
      "admin"
    ],
    "object_str": "Search Page",
    "content": {
      "pk": 8,
      "live": true,
      "path": "000100010005",
      "slug": "search-page",
      "depth": 3,
      "intro": "<p data-block-key=\"p7g3e\">Intro Text sample</p>",
      "owner": 1,
      "title": "Search Page",
      "locale": 1,
      "locked": false,
      "expired": false,
      "alias_of": null,
      "numchild": 0,
      "url_path": "/easydmp-home/search-page/",
      "expire_at": null,
      "locked_at": null,
      "locked_by": null,
      "seo_title": "",
      "go_live_at": null,
      "draft_title": "Search Page",
      "content_type": 57,
      "live_revision": null,
      "show_in_menus": false,
      "latest_revision": null,
      "translation_key": "547ca438-03ee-4ede-8da4-3f3699e23e21",
      "last_published_at": null,
      "first_published_at": null,
      "search_description": "",
      "wagtail_admin_comments": [],
      "has_unpublished_changes": false,
      "latest_revision_created_at": null
    },
    "approved_go_live_at": null
  }
},
{
  "model": "wagtailcore.revision",
  "pk": 17,
  "fields": {
    "content_type": [
      "home",
      "dmpsearchpage"
    ],
    "base_content_type": [
      "wagtailcore",
      "page"
    ],
    "object_id": "8",
    "created_at": "2024-07-18T14:25:20.717Z",
    "user": [
      "admin"
    ],
    "object_str": "Search Page",
    "content": {
      "pk": 8,
      "live": true,
      "path": "000100010005",
      "slug": "search-page",
      "depth": 3,
      "intro": "<p data-block-key=\"p7g3e\">Intro Text sample</p>",
      "owner": 1,
      "title": "Search Page",
      "locale": 1,
      "locked": false,
      "expired": false,
      "alias_of": null,
      "numchild": 0,
      "url_path": "/easydmp-home/search-page/",
      "expire_at": null,
      "locked_at": null,
      "locked_by": null,
      "seo_title": "",
      "go_live_at": null,
      "draft_title": "Search Page",
      "content_type": 57,
      "live_revision": 16,
      "show_in_menus": false,
      "latest_revision": 16,
      "translation_key": "547ca438-03ee-4ede-8da4-3f3699e23e21",
      "last_published_at": "2024-07-18T14:25:02.349Z",
      "first_published_at": "2024-07-18T14:25:02.349Z",
      "search_description": "",
      "wagtail_admin_comments": [],
      "has_unpublished_changes": false,
      "latest_revision_created_at": "2024-07-18T14:25:02.323Z"
    },
    "approved_go_live_at": null
  }
},
{
  "model": "wagtailcore.revision",
  "pk": 18,
  "fields": {
    "content_type": [
      "home",
      "dmpsearchpage"
    ],
    "base_content_type": [
      "wagtailcore",
      "page"
    ],
    "object_id": "8",
    "created_at": "2024-07-18T14:25:49.081Z",
    "user": [
      "admin"
    ],
    "object_str": "Search Page",
    "content": {
      "pk": 8,
      "live": true,
      "path": "000100010005",
      "slug": "search-page",
      "depth": 3,
      "intro": "<p data-block-key=\"p7g3e\">Intro Text sample</p>",
      "owner": 1,
      "title": "Search Page",
      "locale": 1,
      "locked": false,
      "expired": false,
      "alias_of": null,
      "numchild": 0,
      "url_path": "/easydmp-home/search-page/",
      "expire_at": null,
      "locked_at": null,
      "locked_by": null,
      "seo_title": "",
      "go_live_at": null,
      "draft_title": "Search Page",
      "content_type": 57,
      "live_revision": 17,
      "show_in_menus": true,
      "latest_revision": 17,
      "translation_key": "547ca438-03ee-4ede-8da4-3f3699e23e21",
      "last_published_at": "2024-07-18T14:25:20.759Z",
      "first_published_at": "2024-07-18T14:25:02.349Z",
      "search_description": "",
      "wagtail_admin_comments": [],
      "has_unpublished_changes": false,
      "latest_revision_created_at": "2024-07-18T14:25:20.717Z"
    },
    "approved_go_live_at": null
  }
},
{
  "model": "wagtailcore.revision",
  "pk": 19,
  "fields": {
    "content_type": [
      "home",
      "dmpviewpage"
    ],
    "base_content_type": [
      "wagtailcore",
      "page"
    ],
    "object_id": "9",
    "created_at": "2024-07-18T14:56:49.169Z",
    "user": [
      "admin"
    ],
    "object_str": "DMP VIEW",
    "content": {
      "pk": 9,
      "live": true,
      "path": "000100010006",
      "slug": "dmp-view",
      "depth": 3,
      "intro": "<p data-block-key=\"ww4w1\">text intro</p>",
      "owner": 1,
      "title": "DMP VIEW",
      "locale": 1,
      "locked": false,
      "expired": false,
      "alias_of": null,
      "numchild": 0,
      "url_path": "/easydmp-home/dmp-view/",
      "expire_at": null,
      "locked_at": null,
      "locked_by": null,
      "seo_title": "",
      "go_live_at": null,
      "draft_title": "DMP VIEW",
      "content_type": 58,
      "live_revision": null,
      "show_in_menus": false,
      "latest_revision": null,
      "translation_key": "869e6704-7128-4cbb-acfa-987d1c5fb83e",
      "last_published_at": null,
      "first_published_at": null,
      "search_description": "",
      "wagtail_admin_comments": [],
      "has_unpublished_changes": false,
      "latest_revision_created_at": null
    },
    "approved_go_live_at": null
  }
},
{
  "model": "wagtailcore.revision",
  "pk": 20,
  "fields": {
    "content_type": [
      "home",
      "homepage"
    ],
    "base_content_type": [
      "wagtailcore",
      "page"
    ],
    "object_id": "3",
    "created_at": "2024-07-25T12:37:56.065Z",
    "user": [
      "admin"
    ],
    "object_str": "Home Page",
    "content": {
      "pk": 3,
      "body": "<p data-block-key=\"h26tv\"></p><embed embedtype=\"image\" format=\"fullwidth\" id=\"1\" alt=\"AFM\"/><p data-block-key=\"93uh3\">Ciao sono il sito principale</p>",
      "live": true,
      "path": "00010001",
      "slug": "easydmp-home",
      "depth": 2,
      "intro": "easyDMP - Home Page",
      "owner": 1,
      "title": "Home Page",
      "locale": 1,
      "locked": false,
      "expired": false,
      "alias_of": null,
      "numchild": 6,
      "url_path": "/easydmp-home/",
      "expire_at": null,
      "locked_at": null,
      "locked_by": null,
      "seo_title": "",
      "go_live_at": null,
      "draft_title": "Home Page",
      "content_type": 3,
      "live_revision": 3,
      "show_in_menus": false,
      "latest_revision": 3,
      "translation_key": "92cb4c9f-5884-4d44-849e-529631c84406",
      "last_published_at": "2024-07-15T13:05:48.909Z",
      "first_published_at": "2024-07-15T13:05:14.903Z",
      "search_description": "",
      "wagtail_admin_comments": [],
      "has_unpublished_changes": false,
      "latest_revision_created_at": "2024-07-15T13:05:48.874Z"
    },
    "approved_go_live_at": null
  }
},
{
  "model": "wagtailcore.revision",
  "pk": 21,
  "fields": {
    "content_type": [
      "home",
      "sampleentryform"
    ],
    "base_content_type": [
      "wagtailcore",
      "page"
    ],
    "object_id": "5",
    "created_at": "2024-07-25T12:40:53.826Z",
    "user": [
      "admin"
    ],
    "object_str": "Sample Entry",
    "content": {
      "pk": 5,
      "live": true,
      "path": "000100010002",
      "slug": "sample-entry",
      "depth": 3,
      "intro": "",
      "owner": 1,
      "title": "Sample Entry",
      "locale": 1,
      "locked": false,
      "expired": false,
      "alias_of": null,
      "numchild": 0,
      "url_path": "/easydmp-home/sample-entry/",
      "expire_at": null,
      "locked_at": null,
      "locked_by": null,
      "seo_title": "",
      "go_live_at": null,
      "draft_title": "Sample Entry",
      "content_type": 4,
      "live_revision": 10,
      "show_in_menus": true,
      "latest_revision": 10,
      "translation_key": "5cf1ac1f-f640-457e-9f4d-f03c92547b29",
      "last_published_at": "2024-07-15T13:14:04.752Z",
      "first_published_at": "2024-07-15T13:08:58.115Z",
      "search_description": "",
      "thankyou_page_title": "Thank you!",
      "wagtail_admin_comments": [],
      "has_unpublished_changes": false,
      "latest_revision_created_at": "2024-07-15T13:14:04.709Z"
    },
    "approved_go_live_at": null
  }
},
{
  "model": "wagtailcore.revision",
  "pk": 22,
  "fields": {
    "content_type": [
      "home",
      "homepage"
    ],
    "base_content_type": [
      "wagtailcore",
      "page"
    ],
    "object_id": "10",
    "created_at": "2024-07-25T12:44:43.361Z",
    "user": [
      "admin"
    ],
    "object_str": "New page",
    "content": {
      "pk": 10,
      "body": "<h2 data-block-key=\"50jd2\">CiAO</h2><p data-block-key=\"57rpf\"><a linktype=\"page\" id=\"3\">Home Page</a></p><embed embedtype=\"image\" format=\"left\" id=\"4\" alt=\"logo_prp_pathogen_ri\"/><p data-block-key=\"99crj\"></p>",
      "live": true,
      "path": "000100010007",
      "slug": "new-page",
      "depth": 3,
      "intro": "This is a new page",
      "owner": 1,
      "title": "New page",
      "locale": 1,
      "locked": false,
      "expired": false,
      "alias_of": null,
      "numchild": 0,
      "url_path": "/easydmp-home/new-page/",
      "expire_at": null,
      "locked_at": null,
      "locked_by": null,
      "seo_title": "",
      "go_live_at": null,
      "draft_title": "New page",
      "content_type": 3,
      "live_revision": null,
      "show_in_menus": true,
      "latest_revision": null,
      "translation_key": "2f708e4a-6f25-4f2e-ac06-f8dd384118cf",
      "last_published_at": null,
      "first_published_at": null,
      "search_description": "",
      "wagtail_admin_comments": [],
      "has_unpublished_changes": false,
      "latest_revision_created_at": null
    },
    "approved_go_live_at": null
  }
},
{
  "model": "wagtailcore.revision",
  "pk": 23,
  "fields": {
    "content_type": [
      "home",
      "homepage"
    ],
    "base_content_type": [
      "wagtailcore",
      "page"
    ],
    "object_id": "10",
    "created_at": "2024-07-25T12:45:27.456Z",
    "user": [
      "admin"
    ],
    "object_str": "New page",
    "content": {
      "pk": 10,
      "body": "<h2 data-block-key=\"50jd2\">CiAO</h2><p data-block-key=\"57rpf\"><a linktype=\"page\" id=\"3\">Home Page</a></p><embed embedtype=\"image\" format=\"left\" id=\"4\" alt=\"logo_prp_pathogen_ri\"/><p data-block-key=\"99crj\"></p>",
      "live": true,
      "path": "000100010007",
      "slug": "new-page",
      "depth": 3,
      "intro": "This is a new page",
      "owner": 1,
      "title": "New page",
      "locale": 1,
      "locked": false,
      "expired": false,
      "alias_of": null,
      "numchild": 0,
      "url_path": "/easydmp-home/new-page/",
      "expire_at": null,
      "locked_at": null,
      "locked_by": null,
      "seo_title": "",
      "go_live_at": null,
      "draft_title": "New page",
      "content_type": 3,
      "live_revision": 22,
      "show_in_menus": true,
      "latest_revision": 22,
      "translation_key": "2f708e4a-6f25-4f2e-ac06-f8dd384118cf",
      "last_published_at": "2024-07-25T12:44:43.420Z",
      "first_published_at": "2024-07-25T12:44:43.420Z",
      "search_description": "",
      "wagtail_admin_comments": [],
      "has_unpublished_changes": false,
      "latest_revision_created_at": "2024-07-25T12:44:43.361Z"
    },
    "approved_go_live_at": null
  }
},
{
  "model": "wagtailcore.page",
  "pk": 1,
  "fields": {
    "path": "0001",
    "depth": 1,
    "numchild": 1,
    "translation_key": "c68dcccf-a5ca-4443-9533-cda24d72ecfb",
    "locale": 1,
    "latest_revision": null,
    "live": true,
    "has_unpublished_changes": false,
    "first_published_at": null,
    "last_published_at": null,
    "live_revision": null,
    "go_live_at": null,
    "expire_at": null,
    "expired": false,
    "locked": false,
    "locked_at": null,
    "locked_by": null,
    "title": "Root",
    "draft_title": "Root",
    "slug": "root",
    "content_type": [
      "wagtailcore",
      "page"
    ],
    "url_path": "/",
    "owner": null,
    "seo_title": "",
    "show_in_menus": false,
    "search_description": "",
    "latest_revision_created_at": null,
    "alias_of": null
  }
},
{
  "model": "wagtailcore.page",
  "pk": 3,
  "fields": {
    "path": "00010001",
    "depth": 2,
    "numchild": 7,
    "translation_key": "92cb4c9f-5884-4d44-849e-529631c84406",
    "locale": 1,
    "latest_revision": 20,
    "live": true,
    "has_unpublished_changes": false,
    "first_published_at": "2024-07-15T13:05:14.903Z",
    "last_published_at": "2024-07-25T12:37:56.160Z",
    "live_revision": 20,
    "go_live_at": null,
    "expire_at": null,
    "expired": false,
    "locked": false,
    "locked_at": null,
    "locked_by": null,
    "title": "Home Page",
    "draft_title": "Home Page",
    "slug": "easydmp-home",
    "content_type": [
      "home",
      "homepage"
    ],
    "url_path": "/easydmp-home/",
    "owner": [
      "admin"
    ],
    "seo_title": "",
    "show_in_menus": false,
    "search_description": "",
    "latest_revision_created_at": "2024-07-25T12:37:56.065Z",
    "alias_of": null
  }
},
{
  "model": "wagtailcore.page",
  "pk": 4,
  "fields": {
    "path": "000100010001",
    "depth": 3,
    "numchild": 0,
    "translation_key": "7438160a-dbed-4f74-9210-63d322acdd3f",
    "locale": 1,
    "latest_revision": 8,
    "live": true,
    "has_unpublished_changes": false,
    "first_published_at": "2024-07-15T13:07:52.523Z",
    "last_published_at": "2024-07-15T13:12:39.386Z",
    "live_revision": 8,
    "go_live_at": null,
    "expire_at": null,
    "expired": false,
    "locked": false,
    "locked_at": null,
    "locked_by": null,
    "title": "Switch Laboratory",
    "draft_title": "Switch Laboratory",
    "slug": "switch-laboratory",
    "content_type": [
      "home",
      "switchlabpage"
    ],
    "url_path": "/easydmp-home/switch-laboratory/",
    "owner": [
      "admin"
    ],
    "seo_title": "",
    "show_in_menus": false,
    "search_description": "",
    "latest_revision_created_at": "2024-07-15T13:12:39.345Z",
    "alias_of": null
  }
},
{
  "model": "wagtailcore.page",
  "pk": 5,
  "fields": {
    "path": "000100010002",
    "depth": 3,
    "numchild": 0,
    "translation_key": "5cf1ac1f-f640-457e-9f4d-f03c92547b29",
    "locale": 1,
    "latest_revision": 21,
    "live": true,
    "has_unpublished_changes": false,
    "first_published_at": "2024-07-15T13:08:58.115Z",
    "last_published_at": "2024-07-25T12:40:53.894Z",
    "live_revision": 21,
    "go_live_at": null,
    "expire_at": null,
    "expired": false,
    "locked": false,
    "locked_at": null,
    "locked_by": null,
    "title": "Sample Entry",
    "draft_title": "Sample Entry",
    "slug": "sample-entry",
    "content_type": [
      "home",
      "sampleentryform"
    ],
    "url_path": "/easydmp-home/sample-entry/",
    "owner": [
      "admin"
    ],
    "seo_title": "",
    "show_in_menus": true,
    "search_description": "",
    "latest_revision_created_at": "2024-07-25T12:40:53.826Z",
    "alias_of": null
  }
},
{
  "model": "wagtailcore.page",
  "pk": 6,
  "fields": {
    "path": "000100010003",
    "depth": 3,
    "numchild": 0,
    "translation_key": "4b43cdf1-868e-4fd0-ba3f-ee199ea5690a",
    "locale": 1,
    "latest_revision": 12,
    "live": true,
    "has_unpublished_changes": false,
    "first_published_at": "2024-07-15T13:21:13.795Z",
    "last_published_at": "2024-07-15T13:21:13.795Z",
    "live_revision": 12,
    "go_live_at": null,
    "expire_at": null,
    "expired": false,
    "locked": false,
    "locked_at": null,
    "locked_by": null,
    "title": "Pagina pubblica di test",
    "draft_title": "Pagina pubblica di test",
    "slug": "public-page-test",
    "content_type": [
      "home",
      "homepage"
    ],
    "url_path": "/easydmp-home/public-page-test/",
    "owner": [
      "admin"
    ],
    "seo_title": "",
    "show_in_menus": true,
    "search_description": "",
    "latest_revision_created_at": "2024-07-15T13:21:13.768Z",
    "alias_of": null
  }
},
{
  "model": "wagtailcore.page",
  "pk": 7,
  "fields": {
    "path": "000100010004",
    "depth": 3,
    "numchild": 0,
    "translation_key": "8dbd0b28-3c5e-42d4-a4e4-7b2f89595c42",
    "locale": 1,
    "latest_revision": 15,
    "live": true,
    "has_unpublished_changes": false,
    "first_published_at": "2024-07-17T11:36:43.079Z",
    "last_published_at": "2024-07-18T10:41:01.414Z",
    "live_revision": 15,
    "go_live_at": null,
    "expire_at": null,
    "expired": false,
    "locked": false,
    "locked_at": null,
    "locked_by": null,
    "title": "Laboratory Core Data Management Plan",
    "draft_title": "Laboratory Core Data Management Plan",
    "slug": "laboratory-data-management-plan",
    "content_type": [
      "home",
      "dmppage"
    ],
    "url_path": "/easydmp-home/laboratory-data-management-plan/",
    "owner": [
      "admin"
    ],
    "seo_title": "",
    "show_in_menus": true,
    "search_description": "",
    "latest_revision_created_at": "2024-07-18T10:41:01.343Z",
    "alias_of": null
  }
},
{
  "model": "wagtailcore.page",
  "pk": 8,
  "fields": {
    "path": "000100010005",
    "depth": 3,
    "numchild": 0,
    "translation_key": "547ca438-03ee-4ede-8da4-3f3699e23e21",
    "locale": 1,
    "latest_revision": 18,
    "live": true,
    "has_unpublished_changes": false,
    "first_published_at": "2024-07-18T14:25:02.349Z",
    "last_published_at": "2024-07-18T14:25:49.113Z",
    "live_revision": 18,
    "go_live_at": null,
    "expire_at": null,
    "expired": false,
    "locked": false,
    "locked_at": null,
    "locked_by": null,
    "title": "Search Page",
    "draft_title": "Search Page",
    "slug": "search-page",
    "content_type": [
      "home",
      "dmpsearchpage"
    ],
    "url_path": "/easydmp-home/search-page/",
    "owner": [
      "admin"
    ],
    "seo_title": "",
    "show_in_menus": true,
    "search_description": "",
    "latest_revision_created_at": "2024-07-18T14:25:49.081Z",
    "alias_of": null
  }
},
{
  "model": "wagtailcore.page",
  "pk": 9,
  "fields": {
    "path": "000100010006",
    "depth": 3,
    "numchild": 0,
    "translation_key": "869e6704-7128-4cbb-acfa-987d1c5fb83e",
    "locale": 1,
    "latest_revision": 19,
    "live": true,
    "has_unpublished_changes": false,
    "first_published_at": "2024-07-18T14:56:49.193Z",
    "last_published_at": "2024-07-18T14:56:49.193Z",
    "live_revision": 19,
    "go_live_at": null,
    "expire_at": null,
    "expired": false,
    "locked": false,
    "locked_at": null,
    "locked_by": null,
    "title": "DMP VIEW",
    "draft_title": "DMP VIEW",
    "slug": "dmp-view",
    "content_type": [
      "home",
      "dmpviewpage"
    ],
    "url_path": "/easydmp-home/dmp-view/",
    "owner": [
      "admin"
    ],
    "seo_title": "",
    "show_in_menus": false,
    "search_description": "",
    "latest_revision_created_at": "2024-07-18T14:56:49.169Z",
    "alias_of": null
  }
},
{
  "model": "wagtailcore.page",
  "pk": 10,
  "fields": {
    "path": "000100010007",
    "depth": 3,
    "numchild": 0,
    "translation_key": "2f708e4a-6f25-4f2e-ac06-f8dd384118cf",
    "locale": 1,
    "latest_revision": 23,
    "live": true,
    "has_unpublished_changes": false,
    "first_published_at": "2024-07-25T12:44:43.420Z",
    "last_published_at": "2024-07-25T12:45:27.524Z",
    "live_revision": 23,
    "go_live_at": null,
    "expire_at": null,
    "expired": false,
    "locked": false,
    "locked_at": null,
    "locked_by": null,
    "title": "New page",
    "draft_title": "New page",
    "slug": "new-page",
    "content_type": [
      "home",
      "homepage"
    ],
    "url_path": "/easydmp-home/new-page/",
    "owner": [
      "admin"
    ],
    "seo_title": "",
    "show_in_menus": true,
    "search_description": "",
    "latest_revision_created_at": "2024-07-25T12:45:27.456Z",
    "alias_of": null
  }
},
{
  "model": "wagtailcore.modellogentry",
  "pk": 1,
  "fields": {
    "content_type": [
      "wagtailcore",
      "site"
    ],
    "label": "easydmp [default]",
    "action": "wagtail.create",
    "data": {},
    "timestamp": "2024-07-15T13:06:17.270Z",
    "uuid": "8684b5c9-d7ef-4be0-9baa-3b383e86e0a8",
    "user": [
      "admin"
    ],
    "revision": null,
    "content_changed": true,
    "deleted": false,
    "object_id": "2"
  }
},
{
  "model": "wagtailcore.modellogentry",
  "pk": 2,
  "fields": {
    "content_type": [
      "home",
      "headersettings"
    ],
    "label": "header settings",
    "action": "wagtail.edit",
    "data": {},
    "timestamp": "2024-07-15T13:07:08.001Z",
    "uuid": "4e70ed7a-ee84-4aa7-a8b6-b809b7891ca4",
    "user": [
      "admin"
    ],
    "revision": null,
    "content_changed": true,
    "deleted": false,
    "object_id": "1"
  }
},
{
  "model": "wagtailcore.modellogentry",
  "pk": 3,
  "fields": {
    "content_type": [
      "auth",
      "user"
    ],
    "label": "test_lage",
    "action": "wagtail.create",
    "data": {},
    "timestamp": "2024-07-15T13:09:46.128Z",
    "uuid": "ae25171b-d3e1-46ca-92db-87166df91756",
    "user": [
      "admin"
    ],
    "revision": null,
    "content_changed": true,
    "deleted": false,
    "object_id": "2"
  }
},
{
  "model": "wagtailcore.modellogentry",
  "pk": 4,
  "fields": {
    "content_type": [
      "auth",
      "group"
    ],
    "label": "LAGE",
    "action": "wagtail.create",
    "data": {},
    "timestamp": "2024-07-15T13:10:35.616Z",
    "uuid": "ba744f59-6f78-4f78-bf31-b7917a2bc7a0",
    "user": [
      "admin"
    ],
    "revision": null,
    "content_changed": true,
    "deleted": false,
    "object_id": "3"
  }
},
{
  "model": "wagtailcore.modellogentry",
  "pk": 5,
  "fields": {
    "content_type": [
      "auth",
      "group"
    ],
    "label": "LAME",
    "action": "wagtail.create",
    "data": {},
    "timestamp": "2024-07-15T13:11:07.642Z",
    "uuid": "4d9a8b26-e9cd-4a5d-8d5c-b274b12d4009",
    "user": [
      "admin"
    ],
    "revision": null,
    "content_changed": true,
    "deleted": false,
    "object_id": "4"
  }
},
{
  "model": "wagtailcore.modellogentry",
  "pk": 6,
  "fields": {
    "content_type": [
      "auth",
      "user"
    ],
    "label": "admin",
    "action": "wagtail.edit",
    "data": {},
    "timestamp": "2024-07-15T13:11:37.529Z",
    "uuid": "7074629e-2ef8-4605-b4de-67ad9c2270d5",
    "user": [
      "admin"
    ],
    "revision": null,
    "content_changed": true,
    "deleted": false,
    "object_id": "1"
  }
},
{
  "model": "wagtailcore.modellogentry",
  "pk": 7,
  "fields": {
    "content_type": [
      "auth",
      "user"
    ],
    "label": "admin",
    "action": "wagtail.edit",
    "data": {},
    "timestamp": "2024-07-15T13:11:59.276Z",
    "uuid": "1376eecb-f9a5-4ca2-b1cc-f388d51e6b2d",
    "user": [
      "admin"
    ],
    "revision": null,
    "content_changed": false,
    "deleted": false,
    "object_id": "1"
  }
},
{
  "model": "wagtailcore.modellogentry",
  "pk": 8,
  "fields": {
    "content_type": [
      "auth",
      "user"
    ],
    "label": "test_lage",
    "action": "wagtail.edit",
    "data": {},
    "timestamp": "2024-07-15T13:12:04.775Z",
    "uuid": "0de9ed1c-2569-4bcb-ba89-c5c1304cda63",
    "user": [
      "admin"
    ],
    "revision": null,
    "content_changed": true,
    "deleted": false,
    "object_id": "2"
  }
},
{
  "model": "wagtailcore.modellogentry",
  "pk": 9,
  "fields": {
    "content_type": [
      "home",
      "footersettings"
    ],
    "label": "footer settings",
    "action": "wagtail.edit",
    "data": {},
    "timestamp": "2024-07-15T13:23:15.707Z",
    "uuid": "8a8a8321-6744-47c2-9664-422460043916",
    "user": [
      "admin"
    ],
    "revision": null,
    "content_changed": true,
    "deleted": false,
    "object_id": "1"
  }
},
{
  "model": "wagtailcore.modellogentry",
  "pk": 10,
  "fields": {
    "content_type": [
      "wagtailcore",
      "site"
    ],
    "label": "easydmp [default]",
    "action": "wagtail.edit",
    "data": {},
    "timestamp": "2024-07-22T08:01:20.445Z",
    "uuid": "fca10a38-58c5-42e6-9e01-e3bd0f4e2492",
    "user": [
      "admin"
    ],
    "revision": null,
    "content_changed": true,
    "deleted": false,
    "object_id": "1"
  }
},
{
  "model": "wagtailcore.modellogentry",
  "pk": 11,
  "fields": {
    "content_type": [
      "auth",
      "user"
    ],
    "label": "admin",
    "action": "wagtail.edit",
    "data": {},
    "timestamp": "2024-07-23T06:59:12.595Z",
    "uuid": "8431c8d0-2bd7-4320-9a5c-d3eb6b296270",
    "user": [
      "admin"
    ],
    "revision": null,
    "content_changed": true,
    "deleted": false,
    "object_id": "1"
  }
},
{
  "model": "wagtailcore.modellogentry",
  "pk": 12,
  "fields": {
    "content_type": [
      "auth",
      "group"
    ],
    "label": "LADE",
    "action": "wagtail.create",
    "data": {},
    "timestamp": "2024-07-25T12:47:27.471Z",
    "uuid": "45c53a33-33a2-447e-8884-4f9f5bcda7df",
    "user": [
      "admin"
    ],
    "revision": null,
    "content_changed": true,
    "deleted": false,
    "object_id": "5"
  }
},
{
  "model": "wagtailcore.modellogentry",
  "pk": 13,
  "fields": {
    "content_type": [
      "auth",
      "user"
    ],
    "label": "vpiompon",
    "action": "wagtail.edit",
    "data": {},
    "timestamp": "2024-07-25T12:48:00.717Z",
    "uuid": "42aac615-e315-4ab7-b66e-8deb2c577426",
    "user": [
      "admin"
    ],
    "revision": null,
    "content_changed": true,
    "deleted": false,
    "object_id": "3"
  }
},
{
  "model": "wagtailcore.modellogentry",
  "pk": 14,
  "fields": {
    "content_type": [
      "auth",
      "user"
    ],
    "label": "vpiompon",
    "action": "wagtail.edit",
    "data": {},
    "timestamp": "2024-07-25T12:48:32.738Z",
    "uuid": "f21276be-e7b2-4e2c-ab76-46cae0e15b1e",
    "user": [
      "admin"
    ],
    "revision": null,
    "content_changed": true,
    "deleted": false,
    "object_id": "3"
  }
},
{
  "model": "wagtailimages.image",
  "pk": 1,
  "fields": {
    "collection": 1,
    "title": "AFM",
    "file": "original_images/AFM.png",
    "width": 462,
    "height": 400,
    "created_at": "2024-07-15T13:04:49.988Z",
    "uploaded_by_user": [
      "admin"
    ],
    "focal_point_x": null,
    "focal_point_y": null,
    "focal_point_width": null,
    "focal_point_height": null,
    "file_size": 278656,
    "file_hash": "72e823c380e6e14dbd72c378219531d044614396"
  }
},
{
  "model": "wagtailimages.image",
  "pk": 2,
  "fields": {
    "collection": 1,
    "title": "PRPLogo_lowRes_inv",
    "file": "original_images/PRPLogo_lowRes_inv.png",
    "width": 718,
    "height": 312,
    "created_at": "2024-07-15T13:07:04.043Z",
    "uploaded_by_user": [
      "admin"
    ],
    "focal_point_x": null,
    "focal_point_y": null,
    "focal_point_width": null,
    "focal_point_height": null,
    "file_size": 84142,
    "file_hash": "eff99bd240743ee63a378f7400263532ea577a43"
  }
},
{
  "model": "wagtailimages.image",
  "pk": 3,
  "fields": {
    "collection": 1,
    "title": "github-142-svgrepo-com.max-165x165",
    "file": "original_images/github-142-svgrepo-com.max-165x165.png",
    "width": 165,
    "height": 165,
    "created_at": "2024-07-15T13:23:13.447Z",
    "uploaded_by_user": [
      "admin"
    ],
    "focal_point_x": null,
    "focal_point_y": null,
    "focal_point_width": null,
    "focal_point_height": null,
    "file_size": 5809,
    "file_hash": "ca0c957416733f4d41b00194aa02845f44bb681a"
  }
},
{
  "model": "wagtailimages.image",
  "pk": 4,
  "fields": {
    "collection": 1,
    "title": "logo_prp_pathogen_ri",
    "file": "original_images/logo_prp_pathogen_ri_NPcDywq.png",
    "width": 201,
    "height": 70,
    "created_at": "2024-07-25T12:43:26.465Z",
    "uploaded_by_user": [
      "admin"
    ],
    "focal_point_x": null,
    "focal_point_y": null,
    "focal_point_width": null,
    "focal_point_height": null,
    "file_size": 7905,
    "file_hash": "fcd6b3e3c4dbb0e1cf29c1dda30040975c16b4cb"
  }
},
{
  "model": "wagtailredirects.redirect",
  "pk": 1,
  "fields": {
    "old_path": "/switch-lab",
    "site": [
      "10.128.8.14",
      8080
    ],
    "is_permanent": true,
    "redirect_page": 4,
    "redirect_page_route_path": "",
    "redirect_link": "",
    "automatically_created": true,
    "created_at": "2024-07-15T13:08:29.579Z"
  }
},
{
  "model": "home.dmpviewpage",
  "pk": 9,
  "fields": {
    "intro": "<p data-block-key=\"ww4w1\">text intro</p>"
  }
},
{
  "model": "home.dmpsearchpage",
  "pk": 8,
  "fields": {
    "intro": "<p data-block-key=\"p7g3e\">Intro Text sample</p>"
  }
},
{
  "model": "home.dmppage",
  "pk": 7,
  "fields": {
    "intro": "<p data-block-key=\"oqhxx\">This page is the fixed data management plan of your laboratory</p>",
    "thankyou_page_title": "Thank you!"
  }
},
{
  "model": "home.switchlabpage",
  "pk": 4,
  "fields": {
    "intro": ""
  }
},
{
  "model": "home.sampleentryform",
  "pk": 5,
  "fields": {
    "intro": "",
    "thankyou_page_title": "Thank you!"
  }
},
{
  "model": "home.homepage",
  "pk": 3,
  "fields": {
    "intro": "easyDMP - Home Page",
    "body": "<p data-block-key=\"h26tv\"></p><embed embedtype=\"image\" format=\"fullwidth\" id=\"1\" alt=\"AFM\"/><p data-block-key=\"93uh3\">Ciao sono il sito principale</p>"
  }
},
{
  "model": "home.homepage",
  "pk": 6,
  "fields": {
    "intro": "test",
    "body": "<h2 data-block-key=\"uuo13\">TEST</h2>"
  }
},
{
  "model": "home.homepage",
  "pk": 10,
  "fields": {
    "intro": "This is a new page",
    "body": "<h2 data-block-key=\"50jd2\">CiAO</h2><p data-block-key=\"57rpf\"><a linktype=\"page\" id=\"3\">Home Page</a></p><embed embedtype=\"image\" format=\"left\" id=\"4\" alt=\"logo_prp_pathogen_ri\"/><p data-block-key=\"99crj\"></p>"
  }
}
]
